solid OpenSCAD_Model
  facet normal 1 0 0
    outer loop
      vertex 6.7 58.4545 24.8141
      vertex 6.7 48.3 25.2
      vertex 6.7 58.4 24.4
    endloop
  endfacet
  facet normal 1 0 0
    outer loop
      vertex 6.7 58.6144 25.2
      vertex 6.7 48.3 25.2
      vertex 6.7 58.4545 24.8141
    endloop
  endfacet
  facet normal 1 0 0
    outer loop
      vertex 6.7 61.5455 23.9859
      vertex 6.7 146.9 25.2
      vertex 6.7 61.6 24.4
    endloop
  endfacet
  facet normal 1 0 0
    outer loop
      vertex 6.7 146.9 25.2
      vertex 6.7 61.5455 24.8141
      vertex 6.7 61.6 24.4
    endloop
  endfacet
  facet normal 1 0 0
    outer loop
      vertex 6.7 146.9 25.2
      vertex 6.7 61.3856 25.2
      vertex 6.7 61.5455 24.8141
    endloop
  endfacet
  facet normal 1 0 0
    outer loop
      vertex 6.7 146.9 25.2
      vertex 6.7 61.5455 23.9859
      vertex 6.7 146.9 4
    endloop
  endfacet
  facet normal 1 -0 0
    outer loop
      vertex 6.7 61.3856 23.6
      vertex 6.7 146.9 4
      vertex 6.7 61.5455 23.9859
    endloop
  endfacet
  facet normal 1 -0 0
    outer loop
      vertex 6.7 61.1314 23.2686
      vertex 6.7 146.9 4
      vertex 6.7 61.3856 23.6
    endloop
  endfacet
  facet normal 1 0 0
    outer loop
      vertex 6.7 48.3 4
      vertex 6.7 61.1314 23.2686
      vertex 6.7 60.8 23.0144
    endloop
  endfacet
  facet normal 1 0 0
    outer loop
      vertex 6.7 48.3 4
      vertex 6.7 60.8 23.0144
      vertex 6.7 60.4141 22.8545
    endloop
  endfacet
  facet normal 1 0 0
    outer loop
      vertex 6.7 48.3 4
      vertex 6.7 60.4141 22.8545
      vertex 6.7 60 22.8
    endloop
  endfacet
  facet normal 1 0 0
    outer loop
      vertex 6.7 48.3 4
      vertex 6.7 60 22.8
      vertex 6.7 59.5859 22.8545
    endloop
  endfacet
  facet normal 1 0 0
    outer loop
      vertex 6.7 48.3 25.2
      vertex 6.7 58.4545 23.9859
      vertex 6.7 58.4 24.4
    endloop
  endfacet
  facet normal 1 0 0
    outer loop
      vertex 6.7 48.3 25.2
      vertex 6.7 58.6144 23.6
      vertex 6.7 58.4545 23.9859
    endloop
  endfacet
  facet normal 1 0 0
    outer loop
      vertex 6.7 48.3 25.2
      vertex 6.7 58.8686 23.2686
      vertex 6.7 58.6144 23.6
    endloop
  endfacet
  facet normal 1 0 0
    outer loop
      vertex 6.7 48.3 4
      vertex 6.7 58.8686 23.2686
      vertex 6.7 48.3 25.2
    endloop
  endfacet
  facet normal 1 0 0
    outer loop
      vertex 6.7 58.8686 23.2686
      vertex 6.7 48.3 4
      vertex 6.7 59.2 23.0144
    endloop
  endfacet
  facet normal 1 0 0
    outer loop
      vertex 6.7 59.2 23.0144
      vertex 6.7 48.3 4
      vertex 6.7 59.5859 22.8545
    endloop
  endfacet
  facet normal 1 0 0
    outer loop
      vertex 6.7 61.1314 23.2686
      vertex 6.7 48.3 4
      vertex 6.7 146.9 4
    endloop
  endfacet
  facet normal 0 0 0
    outer loop
      vertex 6.7 146.9 4
      vertex 6.7 146.9 25.6
      vertex 6.7 146.9 25.2
    endloop
  endfacet
  facet normal 0 0 1
    outer loop
      vertex 45.4291 39.8358 4
      vertex 52.1376 39.8358 4
      vertex 45.555 40.1019 4
    endloop
  endfacet
  facet normal 0 0 1
    outer loop
      vertex 52.4643 31.1532 4
      vertex 45.7689 29.5441 4
      vertex 45.7833 29.25 4
    endloop
  endfacet
  facet normal 0 0 1
    outer loop
      vertex 52.1376 39.8358 4
      vertex 45.4291 39.8358 4
      vertex 52.2889 39.5833 4
    endloop
  endfacet
  facet normal 0 0 1
    outer loop
      vertex 52.4643 31.1532 4
      vertex 45.7257 29.8353 4
      vertex 45.7689 29.5441 4
    endloop
  endfacet
  facet normal 0 0 1
    outer loop
      vertex 45.2777 39.5833 4
      vertex 52.2889 39.5833 4
      vertex 45.4291 39.8358 4
    endloop
  endfacet
  facet normal 0 0 1
    outer loop
      vertex 52.4643 31.1532 4
      vertex 45.6541 30.1208 4
      vertex 45.7257 29.8353 4
    endloop
  endfacet
  facet normal 0 0 1
    outer loop
      vertex 52.2889 39.5833 4
      vertex 45.2777 39.5833 4
      vertex 52.4643 39.3468 4
    endloop
  endfacet
  facet normal 0 0 1
    outer loop
      vertex 52.4643 31.1532 4
      vertex 45.555 30.3981 4
      vertex 45.6541 30.1208 4
    endloop
  endfacet
  facet normal 0 0 1
    outer loop
      vertex 45.1024 39.3468 4
      vertex 52.4643 39.3468 4
      vertex 45.2777 39.5833 4
    endloop
  endfacet
  facet normal 0 0 1
    outer loop
      vertex 52.4643 31.1532 4
      vertex 45.4291 30.6642 4
      vertex 45.555 30.3981 4
    endloop
  endfacet
  facet normal 0 0 1
    outer loop
      vertex 44.9046 39.1287 4
      vertex 52.4643 39.3468 4
      vertex 45.1024 39.3468 4
    endloop
  endfacet
  facet normal 0 0 1
    outer loop
      vertex 52.4643 31.1532 4
      vertex 45.2777 30.9167 4
      vertex 45.4291 30.6642 4
    endloop
  endfacet
  facet normal 0 0 1
    outer loop
      vertex 52.4643 39.3468 4
      vertex 44.9046 39.1287 4
      vertex 52.4643 31.1532 4
    endloop
  endfacet
  facet normal 0 0 1
    outer loop
      vertex 52.4643 31.1532 4
      vertex 45.1024 31.1532 4
      vertex 45.2777 30.9167 4
    endloop
  endfacet
  facet normal -0 0 1
    outer loop
      vertex 44.9046 31.3713 4
      vertex 52.4643 31.1532 4
      vertex 44.9046 39.1287 4
    endloop
  endfacet
  facet normal 0 0 1
    outer loop
      vertex 52.4643 31.1532 4
      vertex 44.9046 31.3713 4
      vertex 45.1024 31.1532 4
    endloop
  endfacet
  facet normal -0 0 1
    outer loop
      vertex 44.6865 38.931 4
      vertex 44.9046 31.3713 4
      vertex 44.9046 39.1287 4
    endloop
  endfacet
  facet normal 0 0 1
    outer loop
      vertex 44.6865 38.931 4
      vertex 44.6865 31.569 4
      vertex 44.9046 31.3713 4
    endloop
  endfacet
  facet normal -0 0 1
    outer loop
      vertex 44.45 38.7556 4
      vertex 44.6865 31.569 4
      vertex 44.6865 38.931 4
    endloop
  endfacet
  facet normal 0 0 1
    outer loop
      vertex 44.45 38.7556 4
      vertex 44.45 31.7444 4
      vertex 44.6865 31.569 4
    endloop
  endfacet
  facet normal -0 0 1
    outer loop
      vertex 44.1975 38.6042 4
      vertex 44.45 31.7444 4
      vertex 44.45 38.7556 4
    endloop
  endfacet
  facet normal 0 0 1
    outer loop
      vertex 44.1975 38.6042 4
      vertex 44.1975 31.8958 4
      vertex 44.45 31.7444 4
    endloop
  endfacet
  facet normal -0 0 1
    outer loop
      vertex 43.9314 38.4784 4
      vertex 44.1975 31.8958 4
      vertex 44.1975 38.6042 4
    endloop
  endfacet
  facet normal 0 0 1
    outer loop
      vertex 43.9314 38.4784 4
      vertex 43.9314 32.0216 4
      vertex 44.1975 31.8958 4
    endloop
  endfacet
  facet normal -0 0 1
    outer loop
      vertex 43.6542 38.3792 4
      vertex 43.9314 32.0216 4
      vertex 43.9314 38.4784 4
    endloop
  endfacet
  facet normal 0 0 1
    outer loop
      vertex 43.6542 38.3792 4
      vertex 43.6542 32.1208 4
      vertex 43.9314 32.0216 4
    endloop
  endfacet
  facet normal -0 0 1
    outer loop
      vertex 43.3686 38.3076 4
      vertex 43.6542 32.1208 4
      vertex 43.6542 38.3792 4
    endloop
  endfacet
  facet normal 0 0 1
    outer loop
      vertex 43.3686 38.3076 4
      vertex 43.3686 32.1924 4
      vertex 43.6542 32.1208 4
    endloop
  endfacet
  facet normal -0 0 1
    outer loop
      vertex 43.0774 38.2645 4
      vertex 43.3686 32.1924 4
      vertex 43.3686 38.3076 4
    endloop
  endfacet
  facet normal 0 0 1
    outer loop
      vertex 43.0774 38.2645 4
      vertex 43.0774 32.2355 4
      vertex 43.3686 32.1924 4
    endloop
  endfacet
  facet normal -0 0 1
    outer loop
      vertex 42.7833 38.25 4
      vertex 43.0774 32.2355 4
      vertex 43.0774 38.2645 4
    endloop
  endfacet
  facet normal 0 0 1
    outer loop
      vertex 42.7833 38.25 4
      vertex 42.7833 32.25 4
      vertex 43.0774 32.2355 4
    endloop
  endfacet
  facet normal -0 0 1
    outer loop
      vertex 19 38.25 4
      vertex 42.7833 32.25 4
      vertex 42.7833 38.25 4
    endloop
  endfacet
  facet normal 0 0 1
    outer loop
      vertex 19 38.25 4
      vertex 19 32.25 4
      vertex 42.7833 32.25 4
    endloop
  endfacet
  facet normal 0 0 1
    outer loop
      vertex 18.7059 38.2645 4
      vertex 19 32.25 4
      vertex 19 38.25 4
    endloop
  endfacet
  facet normal 0 0 1
    outer loop
      vertex 18.7059 38.2645 4
      vertex 18.7059 32.2355 4
      vertex 19 32.25 4
    endloop
  endfacet
  facet normal 0 0 1
    outer loop
      vertex 18.4147 38.3076 4
      vertex 18.7059 32.2355 4
      vertex 18.7059 38.2645 4
    endloop
  endfacet
  facet normal 0 0 1
    outer loop
      vertex 18.4147 38.3076 4
      vertex 18.4147 32.1924 4
      vertex 18.7059 32.2355 4
    endloop
  endfacet
  facet normal 0 0 1
    outer loop
      vertex 18.1292 38.3792 4
      vertex 18.4147 32.1924 4
      vertex 18.4147 38.3076 4
    endloop
  endfacet
  facet normal 0 0 1
    outer loop
      vertex 18.1292 38.3792 4
      vertex 18.1292 32.1208 4
      vertex 18.4147 32.1924 4
    endloop
  endfacet
  facet normal 0 0 1
    outer loop
      vertex 17.8519 38.4784 4
      vertex 18.1292 32.1208 4
      vertex 18.1292 38.3792 4
    endloop
  endfacet
  facet normal 0 0 1
    outer loop
      vertex 17.8519 38.4784 4
      vertex 17.8519 32.0216 4
      vertex 18.1292 32.1208 4
    endloop
  endfacet
  facet normal 0 0 1
    outer loop
      vertex 17.5858 38.6042 4
      vertex 17.8519 32.0216 4
      vertex 17.8519 38.4784 4
    endloop
  endfacet
  facet normal 0 0 1
    outer loop
      vertex 17.5858 38.6042 4
      vertex 17.5858 31.8958 4
      vertex 17.8519 32.0216 4
    endloop
  endfacet
  facet normal 0 0 1
    outer loop
      vertex 17.3333 38.7556 4
      vertex 17.5858 31.8958 4
      vertex 17.5858 38.6042 4
    endloop
  endfacet
  facet normal 0 0 1
    outer loop
      vertex 17.3333 38.7556 4
      vertex 17.3333 31.7444 4
      vertex 17.5858 31.8958 4
    endloop
  endfacet
  facet normal 0 0 1
    outer loop
      vertex 17.0968 38.931 4
      vertex 17.3333 31.7444 4
      vertex 17.3333 38.7556 4
    endloop
  endfacet
  facet normal 0 0 1
    outer loop
      vertex 17.0968 38.931 4
      vertex 17.0968 31.569 4
      vertex 17.3333 31.7444 4
    endloop
  endfacet
  facet normal 0 0 1
    outer loop
      vertex 16.8787 39.1287 4
      vertex 17.0968 31.569 4
      vertex 17.0968 38.931 4
    endloop
  endfacet
  facet normal 0 0 1
    outer loop
      vertex 16.8787 39.1287 4
      vertex 16.8787 31.3713 4
      vertex 17.0968 31.569 4
    endloop
  endfacet
  facet normal 0 0 1
    outer loop
      vertex 16.681 39.3468 4
      vertex 16.8787 31.3713 4
      vertex 16.8787 39.1287 4
    endloop
  endfacet
  facet normal 0 0 1
    outer loop
      vertex 16.681 39.3468 4
      vertex 16.681 31.1532 4
      vertex 16.8787 31.3713 4
    endloop
  endfacet
  facet normal 0 0 1
    outer loop
      vertex 16.5056 39.5833 4
      vertex 16.681 31.1532 4
      vertex 16.681 39.3468 4
    endloop
  endfacet
  facet normal 0 0 1
    outer loop
      vertex 16.5056 39.5833 4
      vertex 16.5056 30.9167 4
      vertex 16.681 31.1532 4
    endloop
  endfacet
  facet normal 0 0 1
    outer loop
      vertex 16.3542 39.8358 4
      vertex 16.5056 30.9167 4
      vertex 16.5056 39.5833 4
    endloop
  endfacet
  facet normal 0 0 1
    outer loop
      vertex 16.3542 39.8358 4
      vertex 16.3542 30.6642 4
      vertex 16.5056 30.9167 4
    endloop
  endfacet
  facet normal 0 0 1
    outer loop
      vertex 16.2284 40.1019 4
      vertex 16.3542 30.6642 4
      vertex 16.3542 39.8358 4
    endloop
  endfacet
  facet normal 0 0 1
    outer loop
      vertex 16.2284 40.1019 4
      vertex 16.2284 30.3981 4
      vertex 16.3542 30.6642 4
    endloop
  endfacet
  facet normal 0 0 1
    outer loop
      vertex 2.3 48.3 4
      vertex 16.2284 40.1019 4
      vertex 16.1292 40.3792 4
    endloop
  endfacet
  facet normal 0 0 1
    outer loop
      vertex 16.2284 40.1019 4
      vertex 2.3 48.3 4
      vertex 16.2284 30.3981 4
    endloop
  endfacet
  facet normal 0 0 1
    outer loop
      vertex 6.7 48.3 4
      vertex 16.1292 40.3792 4
      vertex 16.0576 40.6647 4
    endloop
  endfacet
  facet normal 0 0 1
    outer loop
      vertex 16.2284 30.3981 4
      vertex 2.3 48.3 4
      vertex 16.1292 30.1208 4
    endloop
  endfacet
  facet normal 0 0 1
    outer loop
      vertex 6.7 48.3 4
      vertex 16.0576 40.6647 4
      vertex 16.0145 40.9559 4
    endloop
  endfacet
  facet normal 0 0 1
    outer loop
      vertex 16.1292 30.1208 4
      vertex 2.3 48.3 4
      vertex 16.0576 29.8353 4
    endloop
  endfacet
  facet normal 0 0 1
    outer loop
      vertex 6.7 48.3 4
      vertex 16.0145 40.9559 4
      vertex 16 41.25 4
    endloop
  endfacet
  facet normal 0 0 1
    outer loop
      vertex 16.0576 29.8353 4
      vertex 2.3 48.3 4
      vertex 16.0145 29.5441 4
    endloop
  endfacet
  facet normal 0 0 1
    outer loop
      vertex 45.4291 62.0858 4
      vertex 52.1376 62.0858 4
      vertex 45.555 62.3519 4
    endloop
  endfacet
  facet normal 0 0 1
    outer loop
      vertex 52.4643 53.4032 4
      vertex 45.7689 51.7941 4
      vertex 45.7833 51.5 4
    endloop
  endfacet
  facet normal 0 0 1
    outer loop
      vertex 52.1376 62.0858 4
      vertex 45.4291 62.0858 4
      vertex 52.2889 61.8333 4
    endloop
  endfacet
  facet normal 0 0 1
    outer loop
      vertex 52.4643 53.4032 4
      vertex 45.7257 52.0853 4
      vertex 45.7689 51.7941 4
    endloop
  endfacet
  facet normal 0 0 1
    outer loop
      vertex 45.2777 61.8333 4
      vertex 52.2889 61.8333 4
      vertex 45.4291 62.0858 4
    endloop
  endfacet
  facet normal 0 0 1
    outer loop
      vertex 52.4643 53.4032 4
      vertex 45.6541 52.3708 4
      vertex 45.7257 52.0853 4
    endloop
  endfacet
  facet normal 0 0 1
    outer loop
      vertex 52.2889 61.8333 4
      vertex 45.2777 61.8333 4
      vertex 52.4643 61.5968 4
    endloop
  endfacet
  facet normal 0 0 1
    outer loop
      vertex 52.4643 53.4032 4
      vertex 45.555 52.6481 4
      vertex 45.6541 52.3708 4
    endloop
  endfacet
  facet normal 0 0 1
    outer loop
      vertex 45.1024 61.5968 4
      vertex 52.4643 61.5968 4
      vertex 45.2777 61.8333 4
    endloop
  endfacet
  facet normal 0 0 1
    outer loop
      vertex 52.4643 53.4032 4
      vertex 45.4291 52.9142 4
      vertex 45.555 52.6481 4
    endloop
  endfacet
  facet normal 0 0 1
    outer loop
      vertex 44.9046 61.3787 4
      vertex 52.4643 61.5968 4
      vertex 45.1024 61.5968 4
    endloop
  endfacet
  facet normal 0 0 1
    outer loop
      vertex 52.4643 53.4032 4
      vertex 45.2777 53.1667 4
      vertex 45.4291 52.9142 4
    endloop
  endfacet
  facet normal 0 0 1
    outer loop
      vertex 52.4643 61.5968 4
      vertex 44.9046 61.3787 4
      vertex 52.4643 53.4032 4
    endloop
  endfacet
  facet normal 0 0 1
    outer loop
      vertex 52.4643 53.4032 4
      vertex 45.1024 53.4032 4
      vertex 45.2777 53.1667 4
    endloop
  endfacet
  facet normal -0 0 1
    outer loop
      vertex 44.9046 53.6213 4
      vertex 52.4643 53.4032 4
      vertex 44.9046 61.3787 4
    endloop
  endfacet
  facet normal 0 0 1
    outer loop
      vertex 52.4643 53.4032 4
      vertex 44.9046 53.6213 4
      vertex 45.1024 53.4032 4
    endloop
  endfacet
  facet normal -0 0 1
    outer loop
      vertex 44.6865 61.181 4
      vertex 44.9046 53.6213 4
      vertex 44.9046 61.3787 4
    endloop
  endfacet
  facet normal 0 0 1
    outer loop
      vertex 44.6865 61.181 4
      vertex 44.6865 53.819 4
      vertex 44.9046 53.6213 4
    endloop
  endfacet
  facet normal -0 0 1
    outer loop
      vertex 44.45 61.0056 4
      vertex 44.6865 53.819 4
      vertex 44.6865 61.181 4
    endloop
  endfacet
  facet normal 0 0 1
    outer loop
      vertex 44.45 61.0056 4
      vertex 44.45 53.9944 4
      vertex 44.6865 53.819 4
    endloop
  endfacet
  facet normal -0 0 1
    outer loop
      vertex 44.1975 60.8542 4
      vertex 44.45 53.9944 4
      vertex 44.45 61.0056 4
    endloop
  endfacet
  facet normal 0 0 1
    outer loop
      vertex 44.1975 60.8542 4
      vertex 44.1975 54.1458 4
      vertex 44.45 53.9944 4
    endloop
  endfacet
  facet normal -0 0 1
    outer loop
      vertex 43.9314 60.7284 4
      vertex 44.1975 54.1458 4
      vertex 44.1975 60.8542 4
    endloop
  endfacet
  facet normal 0 0 1
    outer loop
      vertex 43.9314 60.7284 4
      vertex 43.9314 54.2716 4
      vertex 44.1975 54.1458 4
    endloop
  endfacet
  facet normal -0 0 1
    outer loop
      vertex 43.6542 60.6292 4
      vertex 43.9314 54.2716 4
      vertex 43.9314 60.7284 4
    endloop
  endfacet
  facet normal 0 0 1
    outer loop
      vertex 43.6542 60.6292 4
      vertex 43.6542 54.3708 4
      vertex 43.9314 54.2716 4
    endloop
  endfacet
  facet normal -0 0 1
    outer loop
      vertex 43.3686 60.5576 4
      vertex 43.6542 54.3708 4
      vertex 43.6542 60.6292 4
    endloop
  endfacet
  facet normal 0 0 1
    outer loop
      vertex 43.3686 60.5576 4
      vertex 43.3686 54.4424 4
      vertex 43.6542 54.3708 4
    endloop
  endfacet
  facet normal -0 0 1
    outer loop
      vertex 43.0774 60.5145 4
      vertex 43.3686 54.4424 4
      vertex 43.3686 60.5576 4
    endloop
  endfacet
  facet normal 0 0 1
    outer loop
      vertex 43.0774 60.5145 4
      vertex 43.0774 54.4855 4
      vertex 43.3686 54.4424 4
    endloop
  endfacet
  facet normal -0 0 1
    outer loop
      vertex 42.7833 60.5 4
      vertex 43.0774 54.4855 4
      vertex 43.0774 60.5145 4
    endloop
  endfacet
  facet normal 0 0 1
    outer loop
      vertex 42.7833 60.5 4
      vertex 42.7833 54.5 4
      vertex 43.0774 54.4855 4
    endloop
  endfacet
  facet normal -0 0 1
    outer loop
      vertex 19 60.5 4
      vertex 42.7833 54.5 4
      vertex 42.7833 60.5 4
    endloop
  endfacet
  facet normal 0 0 1
    outer loop
      vertex 19 60.5 4
      vertex 19 54.5 4
      vertex 42.7833 54.5 4
    endloop
  endfacet
  facet normal 0 0 1
    outer loop
      vertex 18.7059 60.5145 4
      vertex 19 54.5 4
      vertex 19 60.5 4
    endloop
  endfacet
  facet normal 0 0 1
    outer loop
      vertex 18.7059 60.5145 4
      vertex 18.7059 54.4855 4
      vertex 19 54.5 4
    endloop
  endfacet
  facet normal 0 0 1
    outer loop
      vertex 18.4147 60.5576 4
      vertex 18.7059 54.4855 4
      vertex 18.7059 60.5145 4
    endloop
  endfacet
  facet normal 0 0 1
    outer loop
      vertex 18.4147 60.5576 4
      vertex 18.4147 54.4424 4
      vertex 18.7059 54.4855 4
    endloop
  endfacet
  facet normal 0 0 1
    outer loop
      vertex 18.1292 60.6292 4
      vertex 18.4147 54.4424 4
      vertex 18.4147 60.5576 4
    endloop
  endfacet
  facet normal 0 0 1
    outer loop
      vertex 18.1292 60.6292 4
      vertex 18.1292 54.3708 4
      vertex 18.4147 54.4424 4
    endloop
  endfacet
  facet normal 0 0 1
    outer loop
      vertex 17.8519 60.7284 4
      vertex 18.1292 54.3708 4
      vertex 18.1292 60.6292 4
    endloop
  endfacet
  facet normal 0 0 1
    outer loop
      vertex 17.8519 60.7284 4
      vertex 17.8519 54.2716 4
      vertex 18.1292 54.3708 4
    endloop
  endfacet
  facet normal 0 0 1
    outer loop
      vertex 17.5858 60.8542 4
      vertex 17.8519 54.2716 4
      vertex 17.8519 60.7284 4
    endloop
  endfacet
  facet normal 0 0 1
    outer loop
      vertex 17.5858 60.8542 4
      vertex 17.5858 54.1458 4
      vertex 17.8519 54.2716 4
    endloop
  endfacet
  facet normal 0 0 1
    outer loop
      vertex 17.3333 61.0056 4
      vertex 17.5858 54.1458 4
      vertex 17.5858 60.8542 4
    endloop
  endfacet
  facet normal 0 0 1
    outer loop
      vertex 17.3333 61.0056 4
      vertex 17.3333 53.9944 4
      vertex 17.5858 54.1458 4
    endloop
  endfacet
  facet normal 0 0 1
    outer loop
      vertex 17.0968 61.181 4
      vertex 17.3333 53.9944 4
      vertex 17.3333 61.0056 4
    endloop
  endfacet
  facet normal 0 0 1
    outer loop
      vertex 17.0968 61.181 4
      vertex 17.0968 53.819 4
      vertex 17.3333 53.9944 4
    endloop
  endfacet
  facet normal 0 0 1
    outer loop
      vertex 16.8787 61.3787 4
      vertex 17.0968 53.819 4
      vertex 17.0968 61.181 4
    endloop
  endfacet
  facet normal 0 0 1
    outer loop
      vertex 16.8787 61.3787 4
      vertex 16.8787 53.6213 4
      vertex 17.0968 53.819 4
    endloop
  endfacet
  facet normal 0 0 1
    outer loop
      vertex 16.681 61.5968 4
      vertex 16.8787 53.6213 4
      vertex 16.8787 61.3787 4
    endloop
  endfacet
  facet normal 0 0 1
    outer loop
      vertex 16.681 61.5968 4
      vertex 16.681 53.4032 4
      vertex 16.8787 53.6213 4
    endloop
  endfacet
  facet normal 0 0 1
    outer loop
      vertex 16.5056 61.8333 4
      vertex 16.681 53.4032 4
      vertex 16.681 61.5968 4
    endloop
  endfacet
  facet normal 0 0 1
    outer loop
      vertex 16.5056 61.8333 4
      vertex 16.5056 53.1667 4
      vertex 16.681 53.4032 4
    endloop
  endfacet
  facet normal 0 0 1
    outer loop
      vertex 16.3542 62.0858 4
      vertex 16.5056 53.1667 4
      vertex 16.5056 61.8333 4
    endloop
  endfacet
  facet normal 0 0 1
    outer loop
      vertex 16.3542 62.0858 4
      vertex 16.3542 52.9142 4
      vertex 16.5056 53.1667 4
    endloop
  endfacet
  facet normal 0 0 1
    outer loop
      vertex 6.7 48.3 4
      vertex 16.3542 62.0858 4
      vertex 16.2284 62.3519 4
    endloop
  endfacet
  facet normal 0 0 1
    outer loop
      vertex 16.3542 62.0858 4
      vertex 6.7 48.3 4
      vertex 16.3542 52.9142 4
    endloop
  endfacet
  facet normal 0 0 1
    outer loop
      vertex 6.7 48.3 4
      vertex 16.2284 62.3519 4
      vertex 16.1292 62.6292 4
    endloop
  endfacet
  facet normal 0 0 1
    outer loop
      vertex 16.3542 52.9142 4
      vertex 6.7 48.3 4
      vertex 16.2284 52.6481 4
    endloop
  endfacet
  facet normal 0 0 1
    outer loop
      vertex 6.7 48.3 4
      vertex 16.1292 62.6292 4
      vertex 16.0576 62.9147 4
    endloop
  endfacet
  facet normal 0 0 1
    outer loop
      vertex 16.2284 52.6481 4
      vertex 6.7 48.3 4
      vertex 16.1292 52.3708 4
    endloop
  endfacet
  facet normal 0 0 1
    outer loop
      vertex 6.7 48.3 4
      vertex 16.0576 62.9147 4
      vertex 16.0145 63.2059 4
    endloop
  endfacet
  facet normal 0 0 1
    outer loop
      vertex 16.1292 52.3708 4
      vertex 6.7 48.3 4
      vertex 16.0576 52.0853 4
    endloop
  endfacet
  facet normal 0 0 1
    outer loop
      vertex 6.7 48.3 4
      vertex 16.0145 63.2059 4
      vertex 16 63.5 4
    endloop
  endfacet
  facet normal 0 0 1
    outer loop
      vertex 16.0576 52.0853 4
      vertex 6.7 48.3 4
      vertex 16.0145 51.7941 4
    endloop
  endfacet
  facet normal 0 0 1
    outer loop
      vertex 45.4291 84.3358 4
      vertex 52.1376 84.3358 4
      vertex 45.555 84.6019 4
    endloop
  endfacet
  facet normal 0 0 1
    outer loop
      vertex 52.4643 75.6532 4
      vertex 45.7689 74.0441 4
      vertex 45.7833 73.75 4
    endloop
  endfacet
  facet normal 0 0 1
    outer loop
      vertex 52.1376 84.3358 4
      vertex 45.4291 84.3358 4
      vertex 52.2889 84.0833 4
    endloop
  endfacet
  facet normal 0 0 1
    outer loop
      vertex 52.4643 75.6532 4
      vertex 45.7257 74.3353 4
      vertex 45.7689 74.0441 4
    endloop
  endfacet
  facet normal 0 0 1
    outer loop
      vertex 45.2777 84.0833 4
      vertex 52.2889 84.0833 4
      vertex 45.4291 84.3358 4
    endloop
  endfacet
  facet normal 0 0 1
    outer loop
      vertex 52.4643 75.6532 4
      vertex 45.6541 74.6208 4
      vertex 45.7257 74.3353 4
    endloop
  endfacet
  facet normal 0 0 1
    outer loop
      vertex 52.2889 84.0833 4
      vertex 45.2777 84.0833 4
      vertex 52.4643 83.8468 4
    endloop
  endfacet
  facet normal 0 0 1
    outer loop
      vertex 52.4643 75.6532 4
      vertex 45.555 74.8981 4
      vertex 45.6541 74.6208 4
    endloop
  endfacet
  facet normal 0 0 1
    outer loop
      vertex 45.1024 83.8468 4
      vertex 52.4643 83.8468 4
      vertex 45.2777 84.0833 4
    endloop
  endfacet
  facet normal 0 0 1
    outer loop
      vertex 52.4643 75.6532 4
      vertex 45.4291 75.1642 4
      vertex 45.555 74.8981 4
    endloop
  endfacet
  facet normal 0 0 1
    outer loop
      vertex 44.9046 83.6287 4
      vertex 52.4643 83.8468 4
      vertex 45.1024 83.8468 4
    endloop
  endfacet
  facet normal 0 0 1
    outer loop
      vertex 52.4643 75.6532 4
      vertex 45.2777 75.4167 4
      vertex 45.4291 75.1642 4
    endloop
  endfacet
  facet normal 0 0 1
    outer loop
      vertex 52.4643 83.8468 4
      vertex 44.9046 83.6287 4
      vertex 52.4643 75.6532 4
    endloop
  endfacet
  facet normal 0 0 1
    outer loop
      vertex 52.4643 75.6532 4
      vertex 45.1024 75.6532 4
      vertex 45.2777 75.4167 4
    endloop
  endfacet
  facet normal -0 0 1
    outer loop
      vertex 44.9046 75.8713 4
      vertex 52.4643 75.6532 4
      vertex 44.9046 83.6287 4
    endloop
  endfacet
  facet normal 0 0 1
    outer loop
      vertex 52.4643 75.6532 4
      vertex 44.9046 75.8713 4
      vertex 45.1024 75.6532 4
    endloop
  endfacet
  facet normal -0 0 1
    outer loop
      vertex 44.6865 83.431 4
      vertex 44.9046 75.8713 4
      vertex 44.9046 83.6287 4
    endloop
  endfacet
  facet normal 0 0 1
    outer loop
      vertex 44.6865 83.431 4
      vertex 44.6865 76.069 4
      vertex 44.9046 75.8713 4
    endloop
  endfacet
  facet normal -0 0 1
    outer loop
      vertex 44.45 83.2556 4
      vertex 44.6865 76.069 4
      vertex 44.6865 83.431 4
    endloop
  endfacet
  facet normal 0 0 1
    outer loop
      vertex 44.45 83.2556 4
      vertex 44.45 76.2444 4
      vertex 44.6865 76.069 4
    endloop
  endfacet
  facet normal -0 0 1
    outer loop
      vertex 44.1975 83.1042 4
      vertex 44.45 76.2444 4
      vertex 44.45 83.2556 4
    endloop
  endfacet
  facet normal 0 0 1
    outer loop
      vertex 44.1975 83.1042 4
      vertex 44.1975 76.3958 4
      vertex 44.45 76.2444 4
    endloop
  endfacet
  facet normal -0 0 1
    outer loop
      vertex 43.9314 82.9784 4
      vertex 44.1975 76.3958 4
      vertex 44.1975 83.1042 4
    endloop
  endfacet
  facet normal 0 0 1
    outer loop
      vertex 43.9314 82.9784 4
      vertex 43.9314 76.5216 4
      vertex 44.1975 76.3958 4
    endloop
  endfacet
  facet normal -0 0 1
    outer loop
      vertex 43.6542 82.8792 4
      vertex 43.9314 76.5216 4
      vertex 43.9314 82.9784 4
    endloop
  endfacet
  facet normal 0 0 1
    outer loop
      vertex 43.6542 82.8792 4
      vertex 43.6542 76.6208 4
      vertex 43.9314 76.5216 4
    endloop
  endfacet
  facet normal -0 0 1
    outer loop
      vertex 43.3686 82.8076 4
      vertex 43.6542 76.6208 4
      vertex 43.6542 82.8792 4
    endloop
  endfacet
  facet normal 0 0 1
    outer loop
      vertex 43.3686 82.8076 4
      vertex 43.3686 76.6924 4
      vertex 43.6542 76.6208 4
    endloop
  endfacet
  facet normal -0 0 1
    outer loop
      vertex 43.0774 82.7645 4
      vertex 43.3686 76.6924 4
      vertex 43.3686 82.8076 4
    endloop
  endfacet
  facet normal 0 0 1
    outer loop
      vertex 43.0774 82.7645 4
      vertex 43.0774 76.7355 4
      vertex 43.3686 76.6924 4
    endloop
  endfacet
  facet normal -0 0 1
    outer loop
      vertex 42.7833 82.75 4
      vertex 43.0774 76.7355 4
      vertex 43.0774 82.7645 4
    endloop
  endfacet
  facet normal 0 0 1
    outer loop
      vertex 42.7833 82.75 4
      vertex 42.7833 76.75 4
      vertex 43.0774 76.7355 4
    endloop
  endfacet
  facet normal -0 0 1
    outer loop
      vertex 19 82.75 4
      vertex 42.7833 76.75 4
      vertex 42.7833 82.75 4
    endloop
  endfacet
  facet normal 0 0 1
    outer loop
      vertex 19 82.75 4
      vertex 19 76.75 4
      vertex 42.7833 76.75 4
    endloop
  endfacet
  facet normal 0 0 1
    outer loop
      vertex 18.7059 82.7645 4
      vertex 19 76.75 4
      vertex 19 82.75 4
    endloop
  endfacet
  facet normal 0 0 1
    outer loop
      vertex 18.7059 82.7645 4
      vertex 18.7059 76.7355 4
      vertex 19 76.75 4
    endloop
  endfacet
  facet normal 0 0 1
    outer loop
      vertex 18.4147 82.8076 4
      vertex 18.7059 76.7355 4
      vertex 18.7059 82.7645 4
    endloop
  endfacet
  facet normal 0 0 1
    outer loop
      vertex 18.4147 82.8076 4
      vertex 18.4147 76.6924 4
      vertex 18.7059 76.7355 4
    endloop
  endfacet
  facet normal 0 0 1
    outer loop
      vertex 18.1292 82.8792 4
      vertex 18.4147 76.6924 4
      vertex 18.4147 82.8076 4
    endloop
  endfacet
  facet normal 0 0 1
    outer loop
      vertex 18.1292 82.8792 4
      vertex 18.1292 76.6208 4
      vertex 18.4147 76.6924 4
    endloop
  endfacet
  facet normal 0 0 1
    outer loop
      vertex 17.8519 82.9784 4
      vertex 18.1292 76.6208 4
      vertex 18.1292 82.8792 4
    endloop
  endfacet
  facet normal 0 0 1
    outer loop
      vertex 17.8519 82.9784 4
      vertex 17.8519 76.5216 4
      vertex 18.1292 76.6208 4
    endloop
  endfacet
  facet normal 0 0 1
    outer loop
      vertex 17.5858 83.1042 4
      vertex 17.8519 76.5216 4
      vertex 17.8519 82.9784 4
    endloop
  endfacet
  facet normal 0 0 1
    outer loop
      vertex 17.5858 83.1042 4
      vertex 17.5858 76.3958 4
      vertex 17.8519 76.5216 4
    endloop
  endfacet
  facet normal 0 0 1
    outer loop
      vertex 17.3333 83.2556 4
      vertex 17.5858 76.3958 4
      vertex 17.5858 83.1042 4
    endloop
  endfacet
  facet normal 0 0 1
    outer loop
      vertex 17.3333 83.2556 4
      vertex 17.3333 76.2444 4
      vertex 17.5858 76.3958 4
    endloop
  endfacet
  facet normal 0 0 1
    outer loop
      vertex 17.0968 83.431 4
      vertex 17.3333 76.2444 4
      vertex 17.3333 83.2556 4
    endloop
  endfacet
  facet normal 0 0 1
    outer loop
      vertex 17.0968 83.431 4
      vertex 17.0968 76.069 4
      vertex 17.3333 76.2444 4
    endloop
  endfacet
  facet normal 0 0 1
    outer loop
      vertex 16.8787 83.6287 4
      vertex 17.0968 76.069 4
      vertex 17.0968 83.431 4
    endloop
  endfacet
  facet normal 0 0 1
    outer loop
      vertex 16.8787 83.6287 4
      vertex 16.8787 75.8713 4
      vertex 17.0968 76.069 4
    endloop
  endfacet
  facet normal 0 0 1
    outer loop
      vertex 16.681 83.8468 4
      vertex 16.8787 75.8713 4
      vertex 16.8787 83.6287 4
    endloop
  endfacet
  facet normal 0 0 1
    outer loop
      vertex 16.681 83.8468 4
      vertex 16.681 75.6532 4
      vertex 16.8787 75.8713 4
    endloop
  endfacet
  facet normal 0 0 1
    outer loop
      vertex 16.5056 84.0833 4
      vertex 16.681 75.6532 4
      vertex 16.681 83.8468 4
    endloop
  endfacet
  facet normal 0 0 1
    outer loop
      vertex 16.5056 84.0833 4
      vertex 16.5056 75.4167 4
      vertex 16.681 75.6532 4
    endloop
  endfacet
  facet normal 0 0 1
    outer loop
      vertex 16.3542 84.3358 4
      vertex 16.5056 75.4167 4
      vertex 16.5056 84.0833 4
    endloop
  endfacet
  facet normal 0 0 1
    outer loop
      vertex 16.3542 84.3358 4
      vertex 16.3542 75.1642 4
      vertex 16.5056 75.4167 4
    endloop
  endfacet
  facet normal 0 0 1
    outer loop
      vertex 16.2284 84.6019 4
      vertex 16.3542 75.1642 4
      vertex 16.3542 84.3358 4
    endloop
  endfacet
  facet normal 0 0 1
    outer loop
      vertex 16.2284 84.6019 4
      vertex 16.2284 74.8981 4
      vertex 16.3542 75.1642 4
    endloop
  endfacet
  facet normal 0 0 1
    outer loop
      vertex 16.1292 84.8792 4
      vertex 16.2284 74.8981 4
      vertex 16.2284 84.6019 4
    endloop
  endfacet
  facet normal 0 0 1
    outer loop
      vertex 16.1292 84.8792 4
      vertex 16.1292 74.6208 4
      vertex 16.2284 74.8981 4
    endloop
  endfacet
  facet normal 0 0 1
    outer loop
      vertex 16.0576 85.1647 4
      vertex 16.1292 74.6208 4
      vertex 16.1292 84.8792 4
    endloop
  endfacet
  facet normal 0 0 1
    outer loop
      vertex 16.0576 85.1647 4
      vertex 16.0576 74.3353 4
      vertex 16.1292 74.6208 4
    endloop
  endfacet
  facet normal 0 0 1
    outer loop
      vertex 16.0145 85.4559 4
      vertex 16.0576 74.3353 4
      vertex 16.0576 85.1647 4
    endloop
  endfacet
  facet normal 0 0 1
    outer loop
      vertex 16.0145 85.4559 4
      vertex 16.0145 74.0441 4
      vertex 16.0576 74.3353 4
    endloop
  endfacet
  facet normal 0 0 1
    outer loop
      vertex 6.7 48.3 4
      vertex 16.0145 85.4559 4
      vertex 16 85.75 4
    endloop
  endfacet
  facet normal 0 0 1
    outer loop
      vertex 16.0145 85.4559 4
      vertex 6.7 48.3 4
      vertex 16.0145 74.0441 4
    endloop
  endfacet
  facet normal 0 0 1
    outer loop
      vertex 45.4291 106.586 4
      vertex 52.1376 106.586 4
      vertex 45.555 106.852 4
    endloop
  endfacet
  facet normal 0 0 1
    outer loop
      vertex 52.4643 97.9032 4
      vertex 45.7689 96.2941 4
      vertex 45.7833 96 4
    endloop
  endfacet
  facet normal 0 0 1
    outer loop
      vertex 52.1376 106.586 4
      vertex 45.4291 106.586 4
      vertex 52.2889 106.333 4
    endloop
  endfacet
  facet normal 0 0 1
    outer loop
      vertex 52.4643 97.9032 4
      vertex 45.7257 96.5853 4
      vertex 45.7689 96.2941 4
    endloop
  endfacet
  facet normal 0 0 1
    outer loop
      vertex 45.2777 106.333 4
      vertex 52.2889 106.333 4
      vertex 45.4291 106.586 4
    endloop
  endfacet
  facet normal 0 0 1
    outer loop
      vertex 52.4643 97.9032 4
      vertex 45.6541 96.8708 4
      vertex 45.7257 96.5853 4
    endloop
  endfacet
  facet normal 0 0 1
    outer loop
      vertex 52.2889 106.333 4
      vertex 45.2777 106.333 4
      vertex 52.4643 106.097 4
    endloop
  endfacet
  facet normal 0 0 1
    outer loop
      vertex 52.4643 97.9032 4
      vertex 45.555 97.1481 4
      vertex 45.6541 96.8708 4
    endloop
  endfacet
  facet normal 0 0 1
    outer loop
      vertex 45.1024 106.097 4
      vertex 52.4643 106.097 4
      vertex 45.2777 106.333 4
    endloop
  endfacet
  facet normal 0 0 1
    outer loop
      vertex 52.4643 97.9032 4
      vertex 45.4291 97.4142 4
      vertex 45.555 97.1481 4
    endloop
  endfacet
  facet normal 0 0 1
    outer loop
      vertex 44.9046 105.879 4
      vertex 52.4643 106.097 4
      vertex 45.1024 106.097 4
    endloop
  endfacet
  facet normal 0 0 1
    outer loop
      vertex 52.4643 97.9032 4
      vertex 45.2777 97.6667 4
      vertex 45.4291 97.4142 4
    endloop
  endfacet
  facet normal 0 0 1
    outer loop
      vertex 52.4643 106.097 4
      vertex 44.9046 105.879 4
      vertex 52.4643 97.9032 4
    endloop
  endfacet
  facet normal 0 0 1
    outer loop
      vertex 52.4643 97.9032 4
      vertex 45.1024 97.9032 4
      vertex 45.2777 97.6667 4
    endloop
  endfacet
  facet normal -0 0 1
    outer loop
      vertex 44.9046 98.1213 4
      vertex 52.4643 97.9032 4
      vertex 44.9046 105.879 4
    endloop
  endfacet
  facet normal 0 0 1
    outer loop
      vertex 52.4643 97.9032 4
      vertex 44.9046 98.1213 4
      vertex 45.1024 97.9032 4
    endloop
  endfacet
  facet normal -0 0 1
    outer loop
      vertex 44.6865 105.681 4
      vertex 44.9046 98.1213 4
      vertex 44.9046 105.879 4
    endloop
  endfacet
  facet normal 0 0 1
    outer loop
      vertex 44.6865 105.681 4
      vertex 44.6865 98.319 4
      vertex 44.9046 98.1213 4
    endloop
  endfacet
  facet normal -0 0 1
    outer loop
      vertex 44.45 105.506 4
      vertex 44.6865 98.319 4
      vertex 44.6865 105.681 4
    endloop
  endfacet
  facet normal 0 0 1
    outer loop
      vertex 44.45 105.506 4
      vertex 44.45 98.4944 4
      vertex 44.6865 98.319 4
    endloop
  endfacet
  facet normal -0 0 1
    outer loop
      vertex 44.1975 105.354 4
      vertex 44.45 98.4944 4
      vertex 44.45 105.506 4
    endloop
  endfacet
  facet normal 0 0 1
    outer loop
      vertex 44.1975 105.354 4
      vertex 44.1975 98.6458 4
      vertex 44.45 98.4944 4
    endloop
  endfacet
  facet normal -0 0 1
    outer loop
      vertex 43.9314 105.228 4
      vertex 44.1975 98.6458 4
      vertex 44.1975 105.354 4
    endloop
  endfacet
  facet normal 0 0 1
    outer loop
      vertex 43.9314 105.228 4
      vertex 43.9314 98.7716 4
      vertex 44.1975 98.6458 4
    endloop
  endfacet
  facet normal -0 0 1
    outer loop
      vertex 43.6542 105.129 4
      vertex 43.9314 98.7716 4
      vertex 43.9314 105.228 4
    endloop
  endfacet
  facet normal 0 0 1
    outer loop
      vertex 43.6542 105.129 4
      vertex 43.6542 98.8708 4
      vertex 43.9314 98.7716 4
    endloop
  endfacet
  facet normal -0 0 1
    outer loop
      vertex 43.3686 105.058 4
      vertex 43.6542 98.8708 4
      vertex 43.6542 105.129 4
    endloop
  endfacet
  facet normal 0 0 1
    outer loop
      vertex 43.3686 105.058 4
      vertex 43.3686 98.9424 4
      vertex 43.6542 98.8708 4
    endloop
  endfacet
  facet normal -0 0 1
    outer loop
      vertex 43.0774 105.014 4
      vertex 43.3686 98.9424 4
      vertex 43.3686 105.058 4
    endloop
  endfacet
  facet normal 0 0 1
    outer loop
      vertex 43.0774 105.014 4
      vertex 43.0774 98.9855 4
      vertex 43.3686 98.9424 4
    endloop
  endfacet
  facet normal -0 0 1
    outer loop
      vertex 42.7833 105 4
      vertex 43.0774 98.9855 4
      vertex 43.0774 105.014 4
    endloop
  endfacet
  facet normal 0 0 1
    outer loop
      vertex 42.7833 105 4
      vertex 42.7833 99 4
      vertex 43.0774 98.9855 4
    endloop
  endfacet
  facet normal -0 0 1
    outer loop
      vertex 19 105 4
      vertex 42.7833 99 4
      vertex 42.7833 105 4
    endloop
  endfacet
  facet normal 0 0 1
    outer loop
      vertex 19 105 4
      vertex 19 99 4
      vertex 42.7833 99 4
    endloop
  endfacet
  facet normal 0 0 1
    outer loop
      vertex 18.7059 105.014 4
      vertex 19 99 4
      vertex 19 105 4
    endloop
  endfacet
  facet normal 0 0 1
    outer loop
      vertex 18.7059 105.014 4
      vertex 18.7059 98.9855 4
      vertex 19 99 4
    endloop
  endfacet
  facet normal 0 0 1
    outer loop
      vertex 18.4147 105.058 4
      vertex 18.7059 98.9855 4
      vertex 18.7059 105.014 4
    endloop
  endfacet
  facet normal 0 0 1
    outer loop
      vertex 18.4147 105.058 4
      vertex 18.4147 98.9424 4
      vertex 18.7059 98.9855 4
    endloop
  endfacet
  facet normal 0 0 1
    outer loop
      vertex 18.1292 105.129 4
      vertex 18.4147 98.9424 4
      vertex 18.4147 105.058 4
    endloop
  endfacet
  facet normal 0 0 1
    outer loop
      vertex 18.1292 105.129 4
      vertex 18.1292 98.8708 4
      vertex 18.4147 98.9424 4
    endloop
  endfacet
  facet normal 0 0 1
    outer loop
      vertex 17.8519 105.228 4
      vertex 18.1292 98.8708 4
      vertex 18.1292 105.129 4
    endloop
  endfacet
  facet normal 0 0 1
    outer loop
      vertex 17.8519 105.228 4
      vertex 17.8519 98.7716 4
      vertex 18.1292 98.8708 4
    endloop
  endfacet
  facet normal 0 0 1
    outer loop
      vertex 17.5858 105.354 4
      vertex 17.8519 98.7716 4
      vertex 17.8519 105.228 4
    endloop
  endfacet
  facet normal 0 0 1
    outer loop
      vertex 17.5858 105.354 4
      vertex 17.5858 98.6458 4
      vertex 17.8519 98.7716 4
    endloop
  endfacet
  facet normal 0 0 1
    outer loop
      vertex 17.3333 105.506 4
      vertex 17.5858 98.6458 4
      vertex 17.5858 105.354 4
    endloop
  endfacet
  facet normal 0 0 1
    outer loop
      vertex 17.3333 105.506 4
      vertex 17.3333 98.4944 4
      vertex 17.5858 98.6458 4
    endloop
  endfacet
  facet normal 0 0 1
    outer loop
      vertex 17.0968 105.681 4
      vertex 17.3333 98.4944 4
      vertex 17.3333 105.506 4
    endloop
  endfacet
  facet normal 0 0 1
    outer loop
      vertex 17.0968 105.681 4
      vertex 17.0968 98.319 4
      vertex 17.3333 98.4944 4
    endloop
  endfacet
  facet normal 0 0 1
    outer loop
      vertex 16.8787 105.879 4
      vertex 17.0968 98.319 4
      vertex 17.0968 105.681 4
    endloop
  endfacet
  facet normal 0 0 1
    outer loop
      vertex 16.8787 105.879 4
      vertex 16.8787 98.1213 4
      vertex 17.0968 98.319 4
    endloop
  endfacet
  facet normal 0 0 1
    outer loop
      vertex 16.681 106.097 4
      vertex 16.8787 98.1213 4
      vertex 16.8787 105.879 4
    endloop
  endfacet
  facet normal 0 0 1
    outer loop
      vertex 16.681 106.097 4
      vertex 16.681 97.9032 4
      vertex 16.8787 98.1213 4
    endloop
  endfacet
  facet normal 0 0 1
    outer loop
      vertex 16.5056 106.333 4
      vertex 16.681 97.9032 4
      vertex 16.681 106.097 4
    endloop
  endfacet
  facet normal 0 0 1
    outer loop
      vertex 16.5056 106.333 4
      vertex 16.5056 97.6667 4
      vertex 16.681 97.9032 4
    endloop
  endfacet
  facet normal 0 0 1
    outer loop
      vertex 16.3542 106.586 4
      vertex 16.5056 97.6667 4
      vertex 16.5056 106.333 4
    endloop
  endfacet
  facet normal 0 0 1
    outer loop
      vertex 16.3542 106.586 4
      vertex 16.3542 97.4142 4
      vertex 16.5056 97.6667 4
    endloop
  endfacet
  facet normal 0 0 1
    outer loop
      vertex 16.2284 106.852 4
      vertex 16.3542 97.4142 4
      vertex 16.3542 106.586 4
    endloop
  endfacet
  facet normal 0 0 1
    outer loop
      vertex 16.2284 106.852 4
      vertex 16.2284 97.1481 4
      vertex 16.3542 97.4142 4
    endloop
  endfacet
  facet normal 0 0 1
    outer loop
      vertex 16.1292 107.129 4
      vertex 16.2284 97.1481 4
      vertex 16.2284 106.852 4
    endloop
  endfacet
  facet normal 0 0 1
    outer loop
      vertex 16.1292 107.129 4
      vertex 16.1292 96.8708 4
      vertex 16.2284 97.1481 4
    endloop
  endfacet
  facet normal 0 0 1
    outer loop
      vertex 16.0576 107.415 4
      vertex 16.1292 96.8708 4
      vertex 16.1292 107.129 4
    endloop
  endfacet
  facet normal 0 0 1
    outer loop
      vertex 16.0576 107.415 4
      vertex 16.0576 96.5853 4
      vertex 16.1292 96.8708 4
    endloop
  endfacet
  facet normal 0 0 1
    outer loop
      vertex 16.0145 107.706 4
      vertex 16.0576 96.5853 4
      vertex 16.0576 107.415 4
    endloop
  endfacet
  facet normal 0 0 1
    outer loop
      vertex 16.0145 107.706 4
      vertex 16.0145 96.2941 4
      vertex 16.0576 96.5853 4
    endloop
  endfacet
  facet normal 0 0 1
    outer loop
      vertex 16 108 4
      vertex 16.0145 96.2941 4
      vertex 16.0145 107.706 4
    endloop
  endfacet
  facet normal 0 0 1
    outer loop
      vertex 16.0145 96.2941 4
      vertex 16 108 4
      vertex 16 96 4
    endloop
  endfacet
  facet normal 0 0 1
    outer loop
      vertex 45.4291 128.836 4
      vertex 52.1376 128.836 4
      vertex 45.555 129.102 4
    endloop
  endfacet
  facet normal 0 0 1
    outer loop
      vertex 52.4643 120.153 4
      vertex 45.7689 118.544 4
      vertex 45.7833 118.25 4
    endloop
  endfacet
  facet normal 0 0 1
    outer loop
      vertex 52.1376 128.836 4
      vertex 45.4291 128.836 4
      vertex 52.2889 128.583 4
    endloop
  endfacet
  facet normal 0 0 1
    outer loop
      vertex 52.4643 120.153 4
      vertex 45.7257 118.835 4
      vertex 45.7689 118.544 4
    endloop
  endfacet
  facet normal 0 0 1
    outer loop
      vertex 45.2777 128.583 4
      vertex 52.2889 128.583 4
      vertex 45.4291 128.836 4
    endloop
  endfacet
  facet normal 0 0 1
    outer loop
      vertex 52.4643 120.153 4
      vertex 45.6541 119.121 4
      vertex 45.7257 118.835 4
    endloop
  endfacet
  facet normal 0 0 1
    outer loop
      vertex 52.2889 128.583 4
      vertex 45.2777 128.583 4
      vertex 52.4643 128.347 4
    endloop
  endfacet
  facet normal 0 0 1
    outer loop
      vertex 52.4643 120.153 4
      vertex 45.555 119.398 4
      vertex 45.6541 119.121 4
    endloop
  endfacet
  facet normal 0 0 1
    outer loop
      vertex 45.1024 128.347 4
      vertex 52.4643 128.347 4
      vertex 45.2777 128.583 4
    endloop
  endfacet
  facet normal 0 0 1
    outer loop
      vertex 52.4643 120.153 4
      vertex 45.4291 119.664 4
      vertex 45.555 119.398 4
    endloop
  endfacet
  facet normal 0 0 1
    outer loop
      vertex 44.9046 128.129 4
      vertex 52.4643 128.347 4
      vertex 45.1024 128.347 4
    endloop
  endfacet
  facet normal 0 0 1
    outer loop
      vertex 52.4643 120.153 4
      vertex 45.2777 119.917 4
      vertex 45.4291 119.664 4
    endloop
  endfacet
  facet normal 0 0 1
    outer loop
      vertex 52.4643 128.347 4
      vertex 44.9046 128.129 4
      vertex 52.4643 120.153 4
    endloop
  endfacet
  facet normal 0 0 1
    outer loop
      vertex 52.4643 120.153 4
      vertex 45.1024 120.153 4
      vertex 45.2777 119.917 4
    endloop
  endfacet
  facet normal -0 0 1
    outer loop
      vertex 44.9046 120.371 4
      vertex 52.4643 120.153 4
      vertex 44.9046 128.129 4
    endloop
  endfacet
  facet normal 0 0 1
    outer loop
      vertex 52.4643 120.153 4
      vertex 44.9046 120.371 4
      vertex 45.1024 120.153 4
    endloop
  endfacet
  facet normal -0 0 1
    outer loop
      vertex 44.6865 127.931 4
      vertex 44.9046 120.371 4
      vertex 44.9046 128.129 4
    endloop
  endfacet
  facet normal 0 0 1
    outer loop
      vertex 44.6865 127.931 4
      vertex 44.6865 120.569 4
      vertex 44.9046 120.371 4
    endloop
  endfacet
  facet normal -0 0 1
    outer loop
      vertex 44.45 127.756 4
      vertex 44.6865 120.569 4
      vertex 44.6865 127.931 4
    endloop
  endfacet
  facet normal 0 0 1
    outer loop
      vertex 44.45 127.756 4
      vertex 44.45 120.744 4
      vertex 44.6865 120.569 4
    endloop
  endfacet
  facet normal -0 0 1
    outer loop
      vertex 44.1975 127.604 4
      vertex 44.45 120.744 4
      vertex 44.45 127.756 4
    endloop
  endfacet
  facet normal 0 0 1
    outer loop
      vertex 44.1975 127.604 4
      vertex 44.1975 120.896 4
      vertex 44.45 120.744 4
    endloop
  endfacet
  facet normal -0 0 1
    outer loop
      vertex 43.9314 127.478 4
      vertex 44.1975 120.896 4
      vertex 44.1975 127.604 4
    endloop
  endfacet
  facet normal 0 0 1
    outer loop
      vertex 43.9314 127.478 4
      vertex 43.9314 121.022 4
      vertex 44.1975 120.896 4
    endloop
  endfacet
  facet normal -0 0 1
    outer loop
      vertex 43.6542 127.379 4
      vertex 43.9314 121.022 4
      vertex 43.9314 127.478 4
    endloop
  endfacet
  facet normal 0 0 1
    outer loop
      vertex 43.6542 127.379 4
      vertex 43.6542 121.121 4
      vertex 43.9314 121.022 4
    endloop
  endfacet
  facet normal -0 0 1
    outer loop
      vertex 43.3686 127.308 4
      vertex 43.6542 121.121 4
      vertex 43.6542 127.379 4
    endloop
  endfacet
  facet normal 0 0 1
    outer loop
      vertex 43.3686 127.308 4
      vertex 43.3686 121.192 4
      vertex 43.6542 121.121 4
    endloop
  endfacet
  facet normal -0 0 1
    outer loop
      vertex 43.0774 127.264 4
      vertex 43.3686 121.192 4
      vertex 43.3686 127.308 4
    endloop
  endfacet
  facet normal 0 0 1
    outer loop
      vertex 43.0774 127.264 4
      vertex 43.0774 121.236 4
      vertex 43.3686 121.192 4
    endloop
  endfacet
  facet normal -0 0 1
    outer loop
      vertex 42.7833 127.25 4
      vertex 43.0774 121.236 4
      vertex 43.0774 127.264 4
    endloop
  endfacet
  facet normal 0 0 1
    outer loop
      vertex 42.7833 127.25 4
      vertex 42.7833 121.25 4
      vertex 43.0774 121.236 4
    endloop
  endfacet
  facet normal -0 0 1
    outer loop
      vertex 19 127.25 4
      vertex 42.7833 121.25 4
      vertex 42.7833 127.25 4
    endloop
  endfacet
  facet normal 0 0 1
    outer loop
      vertex 19 127.25 4
      vertex 19 121.25 4
      vertex 42.7833 121.25 4
    endloop
  endfacet
  facet normal 0 0 1
    outer loop
      vertex 18.7059 127.264 4
      vertex 19 121.25 4
      vertex 19 127.25 4
    endloop
  endfacet
  facet normal 0 0 1
    outer loop
      vertex 18.7059 127.264 4
      vertex 18.7059 121.236 4
      vertex 19 121.25 4
    endloop
  endfacet
  facet normal 0 0 1
    outer loop
      vertex 18.4147 127.308 4
      vertex 18.7059 121.236 4
      vertex 18.7059 127.264 4
    endloop
  endfacet
  facet normal 0 0 1
    outer loop
      vertex 18.4147 127.308 4
      vertex 18.4147 121.192 4
      vertex 18.7059 121.236 4
    endloop
  endfacet
  facet normal 0 0 1
    outer loop
      vertex 18.1292 127.379 4
      vertex 18.4147 121.192 4
      vertex 18.4147 127.308 4
    endloop
  endfacet
  facet normal 0 0 1
    outer loop
      vertex 18.1292 127.379 4
      vertex 18.1292 121.121 4
      vertex 18.4147 121.192 4
    endloop
  endfacet
  facet normal 0 0 1
    outer loop
      vertex 17.8519 127.478 4
      vertex 18.1292 121.121 4
      vertex 18.1292 127.379 4
    endloop
  endfacet
  facet normal 0 0 1
    outer loop
      vertex 17.8519 127.478 4
      vertex 17.8519 121.022 4
      vertex 18.1292 121.121 4
    endloop
  endfacet
  facet normal 0 0 1
    outer loop
      vertex 17.5858 127.604 4
      vertex 17.8519 121.022 4
      vertex 17.8519 127.478 4
    endloop
  endfacet
  facet normal 0 0 1
    outer loop
      vertex 17.5858 127.604 4
      vertex 17.5858 120.896 4
      vertex 17.8519 121.022 4
    endloop
  endfacet
  facet normal 0 0 1
    outer loop
      vertex 17.3333 127.756 4
      vertex 17.5858 120.896 4
      vertex 17.5858 127.604 4
    endloop
  endfacet
  facet normal 0 0 1
    outer loop
      vertex 17.3333 127.756 4
      vertex 17.3333 120.744 4
      vertex 17.5858 120.896 4
    endloop
  endfacet
  facet normal 0 0 1
    outer loop
      vertex 17.0968 127.931 4
      vertex 17.3333 120.744 4
      vertex 17.3333 127.756 4
    endloop
  endfacet
  facet normal 0 0 1
    outer loop
      vertex 17.0968 127.931 4
      vertex 17.0968 120.569 4
      vertex 17.3333 120.744 4
    endloop
  endfacet
  facet normal 0 0 1
    outer loop
      vertex 16.8787 128.129 4
      vertex 17.0968 120.569 4
      vertex 17.0968 127.931 4
    endloop
  endfacet
  facet normal 0 0 1
    outer loop
      vertex 16.8787 128.129 4
      vertex 16.8787 120.371 4
      vertex 17.0968 120.569 4
    endloop
  endfacet
  facet normal 0 0 1
    outer loop
      vertex 16.681 128.347 4
      vertex 16.8787 120.371 4
      vertex 16.8787 128.129 4
    endloop
  endfacet
  facet normal 0 0 1
    outer loop
      vertex 16.681 128.347 4
      vertex 16.681 120.153 4
      vertex 16.8787 120.371 4
    endloop
  endfacet
  facet normal 0 0 1
    outer loop
      vertex 16.5056 128.583 4
      vertex 16.681 120.153 4
      vertex 16.681 128.347 4
    endloop
  endfacet
  facet normal 0 0 1
    outer loop
      vertex 16.5056 128.583 4
      vertex 16.5056 119.917 4
      vertex 16.681 120.153 4
    endloop
  endfacet
  facet normal 0 0 1
    outer loop
      vertex 16.3542 128.836 4
      vertex 16.5056 119.917 4
      vertex 16.5056 128.583 4
    endloop
  endfacet
  facet normal 0 0 1
    outer loop
      vertex 16.3542 128.836 4
      vertex 16.3542 119.664 4
      vertex 16.5056 119.917 4
    endloop
  endfacet
  facet normal 0 0 1
    outer loop
      vertex 16.2284 129.102 4
      vertex 16.3542 119.664 4
      vertex 16.3542 128.836 4
    endloop
  endfacet
  facet normal 0 0 1
    outer loop
      vertex 16.2284 129.102 4
      vertex 16.2284 119.398 4
      vertex 16.3542 119.664 4
    endloop
  endfacet
  facet normal 0 0 1
    outer loop
      vertex 16.1292 129.379 4
      vertex 16.2284 119.398 4
      vertex 16.2284 129.102 4
    endloop
  endfacet
  facet normal 0 0 1
    outer loop
      vertex 16.1292 129.379 4
      vertex 16.1292 119.121 4
      vertex 16.2284 119.398 4
    endloop
  endfacet
  facet normal 0 0 1
    outer loop
      vertex 16.0576 129.665 4
      vertex 16.1292 119.121 4
      vertex 16.1292 129.379 4
    endloop
  endfacet
  facet normal 0 0 1
    outer loop
      vertex 16.0576 129.665 4
      vertex 16.0576 118.835 4
      vertex 16.1292 119.121 4
    endloop
  endfacet
  facet normal 0 0 1
    outer loop
      vertex 6.7 146.9 4
      vertex 16.0576 129.665 4
      vertex 16.0145 129.956 4
    endloop
  endfacet
  facet normal 0 0 1
    outer loop
      vertex 16.0576 129.665 4
      vertex 6.7 146.9 4
      vertex 16.0576 118.835 4
    endloop
  endfacet
  facet normal 0 0 1
    outer loop
      vertex 6.7 146.9 4
      vertex 16.0145 129.956 4
      vertex 16 130.25 4
    endloop
  endfacet
  facet normal 0 0 1
    outer loop
      vertex 16.0576 118.835 4
      vertex 6.7 146.9 4
      vertex 16.0145 118.544 4
    endloop
  endfacet
  facet normal 0 0 1
    outer loop
      vertex 81.2124 39.8358 4
      vertex 87.9209 39.8358 4
      vertex 81.3383 40.1019 4
    endloop
  endfacet
  facet normal 0 0 1
    outer loop
      vertex 88.2476 31.1532 4
      vertex 81.5522 29.5441 4
      vertex 81.5667 29.25 4
    endloop
  endfacet
  facet normal 0 0 1
    outer loop
      vertex 87.9209 39.8358 4
      vertex 81.2124 39.8358 4
      vertex 88.0723 39.5833 4
    endloop
  endfacet
  facet normal 0 0 1
    outer loop
      vertex 88.2476 31.1532 4
      vertex 81.509 29.8353 4
      vertex 81.5522 29.5441 4
    endloop
  endfacet
  facet normal 0 0 1
    outer loop
      vertex 81.0611 39.5833 4
      vertex 88.0723 39.5833 4
      vertex 81.2124 39.8358 4
    endloop
  endfacet
  facet normal 0 0 1
    outer loop
      vertex 88.2476 31.1532 4
      vertex 81.4375 30.1208 4
      vertex 81.509 29.8353 4
    endloop
  endfacet
  facet normal 0 0 1
    outer loop
      vertex 88.0723 39.5833 4
      vertex 81.0611 39.5833 4
      vertex 88.2476 39.3468 4
    endloop
  endfacet
  facet normal 0 0 1
    outer loop
      vertex 88.2476 31.1532 4
      vertex 81.3383 30.3981 4
      vertex 81.4375 30.1208 4
    endloop
  endfacet
  facet normal 0 0 1
    outer loop
      vertex 80.8857 39.3468 4
      vertex 88.2476 39.3468 4
      vertex 81.0611 39.5833 4
    endloop
  endfacet
  facet normal 0 0 1
    outer loop
      vertex 88.2476 31.1532 4
      vertex 81.2124 30.6642 4
      vertex 81.3383 30.3981 4
    endloop
  endfacet
  facet normal 0 0 1
    outer loop
      vertex 80.688 39.1287 4
      vertex 88.2476 39.3468 4
      vertex 80.8857 39.3468 4
    endloop
  endfacet
  facet normal 0 0 1
    outer loop
      vertex 88.2476 31.1532 4
      vertex 81.0611 30.9167 4
      vertex 81.2124 30.6642 4
    endloop
  endfacet
  facet normal 0 0 1
    outer loop
      vertex 88.2476 39.3468 4
      vertex 80.688 39.1287 4
      vertex 88.2476 31.1532 4
    endloop
  endfacet
  facet normal 0 0 1
    outer loop
      vertex 88.2476 31.1532 4
      vertex 80.8857 31.1532 4
      vertex 81.0611 30.9167 4
    endloop
  endfacet
  facet normal -0 0 1
    outer loop
      vertex 80.688 31.3713 4
      vertex 88.2476 31.1532 4
      vertex 80.688 39.1287 4
    endloop
  endfacet
  facet normal 0 0 1
    outer loop
      vertex 88.2476 31.1532 4
      vertex 80.688 31.3713 4
      vertex 80.8857 31.1532 4
    endloop
  endfacet
  facet normal -0 0 1
    outer loop
      vertex 80.4698 38.931 4
      vertex 80.688 31.3713 4
      vertex 80.688 39.1287 4
    endloop
  endfacet
  facet normal 0 0 1
    outer loop
      vertex 80.4698 38.931 4
      vertex 80.4698 31.569 4
      vertex 80.688 31.3713 4
    endloop
  endfacet
  facet normal -0 0 1
    outer loop
      vertex 80.2334 38.7556 4
      vertex 80.4698 31.569 4
      vertex 80.4698 38.931 4
    endloop
  endfacet
  facet normal 0 0 1
    outer loop
      vertex 80.2334 38.7556 4
      vertex 80.2334 31.7444 4
      vertex 80.4698 31.569 4
    endloop
  endfacet
  facet normal -0 0 1
    outer loop
      vertex 79.9808 38.6042 4
      vertex 80.2334 31.7444 4
      vertex 80.2334 38.7556 4
    endloop
  endfacet
  facet normal 0 0 1
    outer loop
      vertex 79.9808 38.6042 4
      vertex 79.9808 31.8958 4
      vertex 80.2334 31.7444 4
    endloop
  endfacet
  facet normal -0 0 1
    outer loop
      vertex 79.7147 38.4784 4
      vertex 79.9808 31.8958 4
      vertex 79.9808 38.6042 4
    endloop
  endfacet
  facet normal 0 0 1
    outer loop
      vertex 79.7147 38.4784 4
      vertex 79.7147 32.0216 4
      vertex 79.9808 31.8958 4
    endloop
  endfacet
  facet normal -0 0 1
    outer loop
      vertex 79.4375 38.3792 4
      vertex 79.7147 32.0216 4
      vertex 79.7147 38.4784 4
    endloop
  endfacet
  facet normal 0 0 1
    outer loop
      vertex 79.4375 38.3792 4
      vertex 79.4375 32.1208 4
      vertex 79.7147 32.0216 4
    endloop
  endfacet
  facet normal -0 0 1
    outer loop
      vertex 79.1519 38.3076 4
      vertex 79.4375 32.1208 4
      vertex 79.4375 38.3792 4
    endloop
  endfacet
  facet normal 0 0 1
    outer loop
      vertex 79.1519 38.3076 4
      vertex 79.1519 32.1924 4
      vertex 79.4375 32.1208 4
    endloop
  endfacet
  facet normal -0 0 1
    outer loop
      vertex 78.8607 38.2645 4
      vertex 79.1519 32.1924 4
      vertex 79.1519 38.3076 4
    endloop
  endfacet
  facet normal 0 0 1
    outer loop
      vertex 78.8607 38.2645 4
      vertex 78.8607 32.2355 4
      vertex 79.1519 32.1924 4
    endloop
  endfacet
  facet normal -0 0 1
    outer loop
      vertex 78.5667 38.25 4
      vertex 78.8607 32.2355 4
      vertex 78.8607 38.2645 4
    endloop
  endfacet
  facet normal 0 0 1
    outer loop
      vertex 78.5667 38.25 4
      vertex 78.5667 32.25 4
      vertex 78.8607 32.2355 4
    endloop
  endfacet
  facet normal -0 0 1
    outer loop
      vertex 54.7833 38.25 4
      vertex 78.5667 32.25 4
      vertex 78.5667 38.25 4
    endloop
  endfacet
  facet normal 0 0 1
    outer loop
      vertex 54.7833 38.25 4
      vertex 54.7833 32.25 4
      vertex 78.5667 32.25 4
    endloop
  endfacet
  facet normal 0 0 1
    outer loop
      vertex 54.4893 38.2645 4
      vertex 54.7833 32.25 4
      vertex 54.7833 38.25 4
    endloop
  endfacet
  facet normal 0 0 1
    outer loop
      vertex 54.4893 38.2645 4
      vertex 54.4893 32.2355 4
      vertex 54.7833 32.25 4
    endloop
  endfacet
  facet normal 0 0 1
    outer loop
      vertex 54.1981 38.3076 4
      vertex 54.4893 32.2355 4
      vertex 54.4893 38.2645 4
    endloop
  endfacet
  facet normal 0 0 1
    outer loop
      vertex 54.1981 38.3076 4
      vertex 54.1981 32.1924 4
      vertex 54.4893 32.2355 4
    endloop
  endfacet
  facet normal 0 0 1
    outer loop
      vertex 53.9125 38.3792 4
      vertex 54.1981 32.1924 4
      vertex 54.1981 38.3076 4
    endloop
  endfacet
  facet normal 0 0 1
    outer loop
      vertex 53.9125 38.3792 4
      vertex 53.9125 32.1208 4
      vertex 54.1981 32.1924 4
    endloop
  endfacet
  facet normal 0 0 1
    outer loop
      vertex 53.6353 38.4784 4
      vertex 53.9125 32.1208 4
      vertex 53.9125 38.3792 4
    endloop
  endfacet
  facet normal 0 0 1
    outer loop
      vertex 53.6353 38.4784 4
      vertex 53.6353 32.0216 4
      vertex 53.9125 32.1208 4
    endloop
  endfacet
  facet normal 0 0 1
    outer loop
      vertex 53.3691 38.6042 4
      vertex 53.6353 32.0216 4
      vertex 53.6353 38.4784 4
    endloop
  endfacet
  facet normal 0 0 1
    outer loop
      vertex 53.3691 38.6042 4
      vertex 53.3691 31.8958 4
      vertex 53.6353 32.0216 4
    endloop
  endfacet
  facet normal 0 0 1
    outer loop
      vertex 53.1166 38.7556 4
      vertex 53.3691 31.8958 4
      vertex 53.3691 38.6042 4
    endloop
  endfacet
  facet normal 0 0 1
    outer loop
      vertex 53.1166 38.7556 4
      vertex 53.1166 31.7444 4
      vertex 53.3691 31.8958 4
    endloop
  endfacet
  facet normal 0 0 1
    outer loop
      vertex 52.8801 38.931 4
      vertex 53.1166 31.7444 4
      vertex 53.1166 38.7556 4
    endloop
  endfacet
  facet normal 0 0 1
    outer loop
      vertex 52.8801 38.931 4
      vertex 52.8801 31.569 4
      vertex 53.1166 31.7444 4
    endloop
  endfacet
  facet normal 0 0 1
    outer loop
      vertex 52.662 39.1287 4
      vertex 52.8801 31.569 4
      vertex 52.8801 38.931 4
    endloop
  endfacet
  facet normal 0 0 1
    outer loop
      vertex 52.662 39.1287 4
      vertex 52.662 31.3713 4
      vertex 52.8801 31.569 4
    endloop
  endfacet
  facet normal 0 0 1
    outer loop
      vertex 52.4643 39.3468 4
      vertex 52.662 31.3713 4
      vertex 52.662 39.1287 4
    endloop
  endfacet
  facet normal 0 0 1
    outer loop
      vertex 52.4643 39.3468 4
      vertex 52.4643 31.1532 4
      vertex 52.662 31.3713 4
    endloop
  endfacet
  facet normal 0 0 1
    outer loop
      vertex 51.9125 40.3792 4
      vertex 45.6541 40.3792 4
      vertex 52.0117 40.1019 4
    endloop
  endfacet
  facet normal 0 0 1
    outer loop
      vertex 45.555 40.1019 4
      vertex 52.0117 40.1019 4
      vertex 45.6541 40.3792 4
    endloop
  endfacet
  facet normal 0 0 1
    outer loop
      vertex 45.6541 40.3792 4
      vertex 51.9125 40.3792 4
      vertex 45.7257 40.6647 4
    endloop
  endfacet
  facet normal 0 0 1
    outer loop
      vertex 52.0117 40.1019 4
      vertex 45.555 40.1019 4
      vertex 52.1376 39.8358 4
    endloop
  endfacet
  facet normal 0 0 1
    outer loop
      vertex 51.841 40.6647 4
      vertex 45.7257 40.6647 4
      vertex 51.9125 40.3792 4
    endloop
  endfacet
  facet normal 0 0 1
    outer loop
      vertex 52.4643 31.1532 4
      vertex 45.7833 29.25 4
      vertex 52.2889 30.9167 4
    endloop
  endfacet
  facet normal 0 0 1
    outer loop
      vertex 45.7257 40.6647 4
      vertex 51.841 40.6647 4
      vertex 45.7689 40.9559 4
    endloop
  endfacet
  facet normal 0 0 1
    outer loop
      vertex 52.2889 30.9167 4
      vertex 45.7833 29.25 4
      vertex 52.1376 30.6642 4
    endloop
  endfacet
  facet normal 0 0 1
    outer loop
      vertex 51.7978 40.9559 4
      vertex 45.7689 40.9559 4
      vertex 51.841 40.6647 4
    endloop
  endfacet
  facet normal 0 0 1
    outer loop
      vertex 52.1376 30.6642 4
      vertex 45.7833 29.25 4
      vertex 52.0117 30.3981 4
    endloop
  endfacet
  facet normal 0 0 1
    outer loop
      vertex 45.7689 40.9559 4
      vertex 51.7978 40.9559 4
      vertex 45.7833 41.25 4
    endloop
  endfacet
  facet normal 0 0 1
    outer loop
      vertex 52.0117 30.3981 4
      vertex 45.7833 29.25 4
      vertex 51.9125 30.1208 4
    endloop
  endfacet
  facet normal -0 0 1
    outer loop
      vertex 45.7833 41.25 4
      vertex 51.7978 40.9559 4
      vertex 51.7833 41.25 4
    endloop
  endfacet
  facet normal 0 0 1
    outer loop
      vertex 51.9125 30.1208 4
      vertex 45.7833 29.25 4
      vertex 51.841 29.8353 4
    endloop
  endfacet
  facet normal 0 0 1
    outer loop
      vertex 81.2124 62.0858 4
      vertex 87.9209 62.0858 4
      vertex 81.3383 62.3519 4
    endloop
  endfacet
  facet normal 0 0 1
    outer loop
      vertex 88.2476 53.4032 4
      vertex 81.5522 51.7941 4
      vertex 81.5667 51.5 4
    endloop
  endfacet
  facet normal 0 0 1
    outer loop
      vertex 87.9209 62.0858 4
      vertex 81.2124 62.0858 4
      vertex 88.0723 61.8333 4
    endloop
  endfacet
  facet normal 0 0 1
    outer loop
      vertex 88.2476 53.4032 4
      vertex 81.509 52.0853 4
      vertex 81.5522 51.7941 4
    endloop
  endfacet
  facet normal 0 0 1
    outer loop
      vertex 81.0611 61.8333 4
      vertex 88.0723 61.8333 4
      vertex 81.2124 62.0858 4
    endloop
  endfacet
  facet normal 0 0 1
    outer loop
      vertex 88.2476 53.4032 4
      vertex 81.4375 52.3708 4
      vertex 81.509 52.0853 4
    endloop
  endfacet
  facet normal 0 0 1
    outer loop
      vertex 88.0723 61.8333 4
      vertex 81.0611 61.8333 4
      vertex 88.2476 61.5968 4
    endloop
  endfacet
  facet normal 0 0 1
    outer loop
      vertex 88.2476 53.4032 4
      vertex 81.3383 52.6481 4
      vertex 81.4375 52.3708 4
    endloop
  endfacet
  facet normal 0 0 1
    outer loop
      vertex 80.8857 61.5968 4
      vertex 88.2476 61.5968 4
      vertex 81.0611 61.8333 4
    endloop
  endfacet
  facet normal 0 0 1
    outer loop
      vertex 88.2476 53.4032 4
      vertex 81.2124 52.9142 4
      vertex 81.3383 52.6481 4
    endloop
  endfacet
  facet normal 0 0 1
    outer loop
      vertex 80.688 61.3787 4
      vertex 88.2476 61.5968 4
      vertex 80.8857 61.5968 4
    endloop
  endfacet
  facet normal 0 0 1
    outer loop
      vertex 88.2476 53.4032 4
      vertex 81.0611 53.1667 4
      vertex 81.2124 52.9142 4
    endloop
  endfacet
  facet normal 0 0 1
    outer loop
      vertex 88.2476 61.5968 4
      vertex 80.688 61.3787 4
      vertex 88.2476 53.4032 4
    endloop
  endfacet
  facet normal 0 0 1
    outer loop
      vertex 88.2476 53.4032 4
      vertex 80.8857 53.4032 4
      vertex 81.0611 53.1667 4
    endloop
  endfacet
  facet normal -0 0 1
    outer loop
      vertex 80.688 53.6213 4
      vertex 88.2476 53.4032 4
      vertex 80.688 61.3787 4
    endloop
  endfacet
  facet normal 0 0 1
    outer loop
      vertex 88.2476 53.4032 4
      vertex 80.688 53.6213 4
      vertex 80.8857 53.4032 4
    endloop
  endfacet
  facet normal -0 0 1
    outer loop
      vertex 80.4698 61.181 4
      vertex 80.688 53.6213 4
      vertex 80.688 61.3787 4
    endloop
  endfacet
  facet normal 0 0 1
    outer loop
      vertex 80.4698 61.181 4
      vertex 80.4698 53.819 4
      vertex 80.688 53.6213 4
    endloop
  endfacet
  facet normal -0 0 1
    outer loop
      vertex 80.2334 61.0056 4
      vertex 80.4698 53.819 4
      vertex 80.4698 61.181 4
    endloop
  endfacet
  facet normal 0 0 1
    outer loop
      vertex 80.2334 61.0056 4
      vertex 80.2334 53.9944 4
      vertex 80.4698 53.819 4
    endloop
  endfacet
  facet normal -0 0 1
    outer loop
      vertex 79.9808 60.8542 4
      vertex 80.2334 53.9944 4
      vertex 80.2334 61.0056 4
    endloop
  endfacet
  facet normal 0 0 1
    outer loop
      vertex 79.9808 60.8542 4
      vertex 79.9808 54.1458 4
      vertex 80.2334 53.9944 4
    endloop
  endfacet
  facet normal -0 0 1
    outer loop
      vertex 79.7147 60.7284 4
      vertex 79.9808 54.1458 4
      vertex 79.9808 60.8542 4
    endloop
  endfacet
  facet normal 0 0 1
    outer loop
      vertex 79.7147 60.7284 4
      vertex 79.7147 54.2716 4
      vertex 79.9808 54.1458 4
    endloop
  endfacet
  facet normal -0 0 1
    outer loop
      vertex 79.4375 60.6292 4
      vertex 79.7147 54.2716 4
      vertex 79.7147 60.7284 4
    endloop
  endfacet
  facet normal 0 0 1
    outer loop
      vertex 79.4375 60.6292 4
      vertex 79.4375 54.3708 4
      vertex 79.7147 54.2716 4
    endloop
  endfacet
  facet normal -0 0 1
    outer loop
      vertex 79.1519 60.5576 4
      vertex 79.4375 54.3708 4
      vertex 79.4375 60.6292 4
    endloop
  endfacet
  facet normal 0 0 1
    outer loop
      vertex 79.1519 60.5576 4
      vertex 79.1519 54.4424 4
      vertex 79.4375 54.3708 4
    endloop
  endfacet
  facet normal -0 0 1
    outer loop
      vertex 78.8607 60.5145 4
      vertex 79.1519 54.4424 4
      vertex 79.1519 60.5576 4
    endloop
  endfacet
  facet normal 0 0 1
    outer loop
      vertex 78.8607 60.5145 4
      vertex 78.8607 54.4855 4
      vertex 79.1519 54.4424 4
    endloop
  endfacet
  facet normal -0 0 1
    outer loop
      vertex 78.5667 60.5 4
      vertex 78.8607 54.4855 4
      vertex 78.8607 60.5145 4
    endloop
  endfacet
  facet normal 0 0 1
    outer loop
      vertex 78.5667 60.5 4
      vertex 78.5667 54.5 4
      vertex 78.8607 54.4855 4
    endloop
  endfacet
  facet normal -0 0 1
    outer loop
      vertex 54.7833 60.5 4
      vertex 78.5667 54.5 4
      vertex 78.5667 60.5 4
    endloop
  endfacet
  facet normal 0 0 1
    outer loop
      vertex 54.7833 60.5 4
      vertex 54.7833 54.5 4
      vertex 78.5667 54.5 4
    endloop
  endfacet
  facet normal 0 0 1
    outer loop
      vertex 54.4893 60.5145 4
      vertex 54.7833 54.5 4
      vertex 54.7833 60.5 4
    endloop
  endfacet
  facet normal 0 0 1
    outer loop
      vertex 54.4893 60.5145 4
      vertex 54.4893 54.4855 4
      vertex 54.7833 54.5 4
    endloop
  endfacet
  facet normal 0 0 1
    outer loop
      vertex 54.1981 60.5576 4
      vertex 54.4893 54.4855 4
      vertex 54.4893 60.5145 4
    endloop
  endfacet
  facet normal 0 0 1
    outer loop
      vertex 54.1981 60.5576 4
      vertex 54.1981 54.4424 4
      vertex 54.4893 54.4855 4
    endloop
  endfacet
  facet normal 0 0 1
    outer loop
      vertex 53.9125 60.6292 4
      vertex 54.1981 54.4424 4
      vertex 54.1981 60.5576 4
    endloop
  endfacet
  facet normal 0 0 1
    outer loop
      vertex 53.9125 60.6292 4
      vertex 53.9125 54.3708 4
      vertex 54.1981 54.4424 4
    endloop
  endfacet
  facet normal 0 0 1
    outer loop
      vertex 53.6353 60.7284 4
      vertex 53.9125 54.3708 4
      vertex 53.9125 60.6292 4
    endloop
  endfacet
  facet normal 0 0 1
    outer loop
      vertex 53.6353 60.7284 4
      vertex 53.6353 54.2716 4
      vertex 53.9125 54.3708 4
    endloop
  endfacet
  facet normal 0 0 1
    outer loop
      vertex 53.3691 60.8542 4
      vertex 53.6353 54.2716 4
      vertex 53.6353 60.7284 4
    endloop
  endfacet
  facet normal 0 0 1
    outer loop
      vertex 53.3691 60.8542 4
      vertex 53.3691 54.1458 4
      vertex 53.6353 54.2716 4
    endloop
  endfacet
  facet normal 0 0 1
    outer loop
      vertex 53.1166 61.0056 4
      vertex 53.3691 54.1458 4
      vertex 53.3691 60.8542 4
    endloop
  endfacet
  facet normal 0 0 1
    outer loop
      vertex 53.1166 61.0056 4
      vertex 53.1166 53.9944 4
      vertex 53.3691 54.1458 4
    endloop
  endfacet
  facet normal 0 0 1
    outer loop
      vertex 52.8801 61.181 4
      vertex 53.1166 53.9944 4
      vertex 53.1166 61.0056 4
    endloop
  endfacet
  facet normal 0 0 1
    outer loop
      vertex 52.8801 61.181 4
      vertex 52.8801 53.819 4
      vertex 53.1166 53.9944 4
    endloop
  endfacet
  facet normal 0 0 1
    outer loop
      vertex 52.662 61.3787 4
      vertex 52.8801 53.819 4
      vertex 52.8801 61.181 4
    endloop
  endfacet
  facet normal 0 0 1
    outer loop
      vertex 52.662 61.3787 4
      vertex 52.662 53.6213 4
      vertex 52.8801 53.819 4
    endloop
  endfacet
  facet normal 0 0 1
    outer loop
      vertex 52.4643 61.5968 4
      vertex 52.662 53.6213 4
      vertex 52.662 61.3787 4
    endloop
  endfacet
  facet normal 0 0 1
    outer loop
      vertex 52.4643 61.5968 4
      vertex 52.4643 53.4032 4
      vertex 52.662 53.6213 4
    endloop
  endfacet
  facet normal 0 0 1
    outer loop
      vertex 51.9125 62.6292 4
      vertex 45.6541 62.6292 4
      vertex 52.0117 62.3519 4
    endloop
  endfacet
  facet normal 0 0 1
    outer loop
      vertex 45.555 62.3519 4
      vertex 52.0117 62.3519 4
      vertex 45.6541 62.6292 4
    endloop
  endfacet
  facet normal 0 0 1
    outer loop
      vertex 45.6541 62.6292 4
      vertex 51.9125 62.6292 4
      vertex 45.7257 62.9147 4
    endloop
  endfacet
  facet normal 0 0 1
    outer loop
      vertex 52.0117 62.3519 4
      vertex 45.555 62.3519 4
      vertex 52.1376 62.0858 4
    endloop
  endfacet
  facet normal 0 0 1
    outer loop
      vertex 51.841 62.9147 4
      vertex 45.7257 62.9147 4
      vertex 51.9125 62.6292 4
    endloop
  endfacet
  facet normal 0 0 1
    outer loop
      vertex 52.4643 53.4032 4
      vertex 45.7833 51.5 4
      vertex 52.2889 53.1667 4
    endloop
  endfacet
  facet normal 0 0 1
    outer loop
      vertex 45.7257 62.9147 4
      vertex 51.841 62.9147 4
      vertex 45.7689 63.2059 4
    endloop
  endfacet
  facet normal 0 0 1
    outer loop
      vertex 52.2889 53.1667 4
      vertex 45.7833 51.5 4
      vertex 52.1376 52.9142 4
    endloop
  endfacet
  facet normal 0 0 1
    outer loop
      vertex 51.7978 63.2059 4
      vertex 45.7689 63.2059 4
      vertex 51.841 62.9147 4
    endloop
  endfacet
  facet normal 0 0 1
    outer loop
      vertex 52.1376 52.9142 4
      vertex 45.7833 51.5 4
      vertex 52.0117 52.6481 4
    endloop
  endfacet
  facet normal 0 0 1
    outer loop
      vertex 45.7689 63.2059 4
      vertex 51.7978 63.2059 4
      vertex 45.7833 63.5 4
    endloop
  endfacet
  facet normal 0 0 1
    outer loop
      vertex 52.0117 52.6481 4
      vertex 45.7833 51.5 4
      vertex 51.9125 52.3708 4
    endloop
  endfacet
  facet normal -0 0 1
    outer loop
      vertex 45.7833 63.5 4
      vertex 51.7978 63.2059 4
      vertex 51.7833 63.5 4
    endloop
  endfacet
  facet normal 0 0 1
    outer loop
      vertex 51.9125 52.3708 4
      vertex 45.7833 51.5 4
      vertex 51.841 52.0853 4
    endloop
  endfacet
  facet normal 0 0 1
    outer loop
      vertex 81.2124 84.3358 4
      vertex 87.9209 84.3358 4
      vertex 81.3383 84.6019 4
    endloop
  endfacet
  facet normal 0 0 1
    outer loop
      vertex 88.2476 75.6532 4
      vertex 81.5522 74.0441 4
      vertex 81.5667 73.75 4
    endloop
  endfacet
  facet normal 0 0 1
    outer loop
      vertex 87.9209 84.3358 4
      vertex 81.2124 84.3358 4
      vertex 88.0723 84.0833 4
    endloop
  endfacet
  facet normal 0 0 1
    outer loop
      vertex 88.2476 75.6532 4
      vertex 81.509 74.3353 4
      vertex 81.5522 74.0441 4
    endloop
  endfacet
  facet normal 0 0 1
    outer loop
      vertex 81.0611 84.0833 4
      vertex 88.0723 84.0833 4
      vertex 81.2124 84.3358 4
    endloop
  endfacet
  facet normal 0 0 1
    outer loop
      vertex 88.2476 75.6532 4
      vertex 81.4375 74.6208 4
      vertex 81.509 74.3353 4
    endloop
  endfacet
  facet normal 0 0 1
    outer loop
      vertex 88.0723 84.0833 4
      vertex 81.0611 84.0833 4
      vertex 88.2476 83.8468 4
    endloop
  endfacet
  facet normal 0 0 1
    outer loop
      vertex 88.2476 75.6532 4
      vertex 81.3383 74.8981 4
      vertex 81.4375 74.6208 4
    endloop
  endfacet
  facet normal 0 0 1
    outer loop
      vertex 80.8857 83.8468 4
      vertex 88.2476 83.8468 4
      vertex 81.0611 84.0833 4
    endloop
  endfacet
  facet normal 0 0 1
    outer loop
      vertex 88.2476 75.6532 4
      vertex 81.2124 75.1642 4
      vertex 81.3383 74.8981 4
    endloop
  endfacet
  facet normal 0 0 1
    outer loop
      vertex 80.688 83.6287 4
      vertex 88.2476 83.8468 4
      vertex 80.8857 83.8468 4
    endloop
  endfacet
  facet normal 0 0 1
    outer loop
      vertex 88.2476 75.6532 4
      vertex 81.0611 75.4167 4
      vertex 81.2124 75.1642 4
    endloop
  endfacet
  facet normal 0 0 1
    outer loop
      vertex 88.2476 83.8468 4
      vertex 80.688 83.6287 4
      vertex 88.2476 75.6532 4
    endloop
  endfacet
  facet normal 0 0 1
    outer loop
      vertex 88.2476 75.6532 4
      vertex 80.8857 75.6532 4
      vertex 81.0611 75.4167 4
    endloop
  endfacet
  facet normal -0 0 1
    outer loop
      vertex 80.688 75.8713 4
      vertex 88.2476 75.6532 4
      vertex 80.688 83.6287 4
    endloop
  endfacet
  facet normal 0 0 1
    outer loop
      vertex 88.2476 75.6532 4
      vertex 80.688 75.8713 4
      vertex 80.8857 75.6532 4
    endloop
  endfacet
  facet normal -0 0 1
    outer loop
      vertex 80.4698 83.431 4
      vertex 80.688 75.8713 4
      vertex 80.688 83.6287 4
    endloop
  endfacet
  facet normal 0 0 1
    outer loop
      vertex 80.4698 83.431 4
      vertex 80.4698 76.069 4
      vertex 80.688 75.8713 4
    endloop
  endfacet
  facet normal -0 0 1
    outer loop
      vertex 80.2334 83.2556 4
      vertex 80.4698 76.069 4
      vertex 80.4698 83.431 4
    endloop
  endfacet
  facet normal 0 0 1
    outer loop
      vertex 80.2334 83.2556 4
      vertex 80.2334 76.2444 4
      vertex 80.4698 76.069 4
    endloop
  endfacet
  facet normal -0 0 1
    outer loop
      vertex 79.9808 83.1042 4
      vertex 80.2334 76.2444 4
      vertex 80.2334 83.2556 4
    endloop
  endfacet
  facet normal 0 0 1
    outer loop
      vertex 79.9808 83.1042 4
      vertex 79.9808 76.3958 4
      vertex 80.2334 76.2444 4
    endloop
  endfacet
  facet normal -0 0 1
    outer loop
      vertex 79.7147 82.9784 4
      vertex 79.9808 76.3958 4
      vertex 79.9808 83.1042 4
    endloop
  endfacet
  facet normal 0 0 1
    outer loop
      vertex 79.7147 82.9784 4
      vertex 79.7147 76.5216 4
      vertex 79.9808 76.3958 4
    endloop
  endfacet
  facet normal -0 0 1
    outer loop
      vertex 79.4375 82.8792 4
      vertex 79.7147 76.5216 4
      vertex 79.7147 82.9784 4
    endloop
  endfacet
  facet normal 0 0 1
    outer loop
      vertex 79.4375 82.8792 4
      vertex 79.4375 76.6208 4
      vertex 79.7147 76.5216 4
    endloop
  endfacet
  facet normal -0 0 1
    outer loop
      vertex 79.1519 82.8076 4
      vertex 79.4375 76.6208 4
      vertex 79.4375 82.8792 4
    endloop
  endfacet
  facet normal 0 0 1
    outer loop
      vertex 79.1519 82.8076 4
      vertex 79.1519 76.6924 4
      vertex 79.4375 76.6208 4
    endloop
  endfacet
  facet normal -0 0 1
    outer loop
      vertex 78.8607 82.7645 4
      vertex 79.1519 76.6924 4
      vertex 79.1519 82.8076 4
    endloop
  endfacet
  facet normal 0 0 1
    outer loop
      vertex 78.8607 82.7645 4
      vertex 78.8607 76.7355 4
      vertex 79.1519 76.6924 4
    endloop
  endfacet
  facet normal -0 0 1
    outer loop
      vertex 78.5667 82.75 4
      vertex 78.8607 76.7355 4
      vertex 78.8607 82.7645 4
    endloop
  endfacet
  facet normal 0 0 1
    outer loop
      vertex 78.5667 82.75 4
      vertex 78.5667 76.75 4
      vertex 78.8607 76.7355 4
    endloop
  endfacet
  facet normal -0 0 1
    outer loop
      vertex 54.7833 82.75 4
      vertex 78.5667 76.75 4
      vertex 78.5667 82.75 4
    endloop
  endfacet
  facet normal 0 0 1
    outer loop
      vertex 54.7833 82.75 4
      vertex 54.7833 76.75 4
      vertex 78.5667 76.75 4
    endloop
  endfacet
  facet normal 0 0 1
    outer loop
      vertex 54.4893 82.7645 4
      vertex 54.7833 76.75 4
      vertex 54.7833 82.75 4
    endloop
  endfacet
  facet normal 0 0 1
    outer loop
      vertex 54.4893 82.7645 4
      vertex 54.4893 76.7355 4
      vertex 54.7833 76.75 4
    endloop
  endfacet
  facet normal 0 0 1
    outer loop
      vertex 54.1981 82.8076 4
      vertex 54.4893 76.7355 4
      vertex 54.4893 82.7645 4
    endloop
  endfacet
  facet normal 0 0 1
    outer loop
      vertex 54.1981 82.8076 4
      vertex 54.1981 76.6924 4
      vertex 54.4893 76.7355 4
    endloop
  endfacet
  facet normal 0 0 1
    outer loop
      vertex 53.9125 82.8792 4
      vertex 54.1981 76.6924 4
      vertex 54.1981 82.8076 4
    endloop
  endfacet
  facet normal 0 0 1
    outer loop
      vertex 53.9125 82.8792 4
      vertex 53.9125 76.6208 4
      vertex 54.1981 76.6924 4
    endloop
  endfacet
  facet normal 0 0 1
    outer loop
      vertex 53.6353 82.9784 4
      vertex 53.9125 76.6208 4
      vertex 53.9125 82.8792 4
    endloop
  endfacet
  facet normal 0 0 1
    outer loop
      vertex 53.6353 82.9784 4
      vertex 53.6353 76.5216 4
      vertex 53.9125 76.6208 4
    endloop
  endfacet
  facet normal 0 0 1
    outer loop
      vertex 53.3691 83.1042 4
      vertex 53.6353 76.5216 4
      vertex 53.6353 82.9784 4
    endloop
  endfacet
  facet normal 0 0 1
    outer loop
      vertex 53.3691 83.1042 4
      vertex 53.3691 76.3958 4
      vertex 53.6353 76.5216 4
    endloop
  endfacet
  facet normal 0 0 1
    outer loop
      vertex 53.1166 83.2556 4
      vertex 53.3691 76.3958 4
      vertex 53.3691 83.1042 4
    endloop
  endfacet
  facet normal 0 0 1
    outer loop
      vertex 53.1166 83.2556 4
      vertex 53.1166 76.2444 4
      vertex 53.3691 76.3958 4
    endloop
  endfacet
  facet normal 0 0 1
    outer loop
      vertex 52.8801 83.431 4
      vertex 53.1166 76.2444 4
      vertex 53.1166 83.2556 4
    endloop
  endfacet
  facet normal 0 0 1
    outer loop
      vertex 52.8801 83.431 4
      vertex 52.8801 76.069 4
      vertex 53.1166 76.2444 4
    endloop
  endfacet
  facet normal 0 0 1
    outer loop
      vertex 52.662 83.6287 4
      vertex 52.8801 76.069 4
      vertex 52.8801 83.431 4
    endloop
  endfacet
  facet normal 0 0 1
    outer loop
      vertex 52.662 83.6287 4
      vertex 52.662 75.8713 4
      vertex 52.8801 76.069 4
    endloop
  endfacet
  facet normal 0 0 1
    outer loop
      vertex 52.4643 83.8468 4
      vertex 52.662 75.8713 4
      vertex 52.662 83.6287 4
    endloop
  endfacet
  facet normal 0 0 1
    outer loop
      vertex 52.4643 83.8468 4
      vertex 52.4643 75.6532 4
      vertex 52.662 75.8713 4
    endloop
  endfacet
  facet normal 0 0 1
    outer loop
      vertex 51.9125 84.8792 4
      vertex 45.6541 84.8792 4
      vertex 52.0117 84.6019 4
    endloop
  endfacet
  facet normal 0 0 1
    outer loop
      vertex 45.555 84.6019 4
      vertex 52.0117 84.6019 4
      vertex 45.6541 84.8792 4
    endloop
  endfacet
  facet normal 0 0 1
    outer loop
      vertex 45.6541 84.8792 4
      vertex 51.9125 84.8792 4
      vertex 45.7257 85.1647 4
    endloop
  endfacet
  facet normal 0 0 1
    outer loop
      vertex 52.0117 84.6019 4
      vertex 45.555 84.6019 4
      vertex 52.1376 84.3358 4
    endloop
  endfacet
  facet normal 0 0 1
    outer loop
      vertex 51.841 85.1647 4
      vertex 45.7257 85.1647 4
      vertex 51.9125 84.8792 4
    endloop
  endfacet
  facet normal 0 0 1
    outer loop
      vertex 52.4643 75.6532 4
      vertex 45.7833 73.75 4
      vertex 52.2889 75.4167 4
    endloop
  endfacet
  facet normal 0 0 1
    outer loop
      vertex 45.7257 85.1647 4
      vertex 51.841 85.1647 4
      vertex 45.7689 85.4559 4
    endloop
  endfacet
  facet normal 0 0 1
    outer loop
      vertex 52.2889 75.4167 4
      vertex 45.7833 73.75 4
      vertex 52.1376 75.1642 4
    endloop
  endfacet
  facet normal 0 0 1
    outer loop
      vertex 51.7978 85.4559 4
      vertex 45.7689 85.4559 4
      vertex 51.841 85.1647 4
    endloop
  endfacet
  facet normal 0 0 1
    outer loop
      vertex 52.1376 75.1642 4
      vertex 45.7833 73.75 4
      vertex 52.0117 74.8981 4
    endloop
  endfacet
  facet normal 0 0 1
    outer loop
      vertex 45.7689 85.4559 4
      vertex 51.7978 85.4559 4
      vertex 45.7833 85.75 4
    endloop
  endfacet
  facet normal 0 0 1
    outer loop
      vertex 52.0117 74.8981 4
      vertex 45.7833 73.75 4
      vertex 51.9125 74.6208 4
    endloop
  endfacet
  facet normal -0 0 1
    outer loop
      vertex 45.7833 85.75 4
      vertex 51.7978 85.4559 4
      vertex 51.7833 85.75 4
    endloop
  endfacet
  facet normal 0 0 1
    outer loop
      vertex 51.9125 74.6208 4
      vertex 45.7833 73.75 4
      vertex 51.841 74.3353 4
    endloop
  endfacet
  facet normal 0 0 1
    outer loop
      vertex 81.2124 106.586 4
      vertex 87.9209 106.586 4
      vertex 81.3383 106.852 4
    endloop
  endfacet
  facet normal 0 0 1
    outer loop
      vertex 88.2476 97.9032 4
      vertex 81.5522 96.2941 4
      vertex 81.5667 96 4
    endloop
  endfacet
  facet normal 0 0 1
    outer loop
      vertex 87.9209 106.586 4
      vertex 81.2124 106.586 4
      vertex 88.0723 106.333 4
    endloop
  endfacet
  facet normal 0 0 1
    outer loop
      vertex 88.2476 97.9032 4
      vertex 81.509 96.5853 4
      vertex 81.5522 96.2941 4
    endloop
  endfacet
  facet normal 0 0 1
    outer loop
      vertex 81.0611 106.333 4
      vertex 88.0723 106.333 4
      vertex 81.2124 106.586 4
    endloop
  endfacet
  facet normal 0 0 1
    outer loop
      vertex 88.2476 97.9032 4
      vertex 81.4375 96.8708 4
      vertex 81.509 96.5853 4
    endloop
  endfacet
  facet normal 0 0 1
    outer loop
      vertex 88.0723 106.333 4
      vertex 81.0611 106.333 4
      vertex 88.2476 106.097 4
    endloop
  endfacet
  facet normal 0 0 1
    outer loop
      vertex 88.2476 97.9032 4
      vertex 81.3383 97.1481 4
      vertex 81.4375 96.8708 4
    endloop
  endfacet
  facet normal 0 0 1
    outer loop
      vertex 80.8857 106.097 4
      vertex 88.2476 106.097 4
      vertex 81.0611 106.333 4
    endloop
  endfacet
  facet normal 0 0 1
    outer loop
      vertex 88.2476 97.9032 4
      vertex 81.2124 97.4142 4
      vertex 81.3383 97.1481 4
    endloop
  endfacet
  facet normal 0 0 1
    outer loop
      vertex 80.688 105.879 4
      vertex 88.2476 106.097 4
      vertex 80.8857 106.097 4
    endloop
  endfacet
  facet normal 0 0 1
    outer loop
      vertex 88.2476 97.9032 4
      vertex 81.0611 97.6667 4
      vertex 81.2124 97.4142 4
    endloop
  endfacet
  facet normal 0 0 1
    outer loop
      vertex 88.2476 106.097 4
      vertex 80.688 105.879 4
      vertex 88.2476 97.9032 4
    endloop
  endfacet
  facet normal 0 0 1
    outer loop
      vertex 88.2476 97.9032 4
      vertex 80.8857 97.9032 4
      vertex 81.0611 97.6667 4
    endloop
  endfacet
  facet normal -0 0 1
    outer loop
      vertex 80.688 98.1213 4
      vertex 88.2476 97.9032 4
      vertex 80.688 105.879 4
    endloop
  endfacet
  facet normal 0 0 1
    outer loop
      vertex 88.2476 97.9032 4
      vertex 80.688 98.1213 4
      vertex 80.8857 97.9032 4
    endloop
  endfacet
  facet normal -0 0 1
    outer loop
      vertex 80.4698 105.681 4
      vertex 80.688 98.1213 4
      vertex 80.688 105.879 4
    endloop
  endfacet
  facet normal 0 0 1
    outer loop
      vertex 80.4698 105.681 4
      vertex 80.4698 98.319 4
      vertex 80.688 98.1213 4
    endloop
  endfacet
  facet normal -0 0 1
    outer loop
      vertex 80.2334 105.506 4
      vertex 80.4698 98.319 4
      vertex 80.4698 105.681 4
    endloop
  endfacet
  facet normal 0 0 1
    outer loop
      vertex 80.2334 105.506 4
      vertex 80.2334 98.4944 4
      vertex 80.4698 98.319 4
    endloop
  endfacet
  facet normal -0 0 1
    outer loop
      vertex 79.9808 105.354 4
      vertex 80.2334 98.4944 4
      vertex 80.2334 105.506 4
    endloop
  endfacet
  facet normal 0 0 1
    outer loop
      vertex 79.9808 105.354 4
      vertex 79.9808 98.6458 4
      vertex 80.2334 98.4944 4
    endloop
  endfacet
  facet normal -0 0 1
    outer loop
      vertex 79.7147 105.228 4
      vertex 79.9808 98.6458 4
      vertex 79.9808 105.354 4
    endloop
  endfacet
  facet normal 0 0 1
    outer loop
      vertex 79.7147 105.228 4
      vertex 79.7147 98.7716 4
      vertex 79.9808 98.6458 4
    endloop
  endfacet
  facet normal -0 0 1
    outer loop
      vertex 79.4375 105.129 4
      vertex 79.7147 98.7716 4
      vertex 79.7147 105.228 4
    endloop
  endfacet
  facet normal 0 0 1
    outer loop
      vertex 79.4375 105.129 4
      vertex 79.4375 98.8708 4
      vertex 79.7147 98.7716 4
    endloop
  endfacet
  facet normal -0 0 1
    outer loop
      vertex 79.1519 105.058 4
      vertex 79.4375 98.8708 4
      vertex 79.4375 105.129 4
    endloop
  endfacet
  facet normal 0 0 1
    outer loop
      vertex 79.1519 105.058 4
      vertex 79.1519 98.9424 4
      vertex 79.4375 98.8708 4
    endloop
  endfacet
  facet normal -0 0 1
    outer loop
      vertex 78.8607 105.014 4
      vertex 79.1519 98.9424 4
      vertex 79.1519 105.058 4
    endloop
  endfacet
  facet normal 0 0 1
    outer loop
      vertex 78.8607 105.014 4
      vertex 78.8607 98.9855 4
      vertex 79.1519 98.9424 4
    endloop
  endfacet
  facet normal -0 0 1
    outer loop
      vertex 78.5667 105 4
      vertex 78.8607 98.9855 4
      vertex 78.8607 105.014 4
    endloop
  endfacet
  facet normal 0 0 1
    outer loop
      vertex 78.5667 105 4
      vertex 78.5667 99 4
      vertex 78.8607 98.9855 4
    endloop
  endfacet
  facet normal -0 0 1
    outer loop
      vertex 54.7833 105 4
      vertex 78.5667 99 4
      vertex 78.5667 105 4
    endloop
  endfacet
  facet normal 0 0 1
    outer loop
      vertex 54.7833 105 4
      vertex 54.7833 99 4
      vertex 78.5667 99 4
    endloop
  endfacet
  facet normal 0 0 1
    outer loop
      vertex 54.4893 105.014 4
      vertex 54.7833 99 4
      vertex 54.7833 105 4
    endloop
  endfacet
  facet normal 0 0 1
    outer loop
      vertex 54.4893 105.014 4
      vertex 54.4893 98.9855 4
      vertex 54.7833 99 4
    endloop
  endfacet
  facet normal 0 0 1
    outer loop
      vertex 54.1981 105.058 4
      vertex 54.4893 98.9855 4
      vertex 54.4893 105.014 4
    endloop
  endfacet
  facet normal 0 0 1
    outer loop
      vertex 54.1981 105.058 4
      vertex 54.1981 98.9424 4
      vertex 54.4893 98.9855 4
    endloop
  endfacet
  facet normal 0 0 1
    outer loop
      vertex 53.9125 105.129 4
      vertex 54.1981 98.9424 4
      vertex 54.1981 105.058 4
    endloop
  endfacet
  facet normal 0 0 1
    outer loop
      vertex 53.9125 105.129 4
      vertex 53.9125 98.8708 4
      vertex 54.1981 98.9424 4
    endloop
  endfacet
  facet normal 0 0 1
    outer loop
      vertex 53.6353 105.228 4
      vertex 53.9125 98.8708 4
      vertex 53.9125 105.129 4
    endloop
  endfacet
  facet normal 0 0 1
    outer loop
      vertex 53.6353 105.228 4
      vertex 53.6353 98.7716 4
      vertex 53.9125 98.8708 4
    endloop
  endfacet
  facet normal 0 0 1
    outer loop
      vertex 53.3691 105.354 4
      vertex 53.6353 98.7716 4
      vertex 53.6353 105.228 4
    endloop
  endfacet
  facet normal 0 0 1
    outer loop
      vertex 53.3691 105.354 4
      vertex 53.3691 98.6458 4
      vertex 53.6353 98.7716 4
    endloop
  endfacet
  facet normal 0 0 1
    outer loop
      vertex 53.1166 105.506 4
      vertex 53.3691 98.6458 4
      vertex 53.3691 105.354 4
    endloop
  endfacet
  facet normal 0 0 1
    outer loop
      vertex 53.1166 105.506 4
      vertex 53.1166 98.4944 4
      vertex 53.3691 98.6458 4
    endloop
  endfacet
  facet normal 0 0 1
    outer loop
      vertex 52.8801 105.681 4
      vertex 53.1166 98.4944 4
      vertex 53.1166 105.506 4
    endloop
  endfacet
  facet normal 0 0 1
    outer loop
      vertex 52.8801 105.681 4
      vertex 52.8801 98.319 4
      vertex 53.1166 98.4944 4
    endloop
  endfacet
  facet normal 0 0 1
    outer loop
      vertex 52.662 105.879 4
      vertex 52.8801 98.319 4
      vertex 52.8801 105.681 4
    endloop
  endfacet
  facet normal 0 0 1
    outer loop
      vertex 52.662 105.879 4
      vertex 52.662 98.1213 4
      vertex 52.8801 98.319 4
    endloop
  endfacet
  facet normal 0 0 1
    outer loop
      vertex 52.4643 106.097 4
      vertex 52.662 98.1213 4
      vertex 52.662 105.879 4
    endloop
  endfacet
  facet normal 0 0 1
    outer loop
      vertex 52.4643 106.097 4
      vertex 52.4643 97.9032 4
      vertex 52.662 98.1213 4
    endloop
  endfacet
  facet normal 0 0 1
    outer loop
      vertex 51.9125 107.129 4
      vertex 45.6541 107.129 4
      vertex 52.0117 106.852 4
    endloop
  endfacet
  facet normal 0 0 1
    outer loop
      vertex 45.555 106.852 4
      vertex 52.0117 106.852 4
      vertex 45.6541 107.129 4
    endloop
  endfacet
  facet normal 0 0 1
    outer loop
      vertex 45.6541 107.129 4
      vertex 51.9125 107.129 4
      vertex 45.7257 107.415 4
    endloop
  endfacet
  facet normal 0 0 1
    outer loop
      vertex 52.0117 106.852 4
      vertex 45.555 106.852 4
      vertex 52.1376 106.586 4
    endloop
  endfacet
  facet normal 0 0 1
    outer loop
      vertex 51.841 107.415 4
      vertex 45.7257 107.415 4
      vertex 51.9125 107.129 4
    endloop
  endfacet
  facet normal 0 0 1
    outer loop
      vertex 52.4643 97.9032 4
      vertex 45.7833 96 4
      vertex 52.2889 97.6667 4
    endloop
  endfacet
  facet normal 0 0 1
    outer loop
      vertex 45.7257 107.415 4
      vertex 51.841 107.415 4
      vertex 45.7689 107.706 4
    endloop
  endfacet
  facet normal 0 0 1
    outer loop
      vertex 52.2889 97.6667 4
      vertex 45.7833 96 4
      vertex 52.1376 97.4142 4
    endloop
  endfacet
  facet normal 0 0 1
    outer loop
      vertex 51.7978 107.706 4
      vertex 45.7689 107.706 4
      vertex 51.841 107.415 4
    endloop
  endfacet
  facet normal 0 0 1
    outer loop
      vertex 52.1376 97.4142 4
      vertex 45.7833 96 4
      vertex 52.0117 97.1481 4
    endloop
  endfacet
  facet normal 0 0 1
    outer loop
      vertex 45.7689 107.706 4
      vertex 51.7978 107.706 4
      vertex 45.7833 108 4
    endloop
  endfacet
  facet normal 0 0 1
    outer loop
      vertex 52.0117 97.1481 4
      vertex 45.7833 96 4
      vertex 51.9125 96.8708 4
    endloop
  endfacet
  facet normal -0 0 1
    outer loop
      vertex 45.7833 108 4
      vertex 51.7978 107.706 4
      vertex 51.7833 108 4
    endloop
  endfacet
  facet normal 0 0 1
    outer loop
      vertex 51.9125 96.8708 4
      vertex 45.7833 96 4
      vertex 51.841 96.5853 4
    endloop
  endfacet
  facet normal 0 0 1
    outer loop
      vertex 81.2124 128.836 4
      vertex 87.9209 128.836 4
      vertex 81.3383 129.102 4
    endloop
  endfacet
  facet normal 0 0 1
    outer loop
      vertex 88.2476 120.153 4
      vertex 81.5522 118.544 4
      vertex 81.5667 118.25 4
    endloop
  endfacet
  facet normal 0 0 1
    outer loop
      vertex 87.9209 128.836 4
      vertex 81.2124 128.836 4
      vertex 88.0723 128.583 4
    endloop
  endfacet
  facet normal 0 0 1
    outer loop
      vertex 88.2476 120.153 4
      vertex 81.509 118.835 4
      vertex 81.5522 118.544 4
    endloop
  endfacet
  facet normal 0 0 1
    outer loop
      vertex 81.0611 128.583 4
      vertex 88.0723 128.583 4
      vertex 81.2124 128.836 4
    endloop
  endfacet
  facet normal 0 0 1
    outer loop
      vertex 88.2476 120.153 4
      vertex 81.4375 119.121 4
      vertex 81.509 118.835 4
    endloop
  endfacet
  facet normal 0 0 1
    outer loop
      vertex 88.0723 128.583 4
      vertex 81.0611 128.583 4
      vertex 88.2476 128.347 4
    endloop
  endfacet
  facet normal 0 0 1
    outer loop
      vertex 88.2476 120.153 4
      vertex 81.3383 119.398 4
      vertex 81.4375 119.121 4
    endloop
  endfacet
  facet normal 0 0 1
    outer loop
      vertex 80.8857 128.347 4
      vertex 88.2476 128.347 4
      vertex 81.0611 128.583 4
    endloop
  endfacet
  facet normal 0 0 1
    outer loop
      vertex 88.2476 120.153 4
      vertex 81.2124 119.664 4
      vertex 81.3383 119.398 4
    endloop
  endfacet
  facet normal 0 0 1
    outer loop
      vertex 80.688 128.129 4
      vertex 88.2476 128.347 4
      vertex 80.8857 128.347 4
    endloop
  endfacet
  facet normal 0 0 1
    outer loop
      vertex 88.2476 120.153 4
      vertex 81.0611 119.917 4
      vertex 81.2124 119.664 4
    endloop
  endfacet
  facet normal 0 0 1
    outer loop
      vertex 88.2476 128.347 4
      vertex 80.688 128.129 4
      vertex 88.2476 120.153 4
    endloop
  endfacet
  facet normal 0 0 1
    outer loop
      vertex 88.2476 120.153 4
      vertex 80.8857 120.153 4
      vertex 81.0611 119.917 4
    endloop
  endfacet
  facet normal -0 0 1
    outer loop
      vertex 80.688 120.371 4
      vertex 88.2476 120.153 4
      vertex 80.688 128.129 4
    endloop
  endfacet
  facet normal 0 0 1
    outer loop
      vertex 88.2476 120.153 4
      vertex 80.688 120.371 4
      vertex 80.8857 120.153 4
    endloop
  endfacet
  facet normal -0 0 1
    outer loop
      vertex 80.4698 127.931 4
      vertex 80.688 120.371 4
      vertex 80.688 128.129 4
    endloop
  endfacet
  facet normal 0 0 1
    outer loop
      vertex 80.4698 127.931 4
      vertex 80.4698 120.569 4
      vertex 80.688 120.371 4
    endloop
  endfacet
  facet normal -0 0 1
    outer loop
      vertex 80.2334 127.756 4
      vertex 80.4698 120.569 4
      vertex 80.4698 127.931 4
    endloop
  endfacet
  facet normal 0 0 1
    outer loop
      vertex 80.2334 127.756 4
      vertex 80.2334 120.744 4
      vertex 80.4698 120.569 4
    endloop
  endfacet
  facet normal -0 0 1
    outer loop
      vertex 79.9808 127.604 4
      vertex 80.2334 120.744 4
      vertex 80.2334 127.756 4
    endloop
  endfacet
  facet normal 0 0 1
    outer loop
      vertex 79.9808 127.604 4
      vertex 79.9808 120.896 4
      vertex 80.2334 120.744 4
    endloop
  endfacet
  facet normal -0 0 1
    outer loop
      vertex 79.7147 127.478 4
      vertex 79.9808 120.896 4
      vertex 79.9808 127.604 4
    endloop
  endfacet
  facet normal 0 0 1
    outer loop
      vertex 79.7147 127.478 4
      vertex 79.7147 121.022 4
      vertex 79.9808 120.896 4
    endloop
  endfacet
  facet normal -0 0 1
    outer loop
      vertex 79.4375 127.379 4
      vertex 79.7147 121.022 4
      vertex 79.7147 127.478 4
    endloop
  endfacet
  facet normal 0 0 1
    outer loop
      vertex 79.4375 127.379 4
      vertex 79.4375 121.121 4
      vertex 79.7147 121.022 4
    endloop
  endfacet
  facet normal -0 0 1
    outer loop
      vertex 79.1519 127.308 4
      vertex 79.4375 121.121 4
      vertex 79.4375 127.379 4
    endloop
  endfacet
  facet normal 0 0 1
    outer loop
      vertex 79.1519 127.308 4
      vertex 79.1519 121.192 4
      vertex 79.4375 121.121 4
    endloop
  endfacet
  facet normal -0 0 1
    outer loop
      vertex 78.8607 127.264 4
      vertex 79.1519 121.192 4
      vertex 79.1519 127.308 4
    endloop
  endfacet
  facet normal 0 0 1
    outer loop
      vertex 78.8607 127.264 4
      vertex 78.8607 121.236 4
      vertex 79.1519 121.192 4
    endloop
  endfacet
  facet normal -0 0 1
    outer loop
      vertex 78.5667 127.25 4
      vertex 78.8607 121.236 4
      vertex 78.8607 127.264 4
    endloop
  endfacet
  facet normal 0 0 1
    outer loop
      vertex 78.5667 127.25 4
      vertex 78.5667 121.25 4
      vertex 78.8607 121.236 4
    endloop
  endfacet
  facet normal -0 0 1
    outer loop
      vertex 54.7833 127.25 4
      vertex 78.5667 121.25 4
      vertex 78.5667 127.25 4
    endloop
  endfacet
  facet normal 0 0 1
    outer loop
      vertex 54.7833 127.25 4
      vertex 54.7833 121.25 4
      vertex 78.5667 121.25 4
    endloop
  endfacet
  facet normal 0 0 1
    outer loop
      vertex 54.4893 127.264 4
      vertex 54.7833 121.25 4
      vertex 54.7833 127.25 4
    endloop
  endfacet
  facet normal 0 0 1
    outer loop
      vertex 54.4893 127.264 4
      vertex 54.4893 121.236 4
      vertex 54.7833 121.25 4
    endloop
  endfacet
  facet normal 0 0 1
    outer loop
      vertex 54.1981 127.308 4
      vertex 54.4893 121.236 4
      vertex 54.4893 127.264 4
    endloop
  endfacet
  facet normal 0 0 1
    outer loop
      vertex 54.1981 127.308 4
      vertex 54.1981 121.192 4
      vertex 54.4893 121.236 4
    endloop
  endfacet
  facet normal 0 0 1
    outer loop
      vertex 53.9125 127.379 4
      vertex 54.1981 121.192 4
      vertex 54.1981 127.308 4
    endloop
  endfacet
  facet normal 0 0 1
    outer loop
      vertex 53.9125 127.379 4
      vertex 53.9125 121.121 4
      vertex 54.1981 121.192 4
    endloop
  endfacet
  facet normal 0 0 1
    outer loop
      vertex 53.6353 127.478 4
      vertex 53.9125 121.121 4
      vertex 53.9125 127.379 4
    endloop
  endfacet
  facet normal 0 0 1
    outer loop
      vertex 53.6353 127.478 4
      vertex 53.6353 121.022 4
      vertex 53.9125 121.121 4
    endloop
  endfacet
  facet normal 0 0 1
    outer loop
      vertex 53.3691 127.604 4
      vertex 53.6353 121.022 4
      vertex 53.6353 127.478 4
    endloop
  endfacet
  facet normal 0 0 1
    outer loop
      vertex 53.3691 127.604 4
      vertex 53.3691 120.896 4
      vertex 53.6353 121.022 4
    endloop
  endfacet
  facet normal 0 0 1
    outer loop
      vertex 53.1166 127.756 4
      vertex 53.3691 120.896 4
      vertex 53.3691 127.604 4
    endloop
  endfacet
  facet normal 0 0 1
    outer loop
      vertex 53.1166 127.756 4
      vertex 53.1166 120.744 4
      vertex 53.3691 120.896 4
    endloop
  endfacet
  facet normal 0 0 1
    outer loop
      vertex 52.8801 127.931 4
      vertex 53.1166 120.744 4
      vertex 53.1166 127.756 4
    endloop
  endfacet
  facet normal 0 0 1
    outer loop
      vertex 52.8801 127.931 4
      vertex 52.8801 120.569 4
      vertex 53.1166 120.744 4
    endloop
  endfacet
  facet normal 0 0 1
    outer loop
      vertex 52.662 128.129 4
      vertex 52.8801 120.569 4
      vertex 52.8801 127.931 4
    endloop
  endfacet
  facet normal 0 0 1
    outer loop
      vertex 52.662 128.129 4
      vertex 52.662 120.371 4
      vertex 52.8801 120.569 4
    endloop
  endfacet
  facet normal 0 0 1
    outer loop
      vertex 52.4643 128.347 4
      vertex 52.662 120.371 4
      vertex 52.662 128.129 4
    endloop
  endfacet
  facet normal 0 0 1
    outer loop
      vertex 52.4643 128.347 4
      vertex 52.4643 120.153 4
      vertex 52.662 120.371 4
    endloop
  endfacet
  facet normal 0 0 1
    outer loop
      vertex 51.9125 129.379 4
      vertex 45.6541 129.379 4
      vertex 52.0117 129.102 4
    endloop
  endfacet
  facet normal 0 0 1
    outer loop
      vertex 45.555 129.102 4
      vertex 52.0117 129.102 4
      vertex 45.6541 129.379 4
    endloop
  endfacet
  facet normal 0 0 1
    outer loop
      vertex 45.6541 129.379 4
      vertex 51.9125 129.379 4
      vertex 45.7257 129.665 4
    endloop
  endfacet
  facet normal 0 0 1
    outer loop
      vertex 52.0117 129.102 4
      vertex 45.555 129.102 4
      vertex 52.1376 128.836 4
    endloop
  endfacet
  facet normal 0 0 1
    outer loop
      vertex 51.841 129.665 4
      vertex 45.7257 129.665 4
      vertex 51.9125 129.379 4
    endloop
  endfacet
  facet normal 0 0 1
    outer loop
      vertex 52.4643 120.153 4
      vertex 45.7833 118.25 4
      vertex 52.2889 119.917 4
    endloop
  endfacet
  facet normal 0 0 1
    outer loop
      vertex 45.7257 129.665 4
      vertex 51.841 129.665 4
      vertex 45.7689 129.956 4
    endloop
  endfacet
  facet normal 0 0 1
    outer loop
      vertex 52.2889 119.917 4
      vertex 45.7833 118.25 4
      vertex 52.1376 119.664 4
    endloop
  endfacet
  facet normal 0 0 1
    outer loop
      vertex 51.7978 129.956 4
      vertex 45.7689 129.956 4
      vertex 51.841 129.665 4
    endloop
  endfacet
  facet normal 0 0 1
    outer loop
      vertex 52.1376 119.664 4
      vertex 45.7833 118.25 4
      vertex 52.0117 119.398 4
    endloop
  endfacet
  facet normal 0 0 1
    outer loop
      vertex 45.7689 129.956 4
      vertex 51.7978 129.956 4
      vertex 45.7833 130.25 4
    endloop
  endfacet
  facet normal 0 0 1
    outer loop
      vertex 52.0117 119.398 4
      vertex 45.7833 118.25 4
      vertex 51.9125 119.121 4
    endloop
  endfacet
  facet normal -0 0 1
    outer loop
      vertex 45.7833 130.25 4
      vertex 51.7978 129.956 4
      vertex 51.7833 130.25 4
    endloop
  endfacet
  facet normal 0 0 1
    outer loop
      vertex 51.9125 119.121 4
      vertex 45.7833 118.25 4
      vertex 51.841 118.835 4
    endloop
  endfacet
  facet normal 0 0 1
    outer loop
      vertex 117.221 40.3792 4
      vertex 126.65 48.3 4
      vertex 117.292 40.6647 4
    endloop
  endfacet
  facet normal 0 0 1
    outer loop
      vertex 131.05 48.3 4
      vertex 117.336 29.5441 4
      vertex 117.35 29.25 4
    endloop
  endfacet
  facet normal -0 0 1
    outer loop
      vertex 126.65 48.3 4
      vertex 117.221 40.3792 4
      vertex 131.05 48.3 4
    endloop
  endfacet
  facet normal 0 0 1
    outer loop
      vertex 131.05 48.3 4
      vertex 117.292 29.8353 4
      vertex 117.336 29.5441 4
    endloop
  endfacet
  facet normal 0 0 1
    outer loop
      vertex 117.122 40.1019 4
      vertex 131.05 48.3 4
      vertex 117.221 40.3792 4
    endloop
  endfacet
  facet normal 0 0 1
    outer loop
      vertex 131.05 48.3 4
      vertex 117.221 30.1208 4
      vertex 117.292 29.8353 4
    endloop
  endfacet
  facet normal 0 0 1
    outer loop
      vertex 117.122 30.3981 4
      vertex 131.05 48.3 4
      vertex 117.122 40.1019 4
    endloop
  endfacet
  facet normal 0 0 1
    outer loop
      vertex 131.05 48.3 4
      vertex 117.122 30.3981 4
      vertex 117.221 30.1208 4
    endloop
  endfacet
  facet normal -0 0 1
    outer loop
      vertex 116.996 39.8358 4
      vertex 117.122 30.3981 4
      vertex 117.122 40.1019 4
    endloop
  endfacet
  facet normal 0 0 1
    outer loop
      vertex 116.996 39.8358 4
      vertex 116.996 30.6642 4
      vertex 117.122 30.3981 4
    endloop
  endfacet
  facet normal -0 0 1
    outer loop
      vertex 116.844 39.5833 4
      vertex 116.996 30.6642 4
      vertex 116.996 39.8358 4
    endloop
  endfacet
  facet normal 0 0 1
    outer loop
      vertex 116.844 39.5833 4
      vertex 116.844 30.9167 4
      vertex 116.996 30.6642 4
    endloop
  endfacet
  facet normal -0 0 1
    outer loop
      vertex 116.669 39.3468 4
      vertex 116.844 30.9167 4
      vertex 116.844 39.5833 4
    endloop
  endfacet
  facet normal 0 0 1
    outer loop
      vertex 116.669 39.3468 4
      vertex 116.669 31.1532 4
      vertex 116.844 30.9167 4
    endloop
  endfacet
  facet normal -0 0 1
    outer loop
      vertex 116.471 39.1287 4
      vertex 116.669 31.1532 4
      vertex 116.669 39.3468 4
    endloop
  endfacet
  facet normal 0 0 1
    outer loop
      vertex 116.471 39.1287 4
      vertex 116.471 31.3713 4
      vertex 116.669 31.1532 4
    endloop
  endfacet
  facet normal -0 0 1
    outer loop
      vertex 116.253 38.931 4
      vertex 116.471 31.3713 4
      vertex 116.471 39.1287 4
    endloop
  endfacet
  facet normal 0 0 1
    outer loop
      vertex 116.253 38.931 4
      vertex 116.253 31.569 4
      vertex 116.471 31.3713 4
    endloop
  endfacet
  facet normal -0 0 1
    outer loop
      vertex 116.017 38.7556 4
      vertex 116.253 31.569 4
      vertex 116.253 38.931 4
    endloop
  endfacet
  facet normal 0 0 1
    outer loop
      vertex 116.017 38.7556 4
      vertex 116.017 31.7444 4
      vertex 116.253 31.569 4
    endloop
  endfacet
  facet normal -0 0 1
    outer loop
      vertex 115.764 38.6042 4
      vertex 116.017 31.7444 4
      vertex 116.017 38.7556 4
    endloop
  endfacet
  facet normal 0 0 1
    outer loop
      vertex 115.764 38.6042 4
      vertex 115.764 31.8958 4
      vertex 116.017 31.7444 4
    endloop
  endfacet
  facet normal -0 0 1
    outer loop
      vertex 115.498 38.4784 4
      vertex 115.764 31.8958 4
      vertex 115.764 38.6042 4
    endloop
  endfacet
  facet normal 0 0 1
    outer loop
      vertex 115.498 38.4784 4
      vertex 115.498 32.0216 4
      vertex 115.764 31.8958 4
    endloop
  endfacet
  facet normal -0 0 1
    outer loop
      vertex 115.221 38.3792 4
      vertex 115.498 32.0216 4
      vertex 115.498 38.4784 4
    endloop
  endfacet
  facet normal 0 0 1
    outer loop
      vertex 115.221 38.3792 4
      vertex 115.221 32.1208 4
      vertex 115.498 32.0216 4
    endloop
  endfacet
  facet normal -0 0 1
    outer loop
      vertex 114.935 38.3076 4
      vertex 115.221 32.1208 4
      vertex 115.221 38.3792 4
    endloop
  endfacet
  facet normal 0 0 1
    outer loop
      vertex 114.935 38.3076 4
      vertex 114.935 32.1924 4
      vertex 115.221 32.1208 4
    endloop
  endfacet
  facet normal -0 0 1
    outer loop
      vertex 114.644 38.2645 4
      vertex 114.935 32.1924 4
      vertex 114.935 38.3076 4
    endloop
  endfacet
  facet normal 0 0 1
    outer loop
      vertex 114.644 38.2645 4
      vertex 114.644 32.2355 4
      vertex 114.935 32.1924 4
    endloop
  endfacet
  facet normal -0 0 1
    outer loop
      vertex 114.35 38.25 4
      vertex 114.644 32.2355 4
      vertex 114.644 38.2645 4
    endloop
  endfacet
  facet normal 0 0 1
    outer loop
      vertex 114.35 38.25 4
      vertex 114.35 32.25 4
      vertex 114.644 32.2355 4
    endloop
  endfacet
  facet normal -0 0 1
    outer loop
      vertex 90.5667 38.25 4
      vertex 114.35 32.25 4
      vertex 114.35 38.25 4
    endloop
  endfacet
  facet normal 0 0 1
    outer loop
      vertex 90.5667 38.25 4
      vertex 90.5667 32.25 4
      vertex 114.35 32.25 4
    endloop
  endfacet
  facet normal 0 0 1
    outer loop
      vertex 90.2726 38.2645 4
      vertex 90.5667 32.25 4
      vertex 90.5667 38.25 4
    endloop
  endfacet
  facet normal 0 0 1
    outer loop
      vertex 90.2726 38.2645 4
      vertex 90.2726 32.2355 4
      vertex 90.5667 32.25 4
    endloop
  endfacet
  facet normal 0 0 1
    outer loop
      vertex 89.9814 38.3076 4
      vertex 90.2726 32.2355 4
      vertex 90.2726 38.2645 4
    endloop
  endfacet
  facet normal 0 0 1
    outer loop
      vertex 89.9814 38.3076 4
      vertex 89.9814 32.1924 4
      vertex 90.2726 32.2355 4
    endloop
  endfacet
  facet normal 0 0 1
    outer loop
      vertex 89.6958 38.3792 4
      vertex 89.9814 32.1924 4
      vertex 89.9814 38.3076 4
    endloop
  endfacet
  facet normal 0 0 1
    outer loop
      vertex 89.6958 38.3792 4
      vertex 89.6958 32.1208 4
      vertex 89.9814 32.1924 4
    endloop
  endfacet
  facet normal 0 0 1
    outer loop
      vertex 89.4186 38.4784 4
      vertex 89.6958 32.1208 4
      vertex 89.6958 38.3792 4
    endloop
  endfacet
  facet normal 0 0 1
    outer loop
      vertex 89.4186 38.4784 4
      vertex 89.4186 32.0216 4
      vertex 89.6958 32.1208 4
    endloop
  endfacet
  facet normal 0 0 1
    outer loop
      vertex 89.1525 38.6042 4
      vertex 89.4186 32.0216 4
      vertex 89.4186 38.4784 4
    endloop
  endfacet
  facet normal 0 0 1
    outer loop
      vertex 89.1525 38.6042 4
      vertex 89.1525 31.8958 4
      vertex 89.4186 32.0216 4
    endloop
  endfacet
  facet normal 0 0 1
    outer loop
      vertex 88.8999 38.7556 4
      vertex 89.1525 31.8958 4
      vertex 89.1525 38.6042 4
    endloop
  endfacet
  facet normal 0 0 1
    outer loop
      vertex 88.8999 38.7556 4
      vertex 88.8999 31.7444 4
      vertex 89.1525 31.8958 4
    endloop
  endfacet
  facet normal 0 0 1
    outer loop
      vertex 88.6635 38.931 4
      vertex 88.8999 31.7444 4
      vertex 88.8999 38.7556 4
    endloop
  endfacet
  facet normal 0 0 1
    outer loop
      vertex 88.6635 38.931 4
      vertex 88.6635 31.569 4
      vertex 88.8999 31.7444 4
    endloop
  endfacet
  facet normal 0 0 1
    outer loop
      vertex 88.4453 39.1287 4
      vertex 88.6635 31.569 4
      vertex 88.6635 38.931 4
    endloop
  endfacet
  facet normal 0 0 1
    outer loop
      vertex 88.4453 39.1287 4
      vertex 88.4453 31.3713 4
      vertex 88.6635 31.569 4
    endloop
  endfacet
  facet normal 0 0 1
    outer loop
      vertex 88.2476 39.3468 4
      vertex 88.4453 31.3713 4
      vertex 88.4453 39.1287 4
    endloop
  endfacet
  facet normal 0 0 1
    outer loop
      vertex 88.2476 39.3468 4
      vertex 88.2476 31.1532 4
      vertex 88.4453 31.3713 4
    endloop
  endfacet
  facet normal 0 0 1
    outer loop
      vertex 87.6958 40.3792 4
      vertex 81.4375 40.3792 4
      vertex 87.795 40.1019 4
    endloop
  endfacet
  facet normal 0 0 1
    outer loop
      vertex 81.3383 40.1019 4
      vertex 87.795 40.1019 4
      vertex 81.4375 40.3792 4
    endloop
  endfacet
  facet normal 0 0 1
    outer loop
      vertex 81.4375 40.3792 4
      vertex 87.6958 40.3792 4
      vertex 81.509 40.6647 4
    endloop
  endfacet
  facet normal 0 0 1
    outer loop
      vertex 87.795 40.1019 4
      vertex 81.3383 40.1019 4
      vertex 87.9209 39.8358 4
    endloop
  endfacet
  facet normal 0 0 1
    outer loop
      vertex 87.6243 40.6647 4
      vertex 81.509 40.6647 4
      vertex 87.6958 40.3792 4
    endloop
  endfacet
  facet normal 0 0 1
    outer loop
      vertex 88.2476 31.1532 4
      vertex 81.5667 29.25 4
      vertex 88.0723 30.9167 4
    endloop
  endfacet
  facet normal 0 0 1
    outer loop
      vertex 81.509 40.6647 4
      vertex 87.6243 40.6647 4
      vertex 81.5522 40.9559 4
    endloop
  endfacet
  facet normal 0 0 1
    outer loop
      vertex 88.0723 30.9167 4
      vertex 81.5667 29.25 4
      vertex 87.9209 30.6642 4
    endloop
  endfacet
  facet normal 0 0 1
    outer loop
      vertex 87.5811 40.9559 4
      vertex 81.5522 40.9559 4
      vertex 87.6243 40.6647 4
    endloop
  endfacet
  facet normal 0 0 1
    outer loop
      vertex 87.9209 30.6642 4
      vertex 81.5667 29.25 4
      vertex 87.795 30.3981 4
    endloop
  endfacet
  facet normal 0 0 1
    outer loop
      vertex 81.5522 40.9559 4
      vertex 87.5811 40.9559 4
      vertex 81.5667 41.25 4
    endloop
  endfacet
  facet normal 0 0 1
    outer loop
      vertex 87.795 30.3981 4
      vertex 81.5667 29.25 4
      vertex 87.6958 30.1208 4
    endloop
  endfacet
  facet normal -0 0 1
    outer loop
      vertex 81.5667 41.25 4
      vertex 87.5811 40.9559 4
      vertex 87.5667 41.25 4
    endloop
  endfacet
  facet normal 0 0 1
    outer loop
      vertex 87.6958 30.1208 4
      vertex 81.5667 29.25 4
      vertex 87.6243 29.8353 4
    endloop
  endfacet
  facet normal -0 0 1
    outer loop
      vertex 117.292 62.9147 4
      vertex 126.65 48.3 4
      vertex 117.336 63.2059 4
    endloop
  endfacet
  facet normal 0 0 1
    outer loop
      vertex 126.65 48.3 4
      vertex 117.336 51.7941 4
      vertex 117.35 51.5 4
    endloop
  endfacet
  facet normal -0 0 1
    outer loop
      vertex 117.221 62.6292 4
      vertex 126.65 48.3 4
      vertex 117.292 62.9147 4
    endloop
  endfacet
  facet normal 0 0 1
    outer loop
      vertex 126.65 48.3 4
      vertex 117.292 52.0853 4
      vertex 117.336 51.7941 4
    endloop
  endfacet
  facet normal -0 0 1
    outer loop
      vertex 117.122 62.3519 4
      vertex 126.65 48.3 4
      vertex 117.221 62.6292 4
    endloop
  endfacet
  facet normal 0 0 1
    outer loop
      vertex 126.65 48.3 4
      vertex 117.221 52.3708 4
      vertex 117.292 52.0853 4
    endloop
  endfacet
  facet normal -0 0 1
    outer loop
      vertex 116.996 62.0858 4
      vertex 126.65 48.3 4
      vertex 117.122 62.3519 4
    endloop
  endfacet
  facet normal 0 0 1
    outer loop
      vertex 126.65 48.3 4
      vertex 117.122 52.6481 4
      vertex 117.221 52.3708 4
    endloop
  endfacet
  facet normal -0 0 1
    outer loop
      vertex 116.996 52.9142 4
      vertex 126.65 48.3 4
      vertex 116.996 62.0858 4
    endloop
  endfacet
  facet normal 0 0 1
    outer loop
      vertex 126.65 48.3 4
      vertex 116.996 52.9142 4
      vertex 117.122 52.6481 4
    endloop
  endfacet
  facet normal -0 0 1
    outer loop
      vertex 116.844 61.8333 4
      vertex 116.996 52.9142 4
      vertex 116.996 62.0858 4
    endloop
  endfacet
  facet normal 0 0 1
    outer loop
      vertex 116.844 61.8333 4
      vertex 116.844 53.1667 4
      vertex 116.996 52.9142 4
    endloop
  endfacet
  facet normal -0 0 1
    outer loop
      vertex 116.669 61.5968 4
      vertex 116.844 53.1667 4
      vertex 116.844 61.8333 4
    endloop
  endfacet
  facet normal 0 0 1
    outer loop
      vertex 116.669 61.5968 4
      vertex 116.669 53.4032 4
      vertex 116.844 53.1667 4
    endloop
  endfacet
  facet normal -0 0 1
    outer loop
      vertex 116.471 61.3787 4
      vertex 116.669 53.4032 4
      vertex 116.669 61.5968 4
    endloop
  endfacet
  facet normal 0 0 1
    outer loop
      vertex 116.471 61.3787 4
      vertex 116.471 53.6213 4
      vertex 116.669 53.4032 4
    endloop
  endfacet
  facet normal -0 0 1
    outer loop
      vertex 116.253 61.181 4
      vertex 116.471 53.6213 4
      vertex 116.471 61.3787 4
    endloop
  endfacet
  facet normal 0 0 1
    outer loop
      vertex 116.253 61.181 4
      vertex 116.253 53.819 4
      vertex 116.471 53.6213 4
    endloop
  endfacet
  facet normal -0 0 1
    outer loop
      vertex 116.017 61.0056 4
      vertex 116.253 53.819 4
      vertex 116.253 61.181 4
    endloop
  endfacet
  facet normal 0 0 1
    outer loop
      vertex 116.017 61.0056 4
      vertex 116.017 53.9944 4
      vertex 116.253 53.819 4
    endloop
  endfacet
  facet normal -0 0 1
    outer loop
      vertex 115.764 60.8542 4
      vertex 116.017 53.9944 4
      vertex 116.017 61.0056 4
    endloop
  endfacet
  facet normal 0 0 1
    outer loop
      vertex 115.764 60.8542 4
      vertex 115.764 54.1458 4
      vertex 116.017 53.9944 4
    endloop
  endfacet
  facet normal -0 0 1
    outer loop
      vertex 115.498 60.7284 4
      vertex 115.764 54.1458 4
      vertex 115.764 60.8542 4
    endloop
  endfacet
  facet normal 0 0 1
    outer loop
      vertex 115.498 60.7284 4
      vertex 115.498 54.2716 4
      vertex 115.764 54.1458 4
    endloop
  endfacet
  facet normal -0 0 1
    outer loop
      vertex 115.221 60.6292 4
      vertex 115.498 54.2716 4
      vertex 115.498 60.7284 4
    endloop
  endfacet
  facet normal 0 0 1
    outer loop
      vertex 115.221 60.6292 4
      vertex 115.221 54.3708 4
      vertex 115.498 54.2716 4
    endloop
  endfacet
  facet normal -0 0 1
    outer loop
      vertex 114.935 60.5576 4
      vertex 115.221 54.3708 4
      vertex 115.221 60.6292 4
    endloop
  endfacet
  facet normal 0 0 1
    outer loop
      vertex 114.935 60.5576 4
      vertex 114.935 54.4424 4
      vertex 115.221 54.3708 4
    endloop
  endfacet
  facet normal -0 0 1
    outer loop
      vertex 114.644 60.5145 4
      vertex 114.935 54.4424 4
      vertex 114.935 60.5576 4
    endloop
  endfacet
  facet normal 0 0 1
    outer loop
      vertex 114.644 60.5145 4
      vertex 114.644 54.4855 4
      vertex 114.935 54.4424 4
    endloop
  endfacet
  facet normal -0 0 1
    outer loop
      vertex 114.35 60.5 4
      vertex 114.644 54.4855 4
      vertex 114.644 60.5145 4
    endloop
  endfacet
  facet normal 0 0 1
    outer loop
      vertex 114.35 60.5 4
      vertex 114.35 54.5 4
      vertex 114.644 54.4855 4
    endloop
  endfacet
  facet normal -0 0 1
    outer loop
      vertex 90.5667 60.5 4
      vertex 114.35 54.5 4
      vertex 114.35 60.5 4
    endloop
  endfacet
  facet normal 0 0 1
    outer loop
      vertex 90.5667 60.5 4
      vertex 90.5667 54.5 4
      vertex 114.35 54.5 4
    endloop
  endfacet
  facet normal 0 0 1
    outer loop
      vertex 90.2726 60.5145 4
      vertex 90.5667 54.5 4
      vertex 90.5667 60.5 4
    endloop
  endfacet
  facet normal 0 0 1
    outer loop
      vertex 90.2726 60.5145 4
      vertex 90.2726 54.4855 4
      vertex 90.5667 54.5 4
    endloop
  endfacet
  facet normal 0 0 1
    outer loop
      vertex 89.9814 60.5576 4
      vertex 90.2726 54.4855 4
      vertex 90.2726 60.5145 4
    endloop
  endfacet
  facet normal 0 0 1
    outer loop
      vertex 89.9814 60.5576 4
      vertex 89.9814 54.4424 4
      vertex 90.2726 54.4855 4
    endloop
  endfacet
  facet normal 0 0 1
    outer loop
      vertex 89.6958 60.6292 4
      vertex 89.9814 54.4424 4
      vertex 89.9814 60.5576 4
    endloop
  endfacet
  facet normal 0 0 1
    outer loop
      vertex 89.6958 60.6292 4
      vertex 89.6958 54.3708 4
      vertex 89.9814 54.4424 4
    endloop
  endfacet
  facet normal 0 0 1
    outer loop
      vertex 89.4186 60.7284 4
      vertex 89.6958 54.3708 4
      vertex 89.6958 60.6292 4
    endloop
  endfacet
  facet normal 0 0 1
    outer loop
      vertex 89.4186 60.7284 4
      vertex 89.4186 54.2716 4
      vertex 89.6958 54.3708 4
    endloop
  endfacet
  facet normal 0 0 1
    outer loop
      vertex 89.1525 60.8542 4
      vertex 89.4186 54.2716 4
      vertex 89.4186 60.7284 4
    endloop
  endfacet
  facet normal 0 0 1
    outer loop
      vertex 89.1525 60.8542 4
      vertex 89.1525 54.1458 4
      vertex 89.4186 54.2716 4
    endloop
  endfacet
  facet normal 0 0 1
    outer loop
      vertex 88.8999 61.0056 4
      vertex 89.1525 54.1458 4
      vertex 89.1525 60.8542 4
    endloop
  endfacet
  facet normal 0 0 1
    outer loop
      vertex 88.8999 61.0056 4
      vertex 88.8999 53.9944 4
      vertex 89.1525 54.1458 4
    endloop
  endfacet
  facet normal 0 0 1
    outer loop
      vertex 88.6635 61.181 4
      vertex 88.8999 53.9944 4
      vertex 88.8999 61.0056 4
    endloop
  endfacet
  facet normal 0 0 1
    outer loop
      vertex 88.6635 61.181 4
      vertex 88.6635 53.819 4
      vertex 88.8999 53.9944 4
    endloop
  endfacet
  facet normal 0 0 1
    outer loop
      vertex 88.4453 61.3787 4
      vertex 88.6635 53.819 4
      vertex 88.6635 61.181 4
    endloop
  endfacet
  facet normal 0 0 1
    outer loop
      vertex 88.4453 61.3787 4
      vertex 88.4453 53.6213 4
      vertex 88.6635 53.819 4
    endloop
  endfacet
  facet normal 0 0 1
    outer loop
      vertex 88.2476 61.5968 4
      vertex 88.4453 53.6213 4
      vertex 88.4453 61.3787 4
    endloop
  endfacet
  facet normal 0 0 1
    outer loop
      vertex 88.2476 61.5968 4
      vertex 88.2476 53.4032 4
      vertex 88.4453 53.6213 4
    endloop
  endfacet
  facet normal 0 0 1
    outer loop
      vertex 87.6958 62.6292 4
      vertex 81.4375 62.6292 4
      vertex 87.795 62.3519 4
    endloop
  endfacet
  facet normal 0 0 1
    outer loop
      vertex 81.3383 62.3519 4
      vertex 87.795 62.3519 4
      vertex 81.4375 62.6292 4
    endloop
  endfacet
  facet normal 0 0 1
    outer loop
      vertex 81.4375 62.6292 4
      vertex 87.6958 62.6292 4
      vertex 81.509 62.9147 4
    endloop
  endfacet
  facet normal 0 0 1
    outer loop
      vertex 87.795 62.3519 4
      vertex 81.3383 62.3519 4
      vertex 87.9209 62.0858 4
    endloop
  endfacet
  facet normal 0 0 1
    outer loop
      vertex 87.6243 62.9147 4
      vertex 81.509 62.9147 4
      vertex 87.6958 62.6292 4
    endloop
  endfacet
  facet normal 0 0 1
    outer loop
      vertex 88.2476 53.4032 4
      vertex 81.5667 51.5 4
      vertex 88.0723 53.1667 4
    endloop
  endfacet
  facet normal 0 0 1
    outer loop
      vertex 81.509 62.9147 4
      vertex 87.6243 62.9147 4
      vertex 81.5522 63.2059 4
    endloop
  endfacet
  facet normal 0 0 1
    outer loop
      vertex 88.0723 53.1667 4
      vertex 81.5667 51.5 4
      vertex 87.9209 52.9142 4
    endloop
  endfacet
  facet normal 0 0 1
    outer loop
      vertex 87.5811 63.2059 4
      vertex 81.5522 63.2059 4
      vertex 87.6243 62.9147 4
    endloop
  endfacet
  facet normal 0 0 1
    outer loop
      vertex 87.9209 52.9142 4
      vertex 81.5667 51.5 4
      vertex 87.795 52.6481 4
    endloop
  endfacet
  facet normal 0 0 1
    outer loop
      vertex 81.5522 63.2059 4
      vertex 87.5811 63.2059 4
      vertex 81.5667 63.5 4
    endloop
  endfacet
  facet normal 0 0 1
    outer loop
      vertex 87.795 52.6481 4
      vertex 81.5667 51.5 4
      vertex 87.6958 52.3708 4
    endloop
  endfacet
  facet normal -0 0 1
    outer loop
      vertex 81.5667 63.5 4
      vertex 87.5811 63.2059 4
      vertex 87.5667 63.5 4
    endloop
  endfacet
  facet normal 0 0 1
    outer loop
      vertex 87.6958 52.3708 4
      vertex 81.5667 51.5 4
      vertex 87.6243 52.0853 4
    endloop
  endfacet
  facet normal -0 0 1
    outer loop
      vertex 117.336 74.0441 4
      vertex 126.65 48.3 4
      vertex 117.336 85.4559 4
    endloop
  endfacet
  facet normal 0 0 1
    outer loop
      vertex 126.65 48.3 4
      vertex 117.336 74.0441 4
      vertex 117.35 73.75 4
    endloop
  endfacet
  facet normal -0 0 1
    outer loop
      vertex 117.292 85.1647 4
      vertex 117.336 74.0441 4
      vertex 117.336 85.4559 4
    endloop
  endfacet
  facet normal 0 0 1
    outer loop
      vertex 117.292 85.1647 4
      vertex 117.292 74.3353 4
      vertex 117.336 74.0441 4
    endloop
  endfacet
  facet normal -0 0 1
    outer loop
      vertex 117.221 84.8792 4
      vertex 117.292 74.3353 4
      vertex 117.292 85.1647 4
    endloop
  endfacet
  facet normal 0 0 1
    outer loop
      vertex 117.221 84.8792 4
      vertex 117.221 74.6208 4
      vertex 117.292 74.3353 4
    endloop
  endfacet
  facet normal -0 0 1
    outer loop
      vertex 117.122 84.6019 4
      vertex 117.221 74.6208 4
      vertex 117.221 84.8792 4
    endloop
  endfacet
  facet normal 0 0 1
    outer loop
      vertex 117.122 84.6019 4
      vertex 117.122 74.8981 4
      vertex 117.221 74.6208 4
    endloop
  endfacet
  facet normal -0 0 1
    outer loop
      vertex 116.996 84.3358 4
      vertex 117.122 74.8981 4
      vertex 117.122 84.6019 4
    endloop
  endfacet
  facet normal 0 0 1
    outer loop
      vertex 116.996 84.3358 4
      vertex 116.996 75.1642 4
      vertex 117.122 74.8981 4
    endloop
  endfacet
  facet normal -0 0 1
    outer loop
      vertex 116.844 84.0833 4
      vertex 116.996 75.1642 4
      vertex 116.996 84.3358 4
    endloop
  endfacet
  facet normal 0 0 1
    outer loop
      vertex 116.844 84.0833 4
      vertex 116.844 75.4167 4
      vertex 116.996 75.1642 4
    endloop
  endfacet
  facet normal -0 0 1
    outer loop
      vertex 116.669 83.8468 4
      vertex 116.844 75.4167 4
      vertex 116.844 84.0833 4
    endloop
  endfacet
  facet normal 0 0 1
    outer loop
      vertex 116.669 83.8468 4
      vertex 116.669 75.6532 4
      vertex 116.844 75.4167 4
    endloop
  endfacet
  facet normal -0 0 1
    outer loop
      vertex 116.471 83.6287 4
      vertex 116.669 75.6532 4
      vertex 116.669 83.8468 4
    endloop
  endfacet
  facet normal 0 0 1
    outer loop
      vertex 116.471 83.6287 4
      vertex 116.471 75.8713 4
      vertex 116.669 75.6532 4
    endloop
  endfacet
  facet normal -0 0 1
    outer loop
      vertex 116.253 83.431 4
      vertex 116.471 75.8713 4
      vertex 116.471 83.6287 4
    endloop
  endfacet
  facet normal 0 0 1
    outer loop
      vertex 116.253 83.431 4
      vertex 116.253 76.069 4
      vertex 116.471 75.8713 4
    endloop
  endfacet
  facet normal -0 0 1
    outer loop
      vertex 116.017 83.2556 4
      vertex 116.253 76.069 4
      vertex 116.253 83.431 4
    endloop
  endfacet
  facet normal 0 0 1
    outer loop
      vertex 116.017 83.2556 4
      vertex 116.017 76.2444 4
      vertex 116.253 76.069 4
    endloop
  endfacet
  facet normal -0 0 1
    outer loop
      vertex 115.764 83.1042 4
      vertex 116.017 76.2444 4
      vertex 116.017 83.2556 4
    endloop
  endfacet
  facet normal 0 0 1
    outer loop
      vertex 115.764 83.1042 4
      vertex 115.764 76.3958 4
      vertex 116.017 76.2444 4
    endloop
  endfacet
  facet normal -0 0 1
    outer loop
      vertex 115.498 82.9784 4
      vertex 115.764 76.3958 4
      vertex 115.764 83.1042 4
    endloop
  endfacet
  facet normal 0 0 1
    outer loop
      vertex 115.498 82.9784 4
      vertex 115.498 76.5216 4
      vertex 115.764 76.3958 4
    endloop
  endfacet
  facet normal -0 0 1
    outer loop
      vertex 115.221 82.8792 4
      vertex 115.498 76.5216 4
      vertex 115.498 82.9784 4
    endloop
  endfacet
  facet normal 0 0 1
    outer loop
      vertex 115.221 82.8792 4
      vertex 115.221 76.6208 4
      vertex 115.498 76.5216 4
    endloop
  endfacet
  facet normal -0 0 1
    outer loop
      vertex 114.935 82.8076 4
      vertex 115.221 76.6208 4
      vertex 115.221 82.8792 4
    endloop
  endfacet
  facet normal 0 0 1
    outer loop
      vertex 114.935 82.8076 4
      vertex 114.935 76.6924 4
      vertex 115.221 76.6208 4
    endloop
  endfacet
  facet normal -0 0 1
    outer loop
      vertex 114.644 82.7645 4
      vertex 114.935 76.6924 4
      vertex 114.935 82.8076 4
    endloop
  endfacet
  facet normal 0 0 1
    outer loop
      vertex 114.644 82.7645 4
      vertex 114.644 76.7355 4
      vertex 114.935 76.6924 4
    endloop
  endfacet
  facet normal -0 0 1
    outer loop
      vertex 114.35 82.75 4
      vertex 114.644 76.7355 4
      vertex 114.644 82.7645 4
    endloop
  endfacet
  facet normal 0 0 1
    outer loop
      vertex 114.35 82.75 4
      vertex 114.35 76.75 4
      vertex 114.644 76.7355 4
    endloop
  endfacet
  facet normal -0 0 1
    outer loop
      vertex 90.5667 82.75 4
      vertex 114.35 76.75 4
      vertex 114.35 82.75 4
    endloop
  endfacet
  facet normal 0 0 1
    outer loop
      vertex 90.5667 82.75 4
      vertex 90.5667 76.75 4
      vertex 114.35 76.75 4
    endloop
  endfacet
  facet normal 0 0 1
    outer loop
      vertex 90.2726 82.7645 4
      vertex 90.5667 76.75 4
      vertex 90.5667 82.75 4
    endloop
  endfacet
  facet normal 0 0 1
    outer loop
      vertex 90.2726 82.7645 4
      vertex 90.2726 76.7355 4
      vertex 90.5667 76.75 4
    endloop
  endfacet
  facet normal 0 0 1
    outer loop
      vertex 89.9814 82.8076 4
      vertex 90.2726 76.7355 4
      vertex 90.2726 82.7645 4
    endloop
  endfacet
  facet normal 0 0 1
    outer loop
      vertex 89.9814 82.8076 4
      vertex 89.9814 76.6924 4
      vertex 90.2726 76.7355 4
    endloop
  endfacet
  facet normal 0 0 1
    outer loop
      vertex 89.6958 82.8792 4
      vertex 89.9814 76.6924 4
      vertex 89.9814 82.8076 4
    endloop
  endfacet
  facet normal 0 0 1
    outer loop
      vertex 89.6958 82.8792 4
      vertex 89.6958 76.6208 4
      vertex 89.9814 76.6924 4
    endloop
  endfacet
  facet normal 0 0 1
    outer loop
      vertex 89.4186 82.9784 4
      vertex 89.6958 76.6208 4
      vertex 89.6958 82.8792 4
    endloop
  endfacet
  facet normal 0 0 1
    outer loop
      vertex 89.4186 82.9784 4
      vertex 89.4186 76.5216 4
      vertex 89.6958 76.6208 4
    endloop
  endfacet
  facet normal 0 0 1
    outer loop
      vertex 89.1525 83.1042 4
      vertex 89.4186 76.5216 4
      vertex 89.4186 82.9784 4
    endloop
  endfacet
  facet normal 0 0 1
    outer loop
      vertex 89.1525 83.1042 4
      vertex 89.1525 76.3958 4
      vertex 89.4186 76.5216 4
    endloop
  endfacet
  facet normal 0 0 1
    outer loop
      vertex 88.8999 83.2556 4
      vertex 89.1525 76.3958 4
      vertex 89.1525 83.1042 4
    endloop
  endfacet
  facet normal 0 0 1
    outer loop
      vertex 88.8999 83.2556 4
      vertex 88.8999 76.2444 4
      vertex 89.1525 76.3958 4
    endloop
  endfacet
  facet normal 0 0 1
    outer loop
      vertex 88.6635 83.431 4
      vertex 88.8999 76.2444 4
      vertex 88.8999 83.2556 4
    endloop
  endfacet
  facet normal 0 0 1
    outer loop
      vertex 88.6635 83.431 4
      vertex 88.6635 76.069 4
      vertex 88.8999 76.2444 4
    endloop
  endfacet
  facet normal 0 0 1
    outer loop
      vertex 88.4453 83.6287 4
      vertex 88.6635 76.069 4
      vertex 88.6635 83.431 4
    endloop
  endfacet
  facet normal 0 0 1
    outer loop
      vertex 88.4453 83.6287 4
      vertex 88.4453 75.8713 4
      vertex 88.6635 76.069 4
    endloop
  endfacet
  facet normal 0 0 1
    outer loop
      vertex 88.2476 83.8468 4
      vertex 88.4453 75.8713 4
      vertex 88.4453 83.6287 4
    endloop
  endfacet
  facet normal 0 0 1
    outer loop
      vertex 88.2476 83.8468 4
      vertex 88.2476 75.6532 4
      vertex 88.4453 75.8713 4
    endloop
  endfacet
  facet normal 0 0 1
    outer loop
      vertex 87.6958 84.8792 4
      vertex 81.4375 84.8792 4
      vertex 87.795 84.6019 4
    endloop
  endfacet
  facet normal 0 0 1
    outer loop
      vertex 81.3383 84.6019 4
      vertex 87.795 84.6019 4
      vertex 81.4375 84.8792 4
    endloop
  endfacet
  facet normal 0 0 1
    outer loop
      vertex 81.4375 84.8792 4
      vertex 87.6958 84.8792 4
      vertex 81.509 85.1647 4
    endloop
  endfacet
  facet normal 0 0 1
    outer loop
      vertex 87.795 84.6019 4
      vertex 81.3383 84.6019 4
      vertex 87.9209 84.3358 4
    endloop
  endfacet
  facet normal 0 0 1
    outer loop
      vertex 87.6243 85.1647 4
      vertex 81.509 85.1647 4
      vertex 87.6958 84.8792 4
    endloop
  endfacet
  facet normal 0 0 1
    outer loop
      vertex 88.2476 75.6532 4
      vertex 81.5667 73.75 4
      vertex 88.0723 75.4167 4
    endloop
  endfacet
  facet normal 0 0 1
    outer loop
      vertex 81.509 85.1647 4
      vertex 87.6243 85.1647 4
      vertex 81.5522 85.4559 4
    endloop
  endfacet
  facet normal 0 0 1
    outer loop
      vertex 88.0723 75.4167 4
      vertex 81.5667 73.75 4
      vertex 87.9209 75.1642 4
    endloop
  endfacet
  facet normal 0 0 1
    outer loop
      vertex 87.5811 85.4559 4
      vertex 81.5522 85.4559 4
      vertex 87.6243 85.1647 4
    endloop
  endfacet
  facet normal 0 0 1
    outer loop
      vertex 87.9209 75.1642 4
      vertex 81.5667 73.75 4
      vertex 87.795 74.8981 4
    endloop
  endfacet
  facet normal 0 0 1
    outer loop
      vertex 81.5522 85.4559 4
      vertex 87.5811 85.4559 4
      vertex 81.5667 85.75 4
    endloop
  endfacet
  facet normal 0 0 1
    outer loop
      vertex 87.795 74.8981 4
      vertex 81.5667 73.75 4
      vertex 87.6958 74.6208 4
    endloop
  endfacet
  facet normal -0 0 1
    outer loop
      vertex 81.5667 85.75 4
      vertex 87.5811 85.4559 4
      vertex 87.5667 85.75 4
    endloop
  endfacet
  facet normal 0 0 1
    outer loop
      vertex 87.6958 74.6208 4
      vertex 81.5667 73.75 4
      vertex 87.6243 74.3353 4
    endloop
  endfacet
  facet normal -0 0 1
    outer loop
      vertex 117.336 107.706 4
      vertex 117.35 96 4
      vertex 117.35 108 4
    endloop
  endfacet
  facet normal 0 0 1
    outer loop
      vertex 117.336 107.706 4
      vertex 117.336 96.2941 4
      vertex 117.35 96 4
    endloop
  endfacet
  facet normal -0 0 1
    outer loop
      vertex 117.292 107.415 4
      vertex 117.336 96.2941 4
      vertex 117.336 107.706 4
    endloop
  endfacet
  facet normal 0 0 1
    outer loop
      vertex 117.292 107.415 4
      vertex 117.292 96.5853 4
      vertex 117.336 96.2941 4
    endloop
  endfacet
  facet normal -0 0 1
    outer loop
      vertex 117.221 107.129 4
      vertex 117.292 96.5853 4
      vertex 117.292 107.415 4
    endloop
  endfacet
  facet normal 0 0 1
    outer loop
      vertex 117.221 107.129 4
      vertex 117.221 96.8708 4
      vertex 117.292 96.5853 4
    endloop
  endfacet
  facet normal -0 0 1
    outer loop
      vertex 117.122 106.852 4
      vertex 117.221 96.8708 4
      vertex 117.221 107.129 4
    endloop
  endfacet
  facet normal 0 0 1
    outer loop
      vertex 117.122 106.852 4
      vertex 117.122 97.1481 4
      vertex 117.221 96.8708 4
    endloop
  endfacet
  facet normal -0 0 1
    outer loop
      vertex 116.996 106.586 4
      vertex 117.122 97.1481 4
      vertex 117.122 106.852 4
    endloop
  endfacet
  facet normal 0 0 1
    outer loop
      vertex 116.996 106.586 4
      vertex 116.996 97.4142 4
      vertex 117.122 97.1481 4
    endloop
  endfacet
  facet normal -0 0 1
    outer loop
      vertex 116.844 106.333 4
      vertex 116.996 97.4142 4
      vertex 116.996 106.586 4
    endloop
  endfacet
  facet normal 0 0 1
    outer loop
      vertex 116.844 106.333 4
      vertex 116.844 97.6667 4
      vertex 116.996 97.4142 4
    endloop
  endfacet
  facet normal -0 0 1
    outer loop
      vertex 116.669 106.097 4
      vertex 116.844 97.6667 4
      vertex 116.844 106.333 4
    endloop
  endfacet
  facet normal 0 0 1
    outer loop
      vertex 116.669 106.097 4
      vertex 116.669 97.9032 4
      vertex 116.844 97.6667 4
    endloop
  endfacet
  facet normal -0 0 1
    outer loop
      vertex 116.471 105.879 4
      vertex 116.669 97.9032 4
      vertex 116.669 106.097 4
    endloop
  endfacet
  facet normal 0 0 1
    outer loop
      vertex 116.471 105.879 4
      vertex 116.471 98.1213 4
      vertex 116.669 97.9032 4
    endloop
  endfacet
  facet normal -0 0 1
    outer loop
      vertex 116.253 105.681 4
      vertex 116.471 98.1213 4
      vertex 116.471 105.879 4
    endloop
  endfacet
  facet normal 0 0 1
    outer loop
      vertex 116.253 105.681 4
      vertex 116.253 98.319 4
      vertex 116.471 98.1213 4
    endloop
  endfacet
  facet normal -0 0 1
    outer loop
      vertex 116.017 105.506 4
      vertex 116.253 98.319 4
      vertex 116.253 105.681 4
    endloop
  endfacet
  facet normal 0 0 1
    outer loop
      vertex 116.017 105.506 4
      vertex 116.017 98.4944 4
      vertex 116.253 98.319 4
    endloop
  endfacet
  facet normal -0 0 1
    outer loop
      vertex 115.764 105.354 4
      vertex 116.017 98.4944 4
      vertex 116.017 105.506 4
    endloop
  endfacet
  facet normal 0 0 1
    outer loop
      vertex 115.764 105.354 4
      vertex 115.764 98.6458 4
      vertex 116.017 98.4944 4
    endloop
  endfacet
  facet normal -0 0 1
    outer loop
      vertex 115.498 105.228 4
      vertex 115.764 98.6458 4
      vertex 115.764 105.354 4
    endloop
  endfacet
  facet normal 0 0 1
    outer loop
      vertex 115.498 105.228 4
      vertex 115.498 98.7716 4
      vertex 115.764 98.6458 4
    endloop
  endfacet
  facet normal -0 0 1
    outer loop
      vertex 115.221 105.129 4
      vertex 115.498 98.7716 4
      vertex 115.498 105.228 4
    endloop
  endfacet
  facet normal 0 0 1
    outer loop
      vertex 115.221 105.129 4
      vertex 115.221 98.8708 4
      vertex 115.498 98.7716 4
    endloop
  endfacet
  facet normal -0 0 1
    outer loop
      vertex 114.935 105.058 4
      vertex 115.221 98.8708 4
      vertex 115.221 105.129 4
    endloop
  endfacet
  facet normal 0 0 1
    outer loop
      vertex 114.935 105.058 4
      vertex 114.935 98.9424 4
      vertex 115.221 98.8708 4
    endloop
  endfacet
  facet normal -0 0 1
    outer loop
      vertex 114.644 105.014 4
      vertex 114.935 98.9424 4
      vertex 114.935 105.058 4
    endloop
  endfacet
  facet normal 0 0 1
    outer loop
      vertex 114.644 105.014 4
      vertex 114.644 98.9855 4
      vertex 114.935 98.9424 4
    endloop
  endfacet
  facet normal -0 0 1
    outer loop
      vertex 114.35 105 4
      vertex 114.644 98.9855 4
      vertex 114.644 105.014 4
    endloop
  endfacet
  facet normal 0 0 1
    outer loop
      vertex 114.35 105 4
      vertex 114.35 99 4
      vertex 114.644 98.9855 4
    endloop
  endfacet
  facet normal -0 0 1
    outer loop
      vertex 90.5667 105 4
      vertex 114.35 99 4
      vertex 114.35 105 4
    endloop
  endfacet
  facet normal 0 0 1
    outer loop
      vertex 90.5667 105 4
      vertex 90.5667 99 4
      vertex 114.35 99 4
    endloop
  endfacet
  facet normal 0 0 1
    outer loop
      vertex 90.2726 105.014 4
      vertex 90.5667 99 4
      vertex 90.5667 105 4
    endloop
  endfacet
  facet normal 0 0 1
    outer loop
      vertex 90.2726 105.014 4
      vertex 90.2726 98.9855 4
      vertex 90.5667 99 4
    endloop
  endfacet
  facet normal 0 0 1
    outer loop
      vertex 89.9814 105.058 4
      vertex 90.2726 98.9855 4
      vertex 90.2726 105.014 4
    endloop
  endfacet
  facet normal 0 0 1
    outer loop
      vertex 89.9814 105.058 4
      vertex 89.9814 98.9424 4
      vertex 90.2726 98.9855 4
    endloop
  endfacet
  facet normal 0 0 1
    outer loop
      vertex 89.6958 105.129 4
      vertex 89.9814 98.9424 4
      vertex 89.9814 105.058 4
    endloop
  endfacet
  facet normal 0 0 1
    outer loop
      vertex 89.6958 105.129 4
      vertex 89.6958 98.8708 4
      vertex 89.9814 98.9424 4
    endloop
  endfacet
  facet normal 0 0 1
    outer loop
      vertex 89.4186 105.228 4
      vertex 89.6958 98.8708 4
      vertex 89.6958 105.129 4
    endloop
  endfacet
  facet normal 0 0 1
    outer loop
      vertex 89.4186 105.228 4
      vertex 89.4186 98.7716 4
      vertex 89.6958 98.8708 4
    endloop
  endfacet
  facet normal 0 0 1
    outer loop
      vertex 89.1525 105.354 4
      vertex 89.4186 98.7716 4
      vertex 89.4186 105.228 4
    endloop
  endfacet
  facet normal 0 0 1
    outer loop
      vertex 89.1525 105.354 4
      vertex 89.1525 98.6458 4
      vertex 89.4186 98.7716 4
    endloop
  endfacet
  facet normal 0 0 1
    outer loop
      vertex 88.8999 105.506 4
      vertex 89.1525 98.6458 4
      vertex 89.1525 105.354 4
    endloop
  endfacet
  facet normal 0 0 1
    outer loop
      vertex 88.8999 105.506 4
      vertex 88.8999 98.4944 4
      vertex 89.1525 98.6458 4
    endloop
  endfacet
  facet normal 0 0 1
    outer loop
      vertex 88.6635 105.681 4
      vertex 88.8999 98.4944 4
      vertex 88.8999 105.506 4
    endloop
  endfacet
  facet normal 0 0 1
    outer loop
      vertex 88.6635 105.681 4
      vertex 88.6635 98.319 4
      vertex 88.8999 98.4944 4
    endloop
  endfacet
  facet normal 0 0 1
    outer loop
      vertex 88.4453 105.879 4
      vertex 88.6635 98.319 4
      vertex 88.6635 105.681 4
    endloop
  endfacet
  facet normal 0 0 1
    outer loop
      vertex 88.4453 105.879 4
      vertex 88.4453 98.1213 4
      vertex 88.6635 98.319 4
    endloop
  endfacet
  facet normal 0 0 1
    outer loop
      vertex 88.2476 106.097 4
      vertex 88.4453 98.1213 4
      vertex 88.4453 105.879 4
    endloop
  endfacet
  facet normal 0 0 1
    outer loop
      vertex 88.2476 106.097 4
      vertex 88.2476 97.9032 4
      vertex 88.4453 98.1213 4
    endloop
  endfacet
  facet normal 0 0 1
    outer loop
      vertex 87.6958 107.129 4
      vertex 81.4375 107.129 4
      vertex 87.795 106.852 4
    endloop
  endfacet
  facet normal 0 0 1
    outer loop
      vertex 81.3383 106.852 4
      vertex 87.795 106.852 4
      vertex 81.4375 107.129 4
    endloop
  endfacet
  facet normal 0 0 1
    outer loop
      vertex 81.4375 107.129 4
      vertex 87.6958 107.129 4
      vertex 81.509 107.415 4
    endloop
  endfacet
  facet normal 0 0 1
    outer loop
      vertex 87.795 106.852 4
      vertex 81.3383 106.852 4
      vertex 87.9209 106.586 4
    endloop
  endfacet
  facet normal 0 0 1
    outer loop
      vertex 87.6243 107.415 4
      vertex 81.509 107.415 4
      vertex 87.6958 107.129 4
    endloop
  endfacet
  facet normal 0 0 1
    outer loop
      vertex 88.2476 97.9032 4
      vertex 81.5667 96 4
      vertex 88.0723 97.6667 4
    endloop
  endfacet
  facet normal 0 0 1
    outer loop
      vertex 81.509 107.415 4
      vertex 87.6243 107.415 4
      vertex 81.5522 107.706 4
    endloop
  endfacet
  facet normal 0 0 1
    outer loop
      vertex 88.0723 97.6667 4
      vertex 81.5667 96 4
      vertex 87.9209 97.4142 4
    endloop
  endfacet
  facet normal 0 0 1
    outer loop
      vertex 87.5811 107.706 4
      vertex 81.5522 107.706 4
      vertex 87.6243 107.415 4
    endloop
  endfacet
  facet normal 0 0 1
    outer loop
      vertex 87.9209 97.4142 4
      vertex 81.5667 96 4
      vertex 87.795 97.1481 4
    endloop
  endfacet
  facet normal 0 0 1
    outer loop
      vertex 81.5522 107.706 4
      vertex 87.5811 107.706 4
      vertex 81.5667 108 4
    endloop
  endfacet
  facet normal 0 0 1
    outer loop
      vertex 87.795 97.1481 4
      vertex 81.5667 96 4
      vertex 87.6958 96.8708 4
    endloop
  endfacet
  facet normal -0 0 1
    outer loop
      vertex 81.5667 108 4
      vertex 87.5811 107.706 4
      vertex 87.5667 108 4
    endloop
  endfacet
  facet normal 0 0 1
    outer loop
      vertex 87.6958 96.8708 4
      vertex 81.5667 96 4
      vertex 87.6243 96.5853 4
    endloop
  endfacet
  facet normal 0 0 1
    outer loop
      vertex 117.292 129.665 4
      vertex 126.65 146.9 4
      vertex 117.336 129.956 4
    endloop
  endfacet
  facet normal 0 0 1
    outer loop
      vertex 126.65 146.9 4
      vertex 117.336 118.544 4
      vertex 117.35 118.25 4
    endloop
  endfacet
  facet normal 0 0 1
    outer loop
      vertex 117.292 118.835 4
      vertex 126.65 146.9 4
      vertex 117.292 129.665 4
    endloop
  endfacet
  facet normal 0 0 1
    outer loop
      vertex 126.65 146.9 4
      vertex 117.292 118.835 4
      vertex 117.336 118.544 4
    endloop
  endfacet
  facet normal -0 0 1
    outer loop
      vertex 117.221 129.379 4
      vertex 117.292 118.835 4
      vertex 117.292 129.665 4
    endloop
  endfacet
  facet normal 0 0 1
    outer loop
      vertex 117.221 129.379 4
      vertex 117.221 119.121 4
      vertex 117.292 118.835 4
    endloop
  endfacet
  facet normal -0 0 1
    outer loop
      vertex 117.122 129.102 4
      vertex 117.221 119.121 4
      vertex 117.221 129.379 4
    endloop
  endfacet
  facet normal 0 0 1
    outer loop
      vertex 117.122 129.102 4
      vertex 117.122 119.398 4
      vertex 117.221 119.121 4
    endloop
  endfacet
  facet normal -0 0 1
    outer loop
      vertex 116.996 128.836 4
      vertex 117.122 119.398 4
      vertex 117.122 129.102 4
    endloop
  endfacet
  facet normal 0 0 1
    outer loop
      vertex 116.996 128.836 4
      vertex 116.996 119.664 4
      vertex 117.122 119.398 4
    endloop
  endfacet
  facet normal -0 0 1
    outer loop
      vertex 116.844 128.583 4
      vertex 116.996 119.664 4
      vertex 116.996 128.836 4
    endloop
  endfacet
  facet normal 0 0 1
    outer loop
      vertex 116.844 128.583 4
      vertex 116.844 119.917 4
      vertex 116.996 119.664 4
    endloop
  endfacet
  facet normal -0 0 1
    outer loop
      vertex 116.669 128.347 4
      vertex 116.844 119.917 4
      vertex 116.844 128.583 4
    endloop
  endfacet
  facet normal 0 0 1
    outer loop
      vertex 116.669 128.347 4
      vertex 116.669 120.153 4
      vertex 116.844 119.917 4
    endloop
  endfacet
  facet normal -0 0 1
    outer loop
      vertex 116.471 128.129 4
      vertex 116.669 120.153 4
      vertex 116.669 128.347 4
    endloop
  endfacet
  facet normal 0 0 1
    outer loop
      vertex 116.471 128.129 4
      vertex 116.471 120.371 4
      vertex 116.669 120.153 4
    endloop
  endfacet
  facet normal -0 0 1
    outer loop
      vertex 116.253 127.931 4
      vertex 116.471 120.371 4
      vertex 116.471 128.129 4
    endloop
  endfacet
  facet normal 0 0 1
    outer loop
      vertex 116.253 127.931 4
      vertex 116.253 120.569 4
      vertex 116.471 120.371 4
    endloop
  endfacet
  facet normal -0 0 1
    outer loop
      vertex 116.017 127.756 4
      vertex 116.253 120.569 4
      vertex 116.253 127.931 4
    endloop
  endfacet
  facet normal 0 0 1
    outer loop
      vertex 116.017 127.756 4
      vertex 116.017 120.744 4
      vertex 116.253 120.569 4
    endloop
  endfacet
  facet normal -0 0 1
    outer loop
      vertex 115.764 127.604 4
      vertex 116.017 120.744 4
      vertex 116.017 127.756 4
    endloop
  endfacet
  facet normal 0 0 1
    outer loop
      vertex 115.764 127.604 4
      vertex 115.764 120.896 4
      vertex 116.017 120.744 4
    endloop
  endfacet
  facet normal -0 0 1
    outer loop
      vertex 115.498 127.478 4
      vertex 115.764 120.896 4
      vertex 115.764 127.604 4
    endloop
  endfacet
  facet normal 0 0 1
    outer loop
      vertex 115.498 127.478 4
      vertex 115.498 121.022 4
      vertex 115.764 120.896 4
    endloop
  endfacet
  facet normal -0 0 1
    outer loop
      vertex 115.221 127.379 4
      vertex 115.498 121.022 4
      vertex 115.498 127.478 4
    endloop
  endfacet
  facet normal 0 0 1
    outer loop
      vertex 115.221 127.379 4
      vertex 115.221 121.121 4
      vertex 115.498 121.022 4
    endloop
  endfacet
  facet normal -0 0 1
    outer loop
      vertex 114.935 127.308 4
      vertex 115.221 121.121 4
      vertex 115.221 127.379 4
    endloop
  endfacet
  facet normal 0 0 1
    outer loop
      vertex 114.935 127.308 4
      vertex 114.935 121.192 4
      vertex 115.221 121.121 4
    endloop
  endfacet
  facet normal -0 0 1
    outer loop
      vertex 114.644 127.264 4
      vertex 114.935 121.192 4
      vertex 114.935 127.308 4
    endloop
  endfacet
  facet normal 0 0 1
    outer loop
      vertex 114.644 127.264 4
      vertex 114.644 121.236 4
      vertex 114.935 121.192 4
    endloop
  endfacet
  facet normal -0 0 1
    outer loop
      vertex 114.35 127.25 4
      vertex 114.644 121.236 4
      vertex 114.644 127.264 4
    endloop
  endfacet
  facet normal 0 0 1
    outer loop
      vertex 114.35 127.25 4
      vertex 114.35 121.25 4
      vertex 114.644 121.236 4
    endloop
  endfacet
  facet normal -0 0 1
    outer loop
      vertex 90.5667 127.25 4
      vertex 114.35 121.25 4
      vertex 114.35 127.25 4
    endloop
  endfacet
  facet normal 0 0 1
    outer loop
      vertex 90.5667 127.25 4
      vertex 90.5667 121.25 4
      vertex 114.35 121.25 4
    endloop
  endfacet
  facet normal 0 0 1
    outer loop
      vertex 90.2726 127.264 4
      vertex 90.5667 121.25 4
      vertex 90.5667 127.25 4
    endloop
  endfacet
  facet normal 0 0 1
    outer loop
      vertex 90.2726 127.264 4
      vertex 90.2726 121.236 4
      vertex 90.5667 121.25 4
    endloop
  endfacet
  facet normal 0 0 1
    outer loop
      vertex 89.9814 127.308 4
      vertex 90.2726 121.236 4
      vertex 90.2726 127.264 4
    endloop
  endfacet
  facet normal 0 0 1
    outer loop
      vertex 89.9814 127.308 4
      vertex 89.9814 121.192 4
      vertex 90.2726 121.236 4
    endloop
  endfacet
  facet normal 0 0 1
    outer loop
      vertex 89.6958 127.379 4
      vertex 89.9814 121.192 4
      vertex 89.9814 127.308 4
    endloop
  endfacet
  facet normal 0 0 1
    outer loop
      vertex 89.6958 127.379 4
      vertex 89.6958 121.121 4
      vertex 89.9814 121.192 4
    endloop
  endfacet
  facet normal 0 0 1
    outer loop
      vertex 89.4186 127.478 4
      vertex 89.6958 121.121 4
      vertex 89.6958 127.379 4
    endloop
  endfacet
  facet normal 0 0 1
    outer loop
      vertex 89.4186 127.478 4
      vertex 89.4186 121.022 4
      vertex 89.6958 121.121 4
    endloop
  endfacet
  facet normal 0 0 1
    outer loop
      vertex 89.1525 127.604 4
      vertex 89.4186 121.022 4
      vertex 89.4186 127.478 4
    endloop
  endfacet
  facet normal 0 0 1
    outer loop
      vertex 89.1525 127.604 4
      vertex 89.1525 120.896 4
      vertex 89.4186 121.022 4
    endloop
  endfacet
  facet normal 0 0 1
    outer loop
      vertex 88.8999 127.756 4
      vertex 89.1525 120.896 4
      vertex 89.1525 127.604 4
    endloop
  endfacet
  facet normal 0 0 1
    outer loop
      vertex 88.8999 127.756 4
      vertex 88.8999 120.744 4
      vertex 89.1525 120.896 4
    endloop
  endfacet
  facet normal 0 0 1
    outer loop
      vertex 88.6635 127.931 4
      vertex 88.8999 120.744 4
      vertex 88.8999 127.756 4
    endloop
  endfacet
  facet normal 0 0 1
    outer loop
      vertex 88.6635 127.931 4
      vertex 88.6635 120.569 4
      vertex 88.8999 120.744 4
    endloop
  endfacet
  facet normal 0 0 1
    outer loop
      vertex 88.4453 128.129 4
      vertex 88.6635 120.569 4
      vertex 88.6635 127.931 4
    endloop
  endfacet
  facet normal 0 0 1
    outer loop
      vertex 88.4453 128.129 4
      vertex 88.4453 120.371 4
      vertex 88.6635 120.569 4
    endloop
  endfacet
  facet normal 0 0 1
    outer loop
      vertex 88.2476 128.347 4
      vertex 88.4453 120.371 4
      vertex 88.4453 128.129 4
    endloop
  endfacet
  facet normal 0 0 1
    outer loop
      vertex 88.2476 128.347 4
      vertex 88.2476 120.153 4
      vertex 88.4453 120.371 4
    endloop
  endfacet
  facet normal 0 0 1
    outer loop
      vertex 87.6958 129.379 4
      vertex 81.4375 129.379 4
      vertex 87.795 129.102 4
    endloop
  endfacet
  facet normal 0 0 1
    outer loop
      vertex 81.3383 129.102 4
      vertex 87.795 129.102 4
      vertex 81.4375 129.379 4
    endloop
  endfacet
  facet normal 0 0 1
    outer loop
      vertex 81.4375 129.379 4
      vertex 87.6958 129.379 4
      vertex 81.509 129.665 4
    endloop
  endfacet
  facet normal 0 0 1
    outer loop
      vertex 87.795 129.102 4
      vertex 81.3383 129.102 4
      vertex 87.9209 128.836 4
    endloop
  endfacet
  facet normal 0 0 1
    outer loop
      vertex 87.6243 129.665 4
      vertex 81.509 129.665 4
      vertex 87.6958 129.379 4
    endloop
  endfacet
  facet normal 0 0 1
    outer loop
      vertex 88.2476 120.153 4
      vertex 81.5667 118.25 4
      vertex 88.0723 119.917 4
    endloop
  endfacet
  facet normal 0 0 1
    outer loop
      vertex 81.509 129.665 4
      vertex 87.6243 129.665 4
      vertex 81.5522 129.956 4
    endloop
  endfacet
  facet normal 0 0 1
    outer loop
      vertex 88.0723 119.917 4
      vertex 81.5667 118.25 4
      vertex 87.9209 119.664 4
    endloop
  endfacet
  facet normal 0 0 1
    outer loop
      vertex 87.5811 129.956 4
      vertex 81.5522 129.956 4
      vertex 87.6243 129.665 4
    endloop
  endfacet
  facet normal 0 0 1
    outer loop
      vertex 87.9209 119.664 4
      vertex 81.5667 118.25 4
      vertex 87.795 119.398 4
    endloop
  endfacet
  facet normal 0 0 1
    outer loop
      vertex 81.5522 129.956 4
      vertex 87.5811 129.956 4
      vertex 81.5667 130.25 4
    endloop
  endfacet
  facet normal 0 0 1
    outer loop
      vertex 87.795 119.398 4
      vertex 81.5667 118.25 4
      vertex 87.6958 119.121 4
    endloop
  endfacet
  facet normal -0 0 1
    outer loop
      vertex 81.5667 130.25 4
      vertex 87.5811 129.956 4
      vertex 87.5667 130.25 4
    endloop
  endfacet
  facet normal 0 0 1
    outer loop
      vertex 87.6958 119.121 4
      vertex 81.5667 118.25 4
      vertex 87.6243 118.835 4
    endloop
  endfacet
  facet normal 0 0 1
    outer loop
      vertex 131.05 146.9 4
      vertex 133.35 145.657 4
      vertex 133.336 145.951 4
    endloop
  endfacet
  facet normal 0 0 1
    outer loop
      vertex 133.35 145.657 4
      vertex 131.05 48.3 4
      vertex 133.35 3 4
    endloop
  endfacet
  facet normal 0 0 1
    outer loop
      vertex 131.05 146.9 4
      vertex 133.336 145.951 4
      vertex 133.292 146.243 4
    endloop
  endfacet
  facet normal -0 0 1
    outer loop
      vertex 117.35 29.25 4
      vertex 133.35 3 4
      vertex 131.05 48.3 4
    endloop
  endfacet
  facet normal 0 0 1
    outer loop
      vertex 131.05 146.9 4
      vertex 133.292 146.243 4
      vertex 133.221 146.528 4
    endloop
  endfacet
  facet normal -0 0 1
    outer loop
      vertex 117.35 19 4
      vertex 133.35 3 4
      vertex 117.35 29.25 4
    endloop
  endfacet
  facet normal 0 0 1
    outer loop
      vertex 131.05 146.9 4
      vertex 133.221 146.528 4
      vertex 133.122 146.805 4
    endloop
  endfacet
  facet normal -0 0 1
    outer loop
      vertex 117.336 18.7059 4
      vertex 133.35 3 4
      vertex 117.35 19 4
    endloop
  endfacet
  facet normal -0 0 1
    outer loop
      vertex 131.05 146.9 4
      vertex 133.122 146.805 4
      vertex 132.996 147.072 4
    endloop
  endfacet
  facet normal -0 0 1
    outer loop
      vertex 117.292 18.4147 4
      vertex 133.35 3 4
      vertex 117.336 18.7059 4
    endloop
  endfacet
  facet normal 0 0 1
    outer loop
      vertex 131.05 146.9 4
      vertex 132.996 147.072 4
      vertex 132.844 147.324 4
    endloop
  endfacet
  facet normal -0 0 1
    outer loop
      vertex 117.221 18.1292 4
      vertex 133.35 3 4
      vertex 117.292 18.4147 4
    endloop
  endfacet
  facet normal 0 0 1
    outer loop
      vertex 131.05 146.9 4
      vertex 132.844 147.324 4
      vertex 132.669 147.561 4
    endloop
  endfacet
  facet normal -0 0 1
    outer loop
      vertex 117.122 17.8519 4
      vertex 133.35 3 4
      vertex 117.221 18.1292 4
    endloop
  endfacet
  facet normal 0 0 1
    outer loop
      vertex 131.05 146.9 4
      vertex 132.669 147.561 4
      vertex 132.471 147.779 4
    endloop
  endfacet
  facet normal -0 0 1
    outer loop
      vertex 116.996 17.5858 4
      vertex 133.35 3 4
      vertex 117.122 17.8519 4
    endloop
  endfacet
  facet normal -0 0 1
    outer loop
      vertex 116.844 17.3333 4
      vertex 133.35 3 4
      vertex 116.996 17.5858 4
    endloop
  endfacet
  facet normal -0 0 1
    outer loop
      vertex 116.669 17.0968 4
      vertex 133.35 3 4
      vertex 116.844 17.3333 4
    endloop
  endfacet
  facet normal -0 0 1
    outer loop
      vertex 116.471 16.8787 4
      vertex 133.35 3 4
      vertex 116.669 17.0968 4
    endloop
  endfacet
  facet normal 0 -0 1
    outer loop
      vertex 130.35 0 4
      vertex 133.35 3 4
      vertex 116.471 16.8787 4
    endloop
  endfacet
  facet normal 0 0 1
    outer loop
      vertex 133.336 2.70595 4
      vertex 130.35 0 4
      vertex 133.292 2.41473 4
    endloop
  endfacet
  facet normal 0 0 1
    outer loop
      vertex 133.35 145.657 4
      vertex 131.05 146.9 4
      vertex 131.05 48.3 4
    endloop
  endfacet
  facet normal 0 0 1
    outer loop
      vertex 132.471 147.779 4
      vertex 126.65 146.9 4
      vertex 131.05 146.9 4
    endloop
  endfacet
  facet normal 0 0 1
    outer loop
      vertex 117.35 130.25 4
      vertex 126.65 146.9 4
      vertex 117.35 140.5 4
    endloop
  endfacet
  facet normal 0 0 1
    outer loop
      vertex 126.65 146.9 4
      vertex 117.336 140.794 4
      vertex 117.35 140.5 4
    endloop
  endfacet
  facet normal 0 0 1
    outer loop
      vertex 126.65 146.9 4
      vertex 117.292 141.085 4
      vertex 117.336 140.794 4
    endloop
  endfacet
  facet normal 0 0 1
    outer loop
      vertex 126.65 146.9 4
      vertex 117.221 141.371 4
      vertex 117.292 141.085 4
    endloop
  endfacet
  facet normal 0 0 1
    outer loop
      vertex 126.65 146.9 4
      vertex 117.122 141.648 4
      vertex 117.221 141.371 4
    endloop
  endfacet
  facet normal 0 0 1
    outer loop
      vertex 126.65 146.9 4
      vertex 116.996 141.914 4
      vertex 117.122 141.648 4
    endloop
  endfacet
  facet normal 0 0 1
    outer loop
      vertex 126.65 146.9 4
      vertex 116.844 142.167 4
      vertex 116.996 141.914 4
    endloop
  endfacet
  facet normal 0 0 1
    outer loop
      vertex 126.65 146.9 4
      vertex 116.669 142.403 4
      vertex 116.844 142.167 4
    endloop
  endfacet
  facet normal 0 0 1
    outer loop
      vertex 126.65 146.9 4
      vertex 116.471 142.621 4
      vertex 116.669 142.403 4
    endloop
  endfacet
  facet normal 0 0 1
    outer loop
      vertex 126.65 146.9 4
      vertex 116.253 142.819 4
      vertex 116.471 142.621 4
    endloop
  endfacet
  facet normal 0 0 1
    outer loop
      vertex 126.65 146.9 4
      vertex 116.017 142.994 4
      vertex 116.253 142.819 4
    endloop
  endfacet
  facet normal 0 0 1
    outer loop
      vertex 126.65 146.9 4
      vertex 115.764 143.146 4
      vertex 116.017 142.994 4
    endloop
  endfacet
  facet normal 0 0 1
    outer loop
      vertex 126.65 146.9 4
      vertex 115.498 143.272 4
      vertex 115.764 143.146 4
    endloop
  endfacet
  facet normal 0 0 1
    outer loop
      vertex 126.65 146.9 4
      vertex 115.221 143.371 4
      vertex 115.498 143.272 4
    endloop
  endfacet
  facet normal 0 0 1
    outer loop
      vertex 126.65 146.9 4
      vertex 114.935 143.442 4
      vertex 115.221 143.371 4
    endloop
  endfacet
  facet normal 0 0 1
    outer loop
      vertex 126.65 146.9 4
      vertex 114.644 143.486 4
      vertex 114.935 143.442 4
    endloop
  endfacet
  facet normal 0 0 1
    outer loop
      vertex 106.229 174.021 4
      vertex 114.644 143.486 4
      vertex 126.65 146.9 4
    endloop
  endfacet
  facet normal 0 0 1
    outer loop
      vertex 106.229 174.021 4
      vertex 126.65 146.9 4
      vertex 132.471 147.779 4
    endloop
  endfacet
  facet normal 0 0 1
    outer loop
      vertex 114.644 143.486 4
      vertex 106.229 174.021 4
      vertex 114.35 143.5 4
    endloop
  endfacet
  facet normal 0 0 1
    outer loop
      vertex 104.107 174.9 4
      vertex 106.229 174.021 4
      vertex 106.011 174.219 4
    endloop
  endfacet
  facet normal 0 0 1
    outer loop
      vertex 104.107 174.9 4
      vertex 106.011 174.219 4
      vertex 105.774 174.394 4
    endloop
  endfacet
  facet normal 0 0 1
    outer loop
      vertex 104.107 174.9 4
      vertex 105.774 174.394 4
      vertex 105.522 174.546 4
    endloop
  endfacet
  facet normal 0 0 1
    outer loop
      vertex 104.107 174.9 4
      vertex 105.522 174.546 4
      vertex 105.255 174.672 4
    endloop
  endfacet
  facet normal 0 0 1
    outer loop
      vertex 104.107 174.9 4
      vertex 105.255 174.672 4
      vertex 104.978 174.771 4
    endloop
  endfacet
  facet normal 0 0 1
    outer loop
      vertex 104.107 174.9 4
      vertex 104.978 174.771 4
      vertex 104.693 174.842 4
    endloop
  endfacet
  facet normal 0 0 1
    outer loop
      vertex 104.107 174.9 4
      vertex 104.693 174.842 4
      vertex 104.401 174.886 4
    endloop
  endfacet
  facet normal 0 0 1
    outer loop
      vertex 106.229 174.021 4
      vertex 104.107 174.9 4
      vertex 90.5667 143.5 4
    endloop
  endfacet
  facet normal 0 0 1
    outer loop
      vertex 106.229 174.021 4
      vertex 90.5667 143.5 4
      vertex 114.35 143.5 4
    endloop
  endfacet
  facet normal 0 0 1
    outer loop
      vertex 104.107 174.9 4
      vertex 90.2726 143.486 4
      vertex 90.5667 143.5 4
    endloop
  endfacet
  facet normal 0 0 1
    outer loop
      vertex 104.107 174.9 4
      vertex 89.9814 143.442 4
      vertex 90.2726 143.486 4
    endloop
  endfacet
  facet normal 0 0 1
    outer loop
      vertex 104.107 174.9 4
      vertex 89.6958 143.371 4
      vertex 89.9814 143.442 4
    endloop
  endfacet
  facet normal 0 0 1
    outer loop
      vertex 79.4375 143.371 4
      vertex 89.6958 143.371 4
      vertex 104.107 174.9 4
    endloop
  endfacet
  facet normal 0 0 1
    outer loop
      vertex 89.6958 143.371 4
      vertex 79.4375 143.371 4
      vertex 89.4186 143.272 4
    endloop
  endfacet
  facet normal 0 -0 1
    outer loop
      vertex 79.7147 143.272 4
      vertex 89.4186 143.272 4
      vertex 79.4375 143.371 4
    endloop
  endfacet
  facet normal 0 0 1
    outer loop
      vertex 89.4186 143.272 4
      vertex 79.7147 143.272 4
      vertex 89.1525 143.146 4
    endloop
  endfacet
  facet normal 0 -0 1
    outer loop
      vertex 79.9808 143.146 4
      vertex 89.1525 143.146 4
      vertex 79.7147 143.272 4
    endloop
  endfacet
  facet normal 0 0 1
    outer loop
      vertex 89.1525 143.146 4
      vertex 79.9808 143.146 4
      vertex 88.8999 142.994 4
    endloop
  endfacet
  facet normal 0 -0 1
    outer loop
      vertex 80.2334 142.994 4
      vertex 88.8999 142.994 4
      vertex 79.9808 143.146 4
    endloop
  endfacet
  facet normal 0 -0 1
    outer loop
      vertex 80.4698 142.819 4
      vertex 88.6635 142.819 4
      vertex 80.2334 142.994 4
    endloop
  endfacet
  facet normal 0 0 1
    outer loop
      vertex 81.5667 130.25 4
      vertex 87.5667 130.25 4
      vertex 87.5667 140.5 4
    endloop
  endfacet
  facet normal 0 0 1
    outer loop
      vertex 87.6243 118.835 4
      vertex 81.5667 118.25 4
      vertex 87.5811 118.544 4
    endloop
  endfacet
  facet normal 0 0 1
    outer loop
      vertex 87.5667 118.25 4
      vertex 81.5667 118.25 4
      vertex 87.5667 108 4
    endloop
  endfacet
  facet normal 0 0 1
    outer loop
      vertex 81.5667 108 4
      vertex 87.5667 108 4
      vertex 81.5667 118.25 4
    endloop
  endfacet
  facet normal 0 0 1
    outer loop
      vertex 87.5811 96.2941 4
      vertex 81.5667 96 4
      vertex 87.5667 96 4
    endloop
  endfacet
  facet normal 0 0 1
    outer loop
      vertex 87.5667 96 4
      vertex 81.5667 96 4
      vertex 87.5667 85.75 4
    endloop
  endfacet
  facet normal 0 0 1
    outer loop
      vertex 87.6243 74.3353 4
      vertex 81.5667 73.75 4
      vertex 87.5811 74.0441 4
    endloop
  endfacet
  facet normal 0 0 1
    outer loop
      vertex 87.5811 74.0441 4
      vertex 81.5667 73.75 4
      vertex 87.5667 73.75 4
    endloop
  endfacet
  facet normal 0 0 1
    outer loop
      vertex 81.5667 63.5 4
      vertex 87.5667 63.5 4
      vertex 81.5667 73.75 4
    endloop
  endfacet
  facet normal 0 0 1
    outer loop
      vertex 87.6243 52.0853 4
      vertex 81.5667 51.5 4
      vertex 87.5811 51.7941 4
    endloop
  endfacet
  facet normal 0 0 1
    outer loop
      vertex 81.5667 130.25 4
      vertex 87.5667 140.5 4
      vertex 81.5667 140.5 4
    endloop
  endfacet
  facet normal 0 0 1
    outer loop
      vertex 87.5811 140.794 4
      vertex 81.5667 140.5 4
      vertex 87.5667 140.5 4
    endloop
  endfacet
  facet normal 0 0 1
    outer loop
      vertex 81.5522 140.794 4
      vertex 87.5811 140.794 4
      vertex 87.6243 141.085 4
    endloop
  endfacet
  facet normal 0 0 1
    outer loop
      vertex 81.509 141.085 4
      vertex 87.6243 141.085 4
      vertex 87.6958 141.371 4
    endloop
  endfacet
  facet normal 0 0 1
    outer loop
      vertex 81.4375 141.371 4
      vertex 87.6958 141.371 4
      vertex 87.795 141.648 4
    endloop
  endfacet
  facet normal 0 0 1
    outer loop
      vertex 81.3383 141.648 4
      vertex 87.795 141.648 4
      vertex 87.9209 141.914 4
    endloop
  endfacet
  facet normal 0 0 1
    outer loop
      vertex 88.6635 142.819 4
      vertex 80.4698 142.819 4
      vertex 88.4453 142.621 4
    endloop
  endfacet
  facet normal 0 0 1
    outer loop
      vertex 87.5811 140.794 4
      vertex 81.5522 140.794 4
      vertex 81.5667 140.5 4
    endloop
  endfacet
  facet normal 0 0 1
    outer loop
      vertex 87.6243 141.085 4
      vertex 81.509 141.085 4
      vertex 81.5522 140.794 4
    endloop
  endfacet
  facet normal 0 0 1
    outer loop
      vertex 87.6958 141.371 4
      vertex 81.4375 141.371 4
      vertex 81.509 141.085 4
    endloop
  endfacet
  facet normal 0 0 1
    outer loop
      vertex 87.795 141.648 4
      vertex 81.3383 141.648 4
      vertex 81.4375 141.371 4
    endloop
  endfacet
  facet normal 0 0 1
    outer loop
      vertex 87.9209 141.914 4
      vertex 81.2124 141.914 4
      vertex 81.3383 141.648 4
    endloop
  endfacet
  facet normal 0 0 1
    outer loop
      vertex 87.9209 141.914 4
      vertex 81.0611 142.167 4
      vertex 81.2124 141.914 4
    endloop
  endfacet
  facet normal 0 0 1
    outer loop
      vertex 88.0723 142.167 4
      vertex 81.0611 142.167 4
      vertex 87.9209 141.914 4
    endloop
  endfacet
  facet normal 0 -0 1
    outer loop
      vertex 81.0611 142.167 4
      vertex 88.0723 142.167 4
      vertex 80.8857 142.403 4
    endloop
  endfacet
  facet normal 0 0 1
    outer loop
      vertex 88.2476 142.403 4
      vertex 80.8857 142.403 4
      vertex 88.0723 142.167 4
    endloop
  endfacet
  facet normal 0 -0 1
    outer loop
      vertex 80.8857 142.403 4
      vertex 88.2476 142.403 4
      vertex 80.688 142.621 4
    endloop
  endfacet
  facet normal 0 0 1
    outer loop
      vertex 88.4453 142.621 4
      vertex 80.688 142.621 4
      vertex 88.2476 142.403 4
    endloop
  endfacet
  facet normal 0 -0 1
    outer loop
      vertex 80.688 142.621 4
      vertex 88.4453 142.621 4
      vertex 80.4698 142.819 4
    endloop
  endfacet
  facet normal 0 0 1
    outer loop
      vertex 88.8999 142.994 4
      vertex 80.2334 142.994 4
      vertex 88.6635 142.819 4
    endloop
  endfacet
  facet normal 0 0 1
    outer loop
      vertex 104.107 174.9 4
      vertex 79.1519 143.442 4
      vertex 79.4375 143.371 4
    endloop
  endfacet
  facet normal 0 0 1
    outer loop
      vertex 104.107 174.9 4
      vertex 78.8607 143.486 4
      vertex 79.1519 143.442 4
    endloop
  endfacet
  facet normal 0 0 1
    outer loop
      vertex 104.107 174.9 4
      vertex 78.5667 143.5 4
      vertex 78.8607 143.486 4
    endloop
  endfacet
  facet normal 0 0 1
    outer loop
      vertex 104.107 174.9 4
      vertex 54.7833 143.5 4
      vertex 78.5667 143.5 4
    endloop
  endfacet
  facet normal -0 0 1
    outer loop
      vertex 29.2426 174.9 4
      vertex 54.7833 143.5 4
      vertex 104.107 174.9 4
    endloop
  endfacet
  facet normal 0 0 1
    outer loop
      vertex 54.7833 143.5 4
      vertex 29.2426 174.9 4
      vertex 54.4893 143.486 4
    endloop
  endfacet
  facet normal 0 0 1
    outer loop
      vertex 54.4893 143.486 4
      vertex 29.2426 174.9 4
      vertex 54.1981 143.442 4
    endloop
  endfacet
  facet normal 0 0 1
    outer loop
      vertex 54.1981 143.442 4
      vertex 29.2426 174.9 4
      vertex 53.9125 143.371 4
    endloop
  endfacet
  facet normal 0 -0 1
    outer loop
      vertex 43.6542 143.371 4
      vertex 53.9125 143.371 4
      vertex 29.2426 174.9 4
    endloop
  endfacet
  facet normal 0 0 1
    outer loop
      vertex 53.9125 143.371 4
      vertex 43.6542 143.371 4
      vertex 53.6353 143.272 4
    endloop
  endfacet
  facet normal 0 0 1
    outer loop
      vertex 45.7833 130.25 4
      vertex 51.7833 130.25 4
      vertex 51.7833 140.5 4
    endloop
  endfacet
  facet normal 0 0 1
    outer loop
      vertex 51.841 118.835 4
      vertex 45.7833 118.25 4
      vertex 51.7978 118.544 4
    endloop
  endfacet
  facet normal 0 0 1
    outer loop
      vertex 51.7833 118.25 4
      vertex 45.7833 118.25 4
      vertex 51.7833 108 4
    endloop
  endfacet
  facet normal 0 0 1
    outer loop
      vertex 45.7833 108 4
      vertex 51.7833 108 4
      vertex 45.7833 118.25 4
    endloop
  endfacet
  facet normal 0 0 1
    outer loop
      vertex 51.7978 96.2941 4
      vertex 45.7833 96 4
      vertex 51.7833 96 4
    endloop
  endfacet
  facet normal 0 0 1
    outer loop
      vertex 51.7833 96 4
      vertex 45.7833 96 4
      vertex 51.7833 85.75 4
    endloop
  endfacet
  facet normal 0 0 1
    outer loop
      vertex 51.841 74.3353 4
      vertex 45.7833 73.75 4
      vertex 51.7978 74.0441 4
    endloop
  endfacet
  facet normal 0 0 1
    outer loop
      vertex 51.7978 74.0441 4
      vertex 45.7833 73.75 4
      vertex 51.7833 73.75 4
    endloop
  endfacet
  facet normal 0 0 1
    outer loop
      vertex 45.7833 63.5 4
      vertex 51.7833 63.5 4
      vertex 45.7833 73.75 4
    endloop
  endfacet
  facet normal 0 0 1
    outer loop
      vertex 51.841 52.0853 4
      vertex 45.7833 51.5 4
      vertex 51.7978 51.7941 4
    endloop
  endfacet
  facet normal 0 0 1
    outer loop
      vertex 45.7833 130.25 4
      vertex 51.7833 140.5 4
      vertex 45.7833 140.5 4
    endloop
  endfacet
  facet normal 0 0 1
    outer loop
      vertex 51.7978 140.794 4
      vertex 45.7833 140.5 4
      vertex 51.7833 140.5 4
    endloop
  endfacet
  facet normal 0 0 1
    outer loop
      vertex 45.7689 140.794 4
      vertex 51.7978 140.794 4
      vertex 51.841 141.085 4
    endloop
  endfacet
  facet normal 0 0 1
    outer loop
      vertex 45.7257 141.085 4
      vertex 51.841 141.085 4
      vertex 51.9125 141.371 4
    endloop
  endfacet
  facet normal 0 0 1
    outer loop
      vertex 45.6541 141.371 4
      vertex 51.9125 141.371 4
      vertex 52.0117 141.648 4
    endloop
  endfacet
  facet normal 0 0 1
    outer loop
      vertex 45.555 141.648 4
      vertex 52.0117 141.648 4
      vertex 52.1376 141.914 4
    endloop
  endfacet
  facet normal 0 0 1
    outer loop
      vertex 45.4291 141.914 4
      vertex 52.1376 141.914 4
      vertex 52.2889 142.167 4
    endloop
  endfacet
  facet normal 0 0 1
    outer loop
      vertex 45.2777 142.167 4
      vertex 52.2889 142.167 4
      vertex 52.4643 142.403 4
    endloop
  endfacet
  facet normal 0 0 1
    outer loop
      vertex 45.1024 142.403 4
      vertex 52.4643 142.403 4
      vertex 52.662 142.621 4
    endloop
  endfacet
  facet normal 0 0 1
    outer loop
      vertex 44.9046 142.621 4
      vertex 52.662 142.621 4
      vertex 52.8801 142.819 4
    endloop
  endfacet
  facet normal 0 0 1
    outer loop
      vertex 44.6865 142.819 4
      vertex 52.8801 142.819 4
      vertex 53.1166 142.994 4
    endloop
  endfacet
  facet normal 0 -0 1
    outer loop
      vertex 43.9314 143.272 4
      vertex 53.6353 143.272 4
      vertex 43.6542 143.371 4
    endloop
  endfacet
  facet normal 0 0 1
    outer loop
      vertex 51.7978 140.794 4
      vertex 45.7689 140.794 4
      vertex 45.7833 140.5 4
    endloop
  endfacet
  facet normal 0 0 1
    outer loop
      vertex 51.841 141.085 4
      vertex 45.7257 141.085 4
      vertex 45.7689 140.794 4
    endloop
  endfacet
  facet normal 0 0 1
    outer loop
      vertex 51.9125 141.371 4
      vertex 45.6541 141.371 4
      vertex 45.7257 141.085 4
    endloop
  endfacet
  facet normal 0 0 1
    outer loop
      vertex 52.0117 141.648 4
      vertex 45.555 141.648 4
      vertex 45.6541 141.371 4
    endloop
  endfacet
  facet normal 0 0 1
    outer loop
      vertex 52.1376 141.914 4
      vertex 45.4291 141.914 4
      vertex 45.555 141.648 4
    endloop
  endfacet
  facet normal 0 0 1
    outer loop
      vertex 52.2889 142.167 4
      vertex 45.2777 142.167 4
      vertex 45.4291 141.914 4
    endloop
  endfacet
  facet normal 0 0 1
    outer loop
      vertex 52.4643 142.403 4
      vertex 45.1024 142.403 4
      vertex 45.2777 142.167 4
    endloop
  endfacet
  facet normal 0 0 1
    outer loop
      vertex 52.662 142.621 4
      vertex 44.9046 142.621 4
      vertex 45.1024 142.403 4
    endloop
  endfacet
  facet normal 0 0 1
    outer loop
      vertex 52.8801 142.819 4
      vertex 44.6865 142.819 4
      vertex 44.9046 142.621 4
    endloop
  endfacet
  facet normal 0 0 1
    outer loop
      vertex 53.1166 142.994 4
      vertex 44.45 142.994 4
      vertex 44.6865 142.819 4
    endloop
  endfacet
  facet normal 0 0 1
    outer loop
      vertex 53.6353 143.272 4
      vertex 43.9314 143.272 4
      vertex 53.3691 143.146 4
    endloop
  endfacet
  facet normal 0 0 1
    outer loop
      vertex 53.1166 142.994 4
      vertex 44.1975 143.146 4
      vertex 44.45 142.994 4
    endloop
  endfacet
  facet normal 0 0 1
    outer loop
      vertex 53.3691 143.146 4
      vertex 44.1975 143.146 4
      vertex 53.1166 142.994 4
    endloop
  endfacet
  facet normal 0 -0 1
    outer loop
      vertex 44.1975 143.146 4
      vertex 53.3691 143.146 4
      vertex 43.9314 143.272 4
    endloop
  endfacet
  facet normal 0 0 1
    outer loop
      vertex 43.6542 143.371 4
      vertex 29.2426 174.9 4
      vertex 43.3686 143.442 4
    endloop
  endfacet
  facet normal 0 0 1
    outer loop
      vertex 43.3686 143.442 4
      vertex 29.2426 174.9 4
      vertex 43.0774 143.486 4
    endloop
  endfacet
  facet normal 0 0 1
    outer loop
      vertex 43.0774 143.486 4
      vertex 29.2426 174.9 4
      vertex 42.7833 143.5 4
    endloop
  endfacet
  facet normal 0 0 1
    outer loop
      vertex 27.1213 174.021 4
      vertex 29.2426 174.9 4
      vertex 28.9486 174.886 4
    endloop
  endfacet
  facet normal 0 0 1
    outer loop
      vertex 27.1213 174.021 4
      vertex 28.9486 174.886 4
      vertex 28.6574 174.842 4
    endloop
  endfacet
  facet normal 0 0 1
    outer loop
      vertex 27.1213 174.021 4
      vertex 28.6574 174.842 4
      vertex 28.3718 174.771 4
    endloop
  endfacet
  facet normal 0 0 1
    outer loop
      vertex 27.1213 174.021 4
      vertex 28.3718 174.771 4
      vertex 28.0946 174.672 4
    endloop
  endfacet
  facet normal 0 0 1
    outer loop
      vertex 27.1213 174.021 4
      vertex 28.0946 174.672 4
      vertex 27.8285 174.546 4
    endloop
  endfacet
  facet normal 0 0 1
    outer loop
      vertex 27.1213 174.021 4
      vertex 27.8285 174.546 4
      vertex 27.5759 174.394 4
    endloop
  endfacet
  facet normal 0 0 1
    outer loop
      vertex 27.1213 174.021 4
      vertex 27.5759 174.394 4
      vertex 27.3395 174.219 4
    endloop
  endfacet
  facet normal 0 0 1
    outer loop
      vertex 29.2426 174.9 4
      vertex 27.1213 174.021 4
      vertex 42.7833 143.5 4
    endloop
  endfacet
  facet normal 0 0 1
    outer loop
      vertex 27.1213 174.021 4
      vertex 19 143.5 4
      vertex 42.7833 143.5 4
    endloop
  endfacet
  facet normal 0 0 1
    outer loop
      vertex 27.1213 174.021 4
      vertex 18.7059 143.486 4
      vertex 19 143.5 4
    endloop
  endfacet
  facet normal -0 0 1
    outer loop
      vertex 6.7 146.9 4
      vertex 18.7059 143.486 4
      vertex 27.1213 174.021 4
    endloop
  endfacet
  facet normal 0 0 1
    outer loop
      vertex 18.7059 143.486 4
      vertex 6.7 146.9 4
      vertex 18.4147 143.442 4
    endloop
  endfacet
  facet normal 0 0 1
    outer loop
      vertex 18.4147 143.442 4
      vertex 6.7 146.9 4
      vertex 18.1292 143.371 4
    endloop
  endfacet
  facet normal 0 0 1
    outer loop
      vertex 18.1292 143.371 4
      vertex 6.7 146.9 4
      vertex 17.8519 143.272 4
    endloop
  endfacet
  facet normal 0 0 1
    outer loop
      vertex 17.8519 143.272 4
      vertex 6.7 146.9 4
      vertex 17.5858 143.146 4
    endloop
  endfacet
  facet normal 0 0 1
    outer loop
      vertex 17.5858 143.146 4
      vertex 6.7 146.9 4
      vertex 17.3333 142.994 4
    endloop
  endfacet
  facet normal 0 0 1
    outer loop
      vertex 17.3333 142.994 4
      vertex 6.7 146.9 4
      vertex 17.0968 142.819 4
    endloop
  endfacet
  facet normal 0 0 1
    outer loop
      vertex 17.0968 142.819 4
      vertex 6.7 146.9 4
      vertex 16.8787 142.621 4
    endloop
  endfacet
  facet normal 0 0 1
    outer loop
      vertex 16.8787 142.621 4
      vertex 6.7 146.9 4
      vertex 16.681 142.403 4
    endloop
  endfacet
  facet normal 0 0 1
    outer loop
      vertex 16.681 142.403 4
      vertex 6.7 146.9 4
      vertex 16.5056 142.167 4
    endloop
  endfacet
  facet normal 0 0 1
    outer loop
      vertex 16.5056 142.167 4
      vertex 6.7 146.9 4
      vertex 16.3542 141.914 4
    endloop
  endfacet
  facet normal 0 0 1
    outer loop
      vertex 16.3542 141.914 4
      vertex 6.7 146.9 4
      vertex 16.2284 141.648 4
    endloop
  endfacet
  facet normal 0 0 1
    outer loop
      vertex 6.7 146.9 4
      vertex 16 130.25 4
      vertex 16 140.5 4
    endloop
  endfacet
  facet normal 0 0 1
    outer loop
      vertex 16.0145 118.544 4
      vertex 6.7 146.9 4
      vertex 16 118.25 4
    endloop
  endfacet
  facet normal 0 0 1
    outer loop
      vertex 16 118.25 4
      vertex 6.7 146.9 4
      vertex 16 108 4
    endloop
  endfacet
  facet normal 0 0 1
    outer loop
      vertex 16 108 4
      vertex 6.7 146.9 4
      vertex 16 96 4
    endloop
  endfacet
  facet normal 0 0 1
    outer loop
      vertex 6.7 48.3 4
      vertex 16 96 4
      vertex 6.7 146.9 4
    endloop
  endfacet
  facet normal 0 0 1
    outer loop
      vertex 16 96 4
      vertex 6.7 48.3 4
      vertex 16 85.75 4
    endloop
  endfacet
  facet normal 0 0 1
    outer loop
      vertex 16.0145 74.0441 4
      vertex 6.7 48.3 4
      vertex 16 73.75 4
    endloop
  endfacet
  facet normal 0 0 1
    outer loop
      vertex 16.0145 51.7941 4
      vertex 6.7 48.3 4
      vertex 16 51.5 4
    endloop
  endfacet
  facet normal 0 0 1
    outer loop
      vertex 16 51.5 4
      vertex 6.7 48.3 4
      vertex 16 41.25 4
    endloop
  endfacet
  facet normal 0 0 1
    outer loop
      vertex 16.1292 40.3792 4
      vertex 6.7 48.3 4
      vertex 2.3 48.3 4
    endloop
  endfacet
  facet normal 0 0 1
    outer loop
      vertex 16 73.75 4
      vertex 6.7 48.3 4
      vertex 16 63.5 4
    endloop
  endfacet
  facet normal 0 0 1
    outer loop
      vertex 16.0145 140.794 4
      vertex 6.7 146.9 4
      vertex 16 140.5 4
    endloop
  endfacet
  facet normal 0 0 1
    outer loop
      vertex 16.0576 141.085 4
      vertex 6.7 146.9 4
      vertex 16.0145 140.794 4
    endloop
  endfacet
  facet normal 0 0 1
    outer loop
      vertex 16.1292 141.371 4
      vertex 6.7 146.9 4
      vertex 16.0576 141.085 4
    endloop
  endfacet
  facet normal 0 0 1
    outer loop
      vertex 16.2284 141.648 4
      vertex 6.7 146.9 4
      vertex 16.1292 141.371 4
    endloop
  endfacet
  facet normal -0 0 1
    outer loop
      vertex 0.878677 147.779 4
      vertex 6.7 146.9 4
      vertex 27.1213 174.021 4
    endloop
  endfacet
  facet normal -0 0 1
    outer loop
      vertex 0 145.657 4
      vertex 2.3 48.3 4
      vertex 2.3 146.9 4
    endloop
  endfacet
  facet normal 0 0 1
    outer loop
      vertex 2.3 48.3 4
      vertex 0 3 4
      vertex 2.12915 0.129181 4
    endloop
  endfacet
  facet normal 0 0 1
    outer loop
      vertex 2.12915 0.129181 4
      vertex 0 3 4
      vertex 1.85194 0.228363 4
    endloop
  endfacet
  facet normal 0 0 1
    outer loop
      vertex 1.85194 0.228363 4
      vertex 0 3 4
      vertex 1.58582 0.354233 4
    endloop
  endfacet
  facet normal 0 0 1
    outer loop
      vertex 1.58582 0.354233 4
      vertex 0 3 4
      vertex 1.33328 0.505585 4
    endloop
  endfacet
  facet normal 0 0 1
    outer loop
      vertex 6.7 146.9 4
      vertex 0.878677 147.779 4
      vertex 2.3 146.9 4
    endloop
  endfacet
  facet normal -0 0 1
    outer loop
      vertex 0.680969 147.561 4
      vertex 2.3 146.9 4
      vertex 0.878677 147.779 4
    endloop
  endfacet
  facet normal 0 0 1
    outer loop
      vertex 2.3 48.3 4
      vertex 0 145.657 4
      vertex 0 3 4
    endloop
  endfacet
  facet normal -0 0 1
    outer loop
      vertex 0.505585 147.324 4
      vertex 2.3 146.9 4
      vertex 0.680969 147.561 4
    endloop
  endfacet
  facet normal 0 0 1
    outer loop
      vertex 1.33328 0.505585 4
      vertex 0 3 4
      vertex 1.09682 0.680969 4
    endloop
  endfacet
  facet normal -0 0 1
    outer loop
      vertex 0.354233 147.072 4
      vertex 2.3 146.9 4
      vertex 0.505585 147.324 4
    endloop
  endfacet
  facet normal 0 0 1
    outer loop
      vertex 1.09682 0.680969 4
      vertex 0 3 4
      vertex 0.878677 0.878677 4
    endloop
  endfacet
  facet normal 0 0 1
    outer loop
      vertex 0.228363 146.805 4
      vertex 2.3 146.9 4
      vertex 0.354233 147.072 4
    endloop
  endfacet
  facet normal 0 0 1
    outer loop
      vertex 0.878677 0.878677 4
      vertex 0 3 4
      vertex 0.680969 1.09682 4
    endloop
  endfacet
  facet normal 0 0 1
    outer loop
      vertex 0.129181 146.528 4
      vertex 2.3 146.9 4
      vertex 0.228363 146.805 4
    endloop
  endfacet
  facet normal 0 0 1
    outer loop
      vertex 0.680969 1.09682 4
      vertex 0 3 4
      vertex 0.505585 1.33328 4
    endloop
  endfacet
  facet normal 0 0 1
    outer loop
      vertex 0.0576477 146.243 4
      vertex 2.3 146.9 4
      vertex 0.129181 146.528 4
    endloop
  endfacet
  facet normal 0 0 1
    outer loop
      vertex 0.505585 1.33328 4
      vertex 0 3 4
      vertex 0.354233 1.58582 4
    endloop
  endfacet
  facet normal 0 0 1
    outer loop
      vertex 0.0144501 145.951 4
      vertex 2.3 146.9 4
      vertex 0.0576477 146.243 4
    endloop
  endfacet
  facet normal 0 0 1
    outer loop
      vertex 0.354233 1.58582 4
      vertex 0 3 4
      vertex 0.228363 1.85194 4
    endloop
  endfacet
  facet normal 0 0 1
    outer loop
      vertex 2.3 146.9 4
      vertex 0.0144501 145.951 4
      vertex 0 145.657 4
    endloop
  endfacet
  facet normal 0 0 1
    outer loop
      vertex 0.228363 1.85194 4
      vertex 0 3 4
      vertex 0.129181 2.12915 4
    endloop
  endfacet
  facet normal 0 0 1
    outer loop
      vertex 0.129181 2.12915 4
      vertex 0 3 4
      vertex 0.0576477 2.41473 4
    endloop
  endfacet
  facet normal 0 0 1
    outer loop
      vertex 0.0576477 2.41473 4
      vertex 0 3 4
      vertex 0.0144501 2.70595 4
    endloop
  endfacet
  facet normal 0 0 1
    outer loop
      vertex 133.292 2.41473 4
      vertex 130.35 0 4
      vertex 133.221 2.12915 4
    endloop
  endfacet
  facet normal 0 0 1
    outer loop
      vertex 133.122 1.85194 4
      vertex 130.35 0 4
      vertex 132.996 1.58582 4
    endloop
  endfacet
  facet normal 0 0 1
    outer loop
      vertex 132.996 1.58582 4
      vertex 130.35 0 4
      vertex 132.844 1.33328 4
    endloop
  endfacet
  facet normal 0 0 1
    outer loop
      vertex 132.844 1.33328 4
      vertex 130.35 0 4
      vertex 132.669 1.09682 4
    endloop
  endfacet
  facet normal 0 0 1
    outer loop
      vertex 117.336 40.9559 4
      vertex 126.65 48.3 4
      vertex 117.35 41.25 4
    endloop
  endfacet
  facet normal 0 0 1
    outer loop
      vertex 117.336 129.956 4
      vertex 126.65 146.9 4
      vertex 117.35 130.25 4
    endloop
  endfacet
  facet normal 0 0 1
    outer loop
      vertex 117.35 108 4
      vertex 126.65 146.9 4
      vertex 117.35 118.25 4
    endloop
  endfacet
  facet normal 0 0 1
    outer loop
      vertex 117.35 96 4
      vertex 126.65 146.9 4
      vertex 117.35 108 4
    endloop
  endfacet
  facet normal 0 0 1
    outer loop
      vertex 126.65 146.9 4
      vertex 117.35 96 4
      vertex 126.65 48.3 4
    endloop
  endfacet
  facet normal -0 0 1
    outer loop
      vertex 117.35 85.75 4
      vertex 126.65 48.3 4
      vertex 117.35 96 4
    endloop
  endfacet
  facet normal -0 0 1
    outer loop
      vertex 117.336 85.4559 4
      vertex 126.65 48.3 4
      vertex 117.35 85.75 4
    endloop
  endfacet
  facet normal -0 0 1
    outer loop
      vertex 117.35 63.5 4
      vertex 126.65 48.3 4
      vertex 117.35 73.75 4
    endloop
  endfacet
  facet normal -0 0 1
    outer loop
      vertex 117.336 63.2059 4
      vertex 126.65 48.3 4
      vertex 117.35 63.5 4
    endloop
  endfacet
  facet normal 0 0 1
    outer loop
      vertex 117.35 41.25 4
      vertex 126.65 48.3 4
      vertex 117.35 51.5 4
    endloop
  endfacet
  facet normal 0 0 1
    outer loop
      vertex 117.292 40.6647 4
      vertex 126.65 48.3 4
      vertex 117.336 40.9559 4
    endloop
  endfacet
  facet normal 0 0 1
    outer loop
      vertex 132.471 0.878677 4
      vertex 130.35 0 4
      vertex 132.253 0.680969 4
    endloop
  endfacet
  facet normal 0 0 1
    outer loop
      vertex 132.253 0.680969 4
      vertex 130.35 0 4
      vertex 132.017 0.505585 4
    endloop
  endfacet
  facet normal 0 0 1
    outer loop
      vertex 131.764 0.354233 4
      vertex 130.35 0 4
      vertex 131.498 0.228363 4
    endloop
  endfacet
  facet normal 0 0 1
    outer loop
      vertex 131.498 0.228363 4
      vertex 130.35 0 4
      vertex 131.221 0.129181 4
    endloop
  endfacet
  facet normal 0 0 1
    outer loop
      vertex 130.935 0.0576477 4
      vertex 130.35 0 4
      vertex 130.644 0.0144501 4
    endloop
  endfacet
  facet normal 0 0 1
    outer loop
      vertex 131.221 0.129181 4
      vertex 130.35 0 4
      vertex 130.935 0.0576477 4
    endloop
  endfacet
  facet normal 0 0 1
    outer loop
      vertex 132.017 0.505585 4
      vertex 130.35 0 4
      vertex 131.764 0.354233 4
    endloop
  endfacet
  facet normal 0 0 1
    outer loop
      vertex 132.669 1.09682 4
      vertex 130.35 0 4
      vertex 132.471 0.878677 4
    endloop
  endfacet
  facet normal 0 0 1
    outer loop
      vertex 133.221 2.12915 4
      vertex 130.35 0 4
      vertex 133.122 1.85194 4
    endloop
  endfacet
  facet normal 0 0 1
    outer loop
      vertex 133.35 3 4
      vertex 130.35 0 4
      vertex 133.336 2.70595 4
    endloop
  endfacet
  facet normal -0 0 1
    outer loop
      vertex 116.253 16.681 4
      vertex 130.35 0 4
      vertex 116.471 16.8787 4
    endloop
  endfacet
  facet normal -0 0 1
    outer loop
      vertex 116.017 16.5056 4
      vertex 130.35 0 4
      vertex 116.253 16.681 4
    endloop
  endfacet
  facet normal -0 0 1
    outer loop
      vertex 115.764 16.3542 4
      vertex 130.35 0 4
      vertex 116.017 16.5056 4
    endloop
  endfacet
  facet normal -0 0 1
    outer loop
      vertex 115.498 16.2284 4
      vertex 130.35 0 4
      vertex 115.764 16.3542 4
    endloop
  endfacet
  facet normal -0 0 1
    outer loop
      vertex 115.221 16.1292 4
      vertex 130.35 0 4
      vertex 115.498 16.2284 4
    endloop
  endfacet
  facet normal -0 0 1
    outer loop
      vertex 114.935 16.0576 4
      vertex 130.35 0 4
      vertex 115.221 16.1292 4
    endloop
  endfacet
  facet normal -0 0 1
    outer loop
      vertex 114.644 16.0145 4
      vertex 130.35 0 4
      vertex 114.935 16.0576 4
    endloop
  endfacet
  facet normal -0 0 1
    outer loop
      vertex 114.35 16 4
      vertex 130.35 0 4
      vertex 114.644 16.0145 4
    endloop
  endfacet
  facet normal -0 0 1
    outer loop
      vertex 90.5667 16 4
      vertex 130.35 0 4
      vertex 114.35 16 4
    endloop
  endfacet
  facet normal 0 0 1
    outer loop
      vertex 90.2726 16.0145 4
      vertex 130.35 0 4
      vertex 90.5667 16 4
    endloop
  endfacet
  facet normal 0 0 1
    outer loop
      vertex 78.8607 16.0145 4
      vertex 90.2726 16.0145 4
      vertex 89.9814 16.0576 4
    endloop
  endfacet
  facet normal 0 0 1
    outer loop
      vertex 79.1519 16.0576 4
      vertex 89.9814 16.0576 4
      vertex 89.6958 16.1292 4
    endloop
  endfacet
  facet normal 0 0 1
    outer loop
      vertex 79.4375 16.1292 4
      vertex 89.6958 16.1292 4
      vertex 89.4186 16.2284 4
    endloop
  endfacet
  facet normal 0 0 1
    outer loop
      vertex 87.5811 118.544 4
      vertex 81.5667 118.25 4
      vertex 87.5667 118.25 4
    endloop
  endfacet
  facet normal 0 0 1
    outer loop
      vertex 87.6243 96.5853 4
      vertex 81.5667 96 4
      vertex 87.5811 96.2941 4
    endloop
  endfacet
  facet normal 0 0 1
    outer loop
      vertex 81.5667 85.75 4
      vertex 87.5667 85.75 4
      vertex 81.5667 96 4
    endloop
  endfacet
  facet normal 0 0 1
    outer loop
      vertex 87.5667 73.75 4
      vertex 81.5667 73.75 4
      vertex 87.5667 63.5 4
    endloop
  endfacet
  facet normal 0 0 1
    outer loop
      vertex 87.5811 51.7941 4
      vertex 81.5667 51.5 4
      vertex 87.5667 51.5 4
    endloop
  endfacet
  facet normal 0 0 1
    outer loop
      vertex 87.5667 51.5 4
      vertex 81.5667 51.5 4
      vertex 87.5667 41.25 4
    endloop
  endfacet
  facet normal 0 0 1
    outer loop
      vertex 81.5667 41.25 4
      vertex 87.5667 41.25 4
      vertex 81.5667 51.5 4
    endloop
  endfacet
  facet normal 0 0 1
    outer loop
      vertex 87.6243 29.8353 4
      vertex 81.5667 29.25 4
      vertex 87.5811 29.5441 4
    endloop
  endfacet
  facet normal 0 0 1
    outer loop
      vertex 87.5811 29.5441 4
      vertex 81.5667 29.25 4
      vertex 87.5667 29.25 4
    endloop
  endfacet
  facet normal 0 0 1
    outer loop
      vertex 87.5667 29.25 4
      vertex 81.5667 29.25 4
      vertex 87.5667 19 4
    endloop
  endfacet
  facet normal 0 0 1
    outer loop
      vertex 81.5667 19 4
      vertex 87.5667 19 4
      vertex 81.5667 29.25 4
    endloop
  endfacet
  facet normal 0 0 1
    outer loop
      vertex 87.5667 19 4
      vertex 81.5667 19 4
      vertex 87.5811 18.7059 4
    endloop
  endfacet
  facet normal 0 0 1
    outer loop
      vertex 81.5522 18.7059 4
      vertex 87.5811 18.7059 4
      vertex 81.5667 19 4
    endloop
  endfacet
  facet normal 0 0 1
    outer loop
      vertex 87.5811 18.7059 4
      vertex 81.5522 18.7059 4
      vertex 87.6243 18.4147 4
    endloop
  endfacet
  facet normal 0 0 1
    outer loop
      vertex 81.509 18.4147 4
      vertex 87.6243 18.4147 4
      vertex 81.5522 18.7059 4
    endloop
  endfacet
  facet normal 0 0 1
    outer loop
      vertex 87.6243 18.4147 4
      vertex 81.509 18.4147 4
      vertex 87.6958 18.1292 4
    endloop
  endfacet
  facet normal 0 0 1
    outer loop
      vertex 81.4375 18.1292 4
      vertex 87.6958 18.1292 4
      vertex 81.509 18.4147 4
    endloop
  endfacet
  facet normal 0 0 1
    outer loop
      vertex 87.6958 18.1292 4
      vertex 81.4375 18.1292 4
      vertex 87.795 17.8519 4
    endloop
  endfacet
  facet normal 0 0 1
    outer loop
      vertex 81.3383 17.8519 4
      vertex 87.795 17.8519 4
      vertex 81.4375 18.1292 4
    endloop
  endfacet
  facet normal 0 0 1
    outer loop
      vertex 87.795 17.8519 4
      vertex 81.3383 17.8519 4
      vertex 87.9209 17.5858 4
    endloop
  endfacet
  facet normal 0 0 1
    outer loop
      vertex 81.2124 17.5858 4
      vertex 87.9209 17.5858 4
      vertex 81.3383 17.8519 4
    endloop
  endfacet
  facet normal 0 0 1
    outer loop
      vertex 87.9209 17.5858 4
      vertex 81.2124 17.5858 4
      vertex 88.0723 17.3333 4
    endloop
  endfacet
  facet normal 0 0 1
    outer loop
      vertex 81.0611 17.3333 4
      vertex 88.0723 17.3333 4
      vertex 81.2124 17.5858 4
    endloop
  endfacet
  facet normal 0 0 1
    outer loop
      vertex 88.0723 17.3333 4
      vertex 81.0611 17.3333 4
      vertex 88.2476 17.0968 4
    endloop
  endfacet
  facet normal 0 0 1
    outer loop
      vertex 80.8857 17.0968 4
      vertex 88.2476 17.0968 4
      vertex 81.0611 17.3333 4
    endloop
  endfacet
  facet normal 0 0 1
    outer loop
      vertex 88.2476 17.0968 4
      vertex 80.8857 17.0968 4
      vertex 88.4453 16.8787 4
    endloop
  endfacet
  facet normal 0 0 1
    outer loop
      vertex 80.688 16.8787 4
      vertex 88.4453 16.8787 4
      vertex 80.8857 17.0968 4
    endloop
  endfacet
  facet normal 0 0 1
    outer loop
      vertex 88.4453 16.8787 4
      vertex 80.688 16.8787 4
      vertex 88.6635 16.681 4
    endloop
  endfacet
  facet normal 0 0 1
    outer loop
      vertex 80.4698 16.681 4
      vertex 88.6635 16.681 4
      vertex 80.688 16.8787 4
    endloop
  endfacet
  facet normal 0 0 1
    outer loop
      vertex 88.6635 16.681 4
      vertex 80.4698 16.681 4
      vertex 88.8999 16.5056 4
    endloop
  endfacet
  facet normal 0 0 1
    outer loop
      vertex 80.2334 16.5056 4
      vertex 88.8999 16.5056 4
      vertex 80.4698 16.681 4
    endloop
  endfacet
  facet normal 0 0 1
    outer loop
      vertex 88.8999 16.5056 4
      vertex 80.2334 16.5056 4
      vertex 89.1525 16.3542 4
    endloop
  endfacet
  facet normal 0 0 1
    outer loop
      vertex 79.9808 16.3542 4
      vertex 89.1525 16.3542 4
      vertex 80.2334 16.5056 4
    endloop
  endfacet
  facet normal 0 0 1
    outer loop
      vertex 89.1525 16.3542 4
      vertex 79.9808 16.3542 4
      vertex 89.4186 16.2284 4
    endloop
  endfacet
  facet normal 0 0 1
    outer loop
      vertex 79.7147 16.2284 4
      vertex 89.4186 16.2284 4
      vertex 79.9808 16.3542 4
    endloop
  endfacet
  facet normal 0 0 1
    outer loop
      vertex 79.4375 16.1292 4
      vertex 89.4186 16.2284 4
      vertex 79.7147 16.2284 4
    endloop
  endfacet
  facet normal 0 0 1
    outer loop
      vertex 89.6958 16.1292 4
      vertex 79.4375 16.1292 4
      vertex 79.1519 16.0576 4
    endloop
  endfacet
  facet normal 0 0 1
    outer loop
      vertex 89.9814 16.0576 4
      vertex 79.1519 16.0576 4
      vertex 78.8607 16.0145 4
    endloop
  endfacet
  facet normal 0 0 1
    outer loop
      vertex 90.2726 16.0145 4
      vertex 78.8607 16.0145 4
      vertex 130.35 0 4
    endloop
  endfacet
  facet normal -0 0 1
    outer loop
      vertex 78.5667 16 4
      vertex 130.35 0 4
      vertex 78.8607 16.0145 4
    endloop
  endfacet
  facet normal -0 0 1
    outer loop
      vertex 54.7833 16 4
      vertex 130.35 0 4
      vertex 78.5667 16 4
    endloop
  endfacet
  facet normal 0 0 1
    outer loop
      vertex 3 0 4
      vertex 54.7833 16 4
      vertex 54.4893 16.0145 4
    endloop
  endfacet
  facet normal 0 0 1
    outer loop
      vertex 43.0774 16.0145 4
      vertex 54.4893 16.0145 4
      vertex 54.1981 16.0576 4
    endloop
  endfacet
  facet normal 0 0 1
    outer loop
      vertex 51.7978 118.544 4
      vertex 45.7833 118.25 4
      vertex 51.7833 118.25 4
    endloop
  endfacet
  facet normal 0 0 1
    outer loop
      vertex 51.841 96.5853 4
      vertex 45.7833 96 4
      vertex 51.7978 96.2941 4
    endloop
  endfacet
  facet normal 0 0 1
    outer loop
      vertex 45.7833 85.75 4
      vertex 51.7833 85.75 4
      vertex 45.7833 96 4
    endloop
  endfacet
  facet normal 0 0 1
    outer loop
      vertex 51.7833 73.75 4
      vertex 45.7833 73.75 4
      vertex 51.7833 63.5 4
    endloop
  endfacet
  facet normal 0 0 1
    outer loop
      vertex 51.7978 51.7941 4
      vertex 45.7833 51.5 4
      vertex 51.7833 51.5 4
    endloop
  endfacet
  facet normal 0 0 1
    outer loop
      vertex 51.7833 51.5 4
      vertex 45.7833 51.5 4
      vertex 51.7833 41.25 4
    endloop
  endfacet
  facet normal 0 0 1
    outer loop
      vertex 45.7833 41.25 4
      vertex 51.7833 41.25 4
      vertex 45.7833 51.5 4
    endloop
  endfacet
  facet normal 0 0 1
    outer loop
      vertex 51.841 29.8353 4
      vertex 45.7833 29.25 4
      vertex 51.7978 29.5441 4
    endloop
  endfacet
  facet normal 0 0 1
    outer loop
      vertex 51.7978 29.5441 4
      vertex 45.7833 29.25 4
      vertex 51.7833 29.25 4
    endloop
  endfacet
  facet normal 0 0 1
    outer loop
      vertex 51.7833 29.25 4
      vertex 45.7833 29.25 4
      vertex 51.7833 19 4
    endloop
  endfacet
  facet normal 0 0 1
    outer loop
      vertex 45.7833 19 4
      vertex 51.7833 19 4
      vertex 45.7833 29.25 4
    endloop
  endfacet
  facet normal 0 0 1
    outer loop
      vertex 51.7833 19 4
      vertex 45.7833 19 4
      vertex 51.7978 18.7059 4
    endloop
  endfacet
  facet normal 0 0 1
    outer loop
      vertex 45.7689 18.7059 4
      vertex 51.7978 18.7059 4
      vertex 45.7833 19 4
    endloop
  endfacet
  facet normal 0 0 1
    outer loop
      vertex 51.7978 18.7059 4
      vertex 45.7689 18.7059 4
      vertex 51.841 18.4147 4
    endloop
  endfacet
  facet normal 0 0 1
    outer loop
      vertex 45.7257 18.4147 4
      vertex 51.841 18.4147 4
      vertex 45.7689 18.7059 4
    endloop
  endfacet
  facet normal 0 0 1
    outer loop
      vertex 51.841 18.4147 4
      vertex 45.7257 18.4147 4
      vertex 51.9125 18.1292 4
    endloop
  endfacet
  facet normal 0 0 1
    outer loop
      vertex 45.6541 18.1292 4
      vertex 51.9125 18.1292 4
      vertex 45.7257 18.4147 4
    endloop
  endfacet
  facet normal 0 0 1
    outer loop
      vertex 51.9125 18.1292 4
      vertex 45.6541 18.1292 4
      vertex 52.0117 17.8519 4
    endloop
  endfacet
  facet normal 0 0 1
    outer loop
      vertex 45.555 17.8519 4
      vertex 52.0117 17.8519 4
      vertex 45.6541 18.1292 4
    endloop
  endfacet
  facet normal 0 0 1
    outer loop
      vertex 52.0117 17.8519 4
      vertex 45.555 17.8519 4
      vertex 52.1376 17.5858 4
    endloop
  endfacet
  facet normal 0 0 1
    outer loop
      vertex 45.4291 17.5858 4
      vertex 52.1376 17.5858 4
      vertex 45.555 17.8519 4
    endloop
  endfacet
  facet normal 0 0 1
    outer loop
      vertex 52.1376 17.5858 4
      vertex 45.4291 17.5858 4
      vertex 52.2889 17.3333 4
    endloop
  endfacet
  facet normal 0 0 1
    outer loop
      vertex 45.2777 17.3333 4
      vertex 52.2889 17.3333 4
      vertex 45.4291 17.5858 4
    endloop
  endfacet
  facet normal 0 0 1
    outer loop
      vertex 52.2889 17.3333 4
      vertex 45.2777 17.3333 4
      vertex 52.4643 17.0968 4
    endloop
  endfacet
  facet normal 0 0 1
    outer loop
      vertex 45.1024 17.0968 4
      vertex 52.4643 17.0968 4
      vertex 45.2777 17.3333 4
    endloop
  endfacet
  facet normal 0 0 1
    outer loop
      vertex 52.4643 17.0968 4
      vertex 45.1024 17.0968 4
      vertex 52.662 16.8787 4
    endloop
  endfacet
  facet normal 0 0 1
    outer loop
      vertex 44.9046 16.8787 4
      vertex 52.662 16.8787 4
      vertex 45.1024 17.0968 4
    endloop
  endfacet
  facet normal 0 0 1
    outer loop
      vertex 52.662 16.8787 4
      vertex 44.9046 16.8787 4
      vertex 52.8801 16.681 4
    endloop
  endfacet
  facet normal 0 0 1
    outer loop
      vertex 44.6865 16.681 4
      vertex 52.8801 16.681 4
      vertex 44.9046 16.8787 4
    endloop
  endfacet
  facet normal 0 0 1
    outer loop
      vertex 52.8801 16.681 4
      vertex 44.6865 16.681 4
      vertex 53.1166 16.5056 4
    endloop
  endfacet
  facet normal 0 0 1
    outer loop
      vertex 44.45 16.5056 4
      vertex 53.1166 16.5056 4
      vertex 44.6865 16.681 4
    endloop
  endfacet
  facet normal 0 0 1
    outer loop
      vertex 53.1166 16.5056 4
      vertex 44.45 16.5056 4
      vertex 53.3691 16.3542 4
    endloop
  endfacet
  facet normal 0 0 1
    outer loop
      vertex 44.1975 16.3542 4
      vertex 53.3691 16.3542 4
      vertex 44.45 16.5056 4
    endloop
  endfacet
  facet normal 0 0 1
    outer loop
      vertex 53.3691 16.3542 4
      vertex 44.1975 16.3542 4
      vertex 53.6353 16.2284 4
    endloop
  endfacet
  facet normal 0 0 1
    outer loop
      vertex 43.9314 16.2284 4
      vertex 53.6353 16.2284 4
      vertex 44.1975 16.3542 4
    endloop
  endfacet
  facet normal 0 0 1
    outer loop
      vertex 53.6353 16.2284 4
      vertex 43.9314 16.2284 4
      vertex 53.9125 16.1292 4
    endloop
  endfacet
  facet normal 0 0 1
    outer loop
      vertex 43.6542 16.1292 4
      vertex 53.9125 16.1292 4
      vertex 43.9314 16.2284 4
    endloop
  endfacet
  facet normal 0 0 1
    outer loop
      vertex 53.9125 16.1292 4
      vertex 43.6542 16.1292 4
      vertex 54.1981 16.0576 4
    endloop
  endfacet
  facet normal 0 0 1
    outer loop
      vertex 43.3686 16.0576 4
      vertex 54.1981 16.0576 4
      vertex 43.6542 16.1292 4
    endloop
  endfacet
  facet normal 0 0 1
    outer loop
      vertex 43.0774 16.0145 4
      vertex 54.1981 16.0576 4
      vertex 43.3686 16.0576 4
    endloop
  endfacet
  facet normal 0 0 1
    outer loop
      vertex 54.4893 16.0145 4
      vertex 43.0774 16.0145 4
      vertex 3 0 4
    endloop
  endfacet
  facet normal 0 0 1
    outer loop
      vertex 3 0 4
      vertex 43.0774 16.0145 4
      vertex 42.7833 16 4
    endloop
  endfacet
  facet normal 0 0 1
    outer loop
      vertex 3 0 4
      vertex 42.7833 16 4
      vertex 19 16 4
    endloop
  endfacet
  facet normal 0 0 1
    outer loop
      vertex 3 0 4
      vertex 19 16 4
      vertex 18.7059 16.0145 4
    endloop
  endfacet
  facet normal 0 0 1
    outer loop
      vertex 16.0145 29.5441 4
      vertex 2.3 48.3 4
      vertex 16 29.25 4
    endloop
  endfacet
  facet normal 0 0 1
    outer loop
      vertex 16 29.25 4
      vertex 2.3 48.3 4
      vertex 16 19 4
    endloop
  endfacet
  facet normal 0 0 1
    outer loop
      vertex 2.12915 0.129181 4
      vertex 16 19 4
      vertex 2.3 48.3 4
    endloop
  endfacet
  facet normal 0 0 1
    outer loop
      vertex 16 19 4
      vertex 2.12915 0.129181 4
      vertex 16.0145 18.7059 4
    endloop
  endfacet
  facet normal 0 0 1
    outer loop
      vertex 54.7833 16 4
      vertex 3 0 4
      vertex 130.35 0 4
    endloop
  endfacet
  facet normal 0 0 1
    outer loop
      vertex 18.4147 16.0576 4
      vertex 3 0 4
      vertex 18.7059 16.0145 4
    endloop
  endfacet
  facet normal 0 0 1
    outer loop
      vertex 18.1292 16.1292 4
      vertex 3 0 4
      vertex 18.4147 16.0576 4
    endloop
  endfacet
  facet normal 0 0 1
    outer loop
      vertex 17.8519 16.2284 4
      vertex 3 0 4
      vertex 18.1292 16.1292 4
    endloop
  endfacet
  facet normal 0 0 1
    outer loop
      vertex 17.5858 16.3542 4
      vertex 3 0 4
      vertex 17.8519 16.2284 4
    endloop
  endfacet
  facet normal 0 0 1
    outer loop
      vertex 17.3333 16.5056 4
      vertex 3 0 4
      vertex 17.5858 16.3542 4
    endloop
  endfacet
  facet normal 0 0 1
    outer loop
      vertex 17.0968 16.681 4
      vertex 3 0 4
      vertex 17.3333 16.5056 4
    endloop
  endfacet
  facet normal 0 0 1
    outer loop
      vertex 16.8787 16.8787 4
      vertex 3 0 4
      vertex 17.0968 16.681 4
    endloop
  endfacet
  facet normal 0 0 1
    outer loop
      vertex 16.681 17.0968 4
      vertex 3 0 4
      vertex 16.8787 16.8787 4
    endloop
  endfacet
  facet normal 0 0 1
    outer loop
      vertex 16.5056 17.3333 4
      vertex 3 0 4
      vertex 16.681 17.0968 4
    endloop
  endfacet
  facet normal 0 0 1
    outer loop
      vertex 16.3542 17.5858 4
      vertex 3 0 4
      vertex 16.5056 17.3333 4
    endloop
  endfacet
  facet normal 0 0 1
    outer loop
      vertex 16.2284 17.8519 4
      vertex 3 0 4
      vertex 16.3542 17.5858 4
    endloop
  endfacet
  facet normal 0 0 1
    outer loop
      vertex 2.12915 0.129181 4
      vertex 16.2284 17.8519 4
      vertex 16.1292 18.1292 4
    endloop
  endfacet
  facet normal 0 0 1
    outer loop
      vertex 16.0145 18.7059 4
      vertex 2.12915 0.129181 4
      vertex 16.0576 18.4147 4
    endloop
  endfacet
  facet normal 0 0 1
    outer loop
      vertex 16.2284 17.8519 4
      vertex 2.12915 0.129181 4
      vertex 3 0 4
    endloop
  endfacet
  facet normal 0 0 1
    outer loop
      vertex 3 0 4
      vertex 2.12915 0.129181 4
      vertex 2.70595 0.0144501 4
    endloop
  endfacet
  facet normal 0 0 1
    outer loop
      vertex 16.0576 18.4147 4
      vertex 2.12915 0.129181 4
      vertex 16.1292 18.1292 4
    endloop
  endfacet
  facet normal 0 0 1
    outer loop
      vertex 2.70595 0.0144501 4
      vertex 2.12915 0.129181 4
      vertex 2.41473 0.0576477 4
    endloop
  endfacet
  facet normal -1 0 0
    outer loop
      vertex 2.3 61.5455 23.9859
      vertex 2.3 146.9 25.2
      vertex 2.3 146.9 4
    endloop
  endfacet
  facet normal -1 0 0
    outer loop
      vertex 2.3 146.9 25.2
      vertex 2.3 61.5455 23.9859
      vertex 2.3 61.6 24.4
    endloop
  endfacet
  facet normal -1 0 0
    outer loop
      vertex 2.3 146.9 4
      vertex 2.3 61.3856 23.6
      vertex 2.3 61.5455 23.9859
    endloop
  endfacet
  facet normal -1 0 0
    outer loop
      vertex 2.3 146.9 4
      vertex 2.3 61.1314 23.2686
      vertex 2.3 61.3856 23.6
    endloop
  endfacet
  facet normal -1 0 0
    outer loop
      vertex 2.3 48.3 4
      vertex 2.3 61.1314 23.2686
      vertex 2.3 146.9 4
    endloop
  endfacet
  facet normal -1 0 0
    outer loop
      vertex 2.3 61.1314 23.2686
      vertex 2.3 48.3 4
      vertex 2.3 60.8 23.0144
    endloop
  endfacet
  facet normal -1 0 0
    outer loop
      vertex 2.3 60.8 23.0144
      vertex 2.3 48.3 4
      vertex 2.3 60.4141 22.8545
    endloop
  endfacet
  facet normal -1 0 0
    outer loop
      vertex 2.3 60.4141 22.8545
      vertex 2.3 48.3 4
      vertex 2.3 60 22.8
    endloop
  endfacet
  facet normal -1 0 0
    outer loop
      vertex 2.3 58.6144 23.6
      vertex 2.3 48.3 25.2
      vertex 2.3 58.4545 23.9859
    endloop
  endfacet
  facet normal -1 0 0
    outer loop
      vertex 2.3 58.8686 23.2686
      vertex 2.3 48.3 25.2
      vertex 2.3 58.6144 23.6
    endloop
  endfacet
  facet normal -1 0 0
    outer loop
      vertex 2.3 48.3 25.2
      vertex 2.3 58.8686 23.2686
      vertex 2.3 48.3 4
    endloop
  endfacet
  facet normal -1 -0 0
    outer loop
      vertex 2.3 59.2 23.0144
      vertex 2.3 48.3 4
      vertex 2.3 58.8686 23.2686
    endloop
  endfacet
  facet normal -1 -0 0
    outer loop
      vertex 2.3 59.5859 22.8545
      vertex 2.3 48.3 4
      vertex 2.3 59.2 23.0144
    endloop
  endfacet
  facet normal -1 -0 0
    outer loop
      vertex 2.3 60 22.8
      vertex 2.3 48.3 4
      vertex 2.3 59.5859 22.8545
    endloop
  endfacet
  facet normal -1 0 0
    outer loop
      vertex 2.3 61.5455 24.8141
      vertex 2.3 146.9 25.2
      vertex 2.3 61.6 24.4
    endloop
  endfacet
  facet normal -1 0 0
    outer loop
      vertex 2.3 61.3856 25.2
      vertex 2.3 146.9 25.2
      vertex 2.3 61.5455 24.8141
    endloop
  endfacet
  facet normal -1 0 0
    outer loop
      vertex 2.3 58.4545 23.9859
      vertex 2.3 48.3 25.2
      vertex 2.3 58.4 24.4
    endloop
  endfacet
  facet normal -1 0 0
    outer loop
      vertex 2.3 58.4 24.4
      vertex 2.3 48.3 25.2
      vertex 2.3 58.4545 24.8141
    endloop
  endfacet
  facet normal -1 0 0
    outer loop
      vertex 2.3 58.4545 24.8141
      vertex 2.3 48.3 25.2
      vertex 2.3 58.6144 25.2
    endloop
  endfacet
  facet normal 0 0 0
    outer loop
      vertex 2.3 146.9 4
      vertex 2.3 146.9 25.2
      vertex 2.3 146.9 25.6
    endloop
  endfacet
  facet normal 0 -1 0
    outer loop
      vertex 2.3 48.3 25.2
      vertex 2.3 48.3 4
      vertex 6.7 48.3 25.2
    endloop
  endfacet
  facet normal 0 -1 0
    outer loop
      vertex 6.7 48.3 4
      vertex 6.7 48.3 25.2
      vertex 2.3 48.3 4
    endloop
  endfacet
  facet normal 0 1 -0
    outer loop
      vertex 6.7 146.9 4
      vertex 2.3 146.9 25.6
      vertex 6.7 146.9 25.6
    endloop
  endfacet
  facet normal 0 1 0
    outer loop
      vertex 2.3 146.9 25.6
      vertex 6.7 146.9 4
      vertex 2.3 146.9 4
    endloop
  endfacet
  facet normal 0 0.99145 -0.130485
    outer loop
      vertex 6.7 58.4 24.4
      vertex 2.3 58.4545 24.8141
      vertex 6.7 58.4545 24.8141
    endloop
  endfacet
  facet normal 0 0.99145 -0.130485
    outer loop
      vertex 2.3 58.4545 24.8141
      vertex 6.7 58.4 24.4
      vertex 2.3 58.4 24.4
    endloop
  endfacet
  facet normal 0 -0.608623 0.79346
    outer loop
      vertex 2.3 61.1314 23.2686
      vertex 6.7 60.8 23.0144
      vertex 6.7 61.1314 23.2686
    endloop
  endfacet
  facet normal 0 -0.608623 0.79346
    outer loop
      vertex 6.7 60.8 23.0144
      vertex 2.3 61.1314 23.2686
      vertex 2.3 60.8 23.0144
    endloop
  endfacet
  facet normal -0 0.130485 0.99145
    outer loop
      vertex 2.3 60 22.8
      vertex 6.7 59.5859 22.8545
      vertex 6.7 60 22.8
    endloop
  endfacet
  facet normal 0 0.130485 0.99145
    outer loop
      vertex 6.7 59.5859 22.8545
      vertex 2.3 60 22.8
      vertex 2.3 59.5859 22.8545
    endloop
  endfacet
  facet normal 0 -0.79346 0.608623
    outer loop
      vertex 2.3 61.1314 23.2686
      vertex 6.7 61.3856 23.6
      vertex 2.3 61.3856 23.6
    endloop
  endfacet
  facet normal 0 -0.79346 0.608623
    outer loop
      vertex 6.7 61.3856 23.6
      vertex 2.3 61.1314 23.2686
      vertex 6.7 61.1314 23.2686
    endloop
  endfacet
  facet normal 0 -0.923833 -0.382796
    outer loop
      vertex 2.3 61.3856 25.2
      vertex 2.3 61.5455 24.8141
      vertex 6.7 61.3856 25.2
    endloop
  endfacet
  facet normal -0 -0.923833 -0.382796
    outer loop
      vertex 6.7 61.5455 24.8141
      vertex 6.7 61.3856 25.2
      vertex 2.3 61.5455 24.8141
    endloop
  endfacet
  facet normal 0 0.923833 0.382796
    outer loop
      vertex 6.7 58.6144 23.6
      vertex 2.3 58.4545 23.9859
      vertex 6.7 58.4545 23.9859
    endloop
  endfacet
  facet normal 0 0.923833 0.382796
    outer loop
      vertex 2.3 58.4545 23.9859
      vertex 6.7 58.6144 23.6
      vertex 2.3 58.6144 23.6
    endloop
  endfacet
  facet normal -0 0.382796 0.923833
    outer loop
      vertex 2.3 59.5859 22.8545
      vertex 6.7 59.2 23.0144
      vertex 6.7 59.5859 22.8545
    endloop
  endfacet
  facet normal 0 0.382796 0.923833
    outer loop
      vertex 6.7 59.2 23.0144
      vertex 2.3 59.5859 22.8545
      vertex 2.3 59.2 23.0144
    endloop
  endfacet
  facet normal 0 -0.99145 0.130485
    outer loop
      vertex 2.3 61.5455 23.9859
      vertex 6.7 61.6 24.4
      vertex 2.3 61.6 24.4
    endloop
  endfacet
  facet normal 0 -0.99145 0.130485
    outer loop
      vertex 6.7 61.6 24.4
      vertex 2.3 61.5455 23.9859
      vertex 6.7 61.5455 23.9859
    endloop
  endfacet
  facet normal 0 -0.99145 -0.130485
    outer loop
      vertex 2.3 61.6 24.4
      vertex 6.7 61.5455 24.8141
      vertex 2.3 61.5455 24.8141
    endloop
  endfacet
  facet normal 0 -0.99145 -0.130485
    outer loop
      vertex 6.7 61.5455 24.8141
      vertex 2.3 61.6 24.4
      vertex 6.7 61.6 24.4
    endloop
  endfacet
  facet normal 0 0.99145 0.130485
    outer loop
      vertex 6.7 58.4545 23.9859
      vertex 2.3 58.4 24.4
      vertex 6.7 58.4 24.4
    endloop
  endfacet
  facet normal 0 0.99145 0.130485
    outer loop
      vertex 2.3 58.4 24.4
      vertex 6.7 58.4545 23.9859
      vertex 2.3 58.4545 23.9859
    endloop
  endfacet
  facet normal 0 -0.130485 0.99145
    outer loop
      vertex 2.3 60.4141 22.8545
      vertex 6.7 60 22.8
      vertex 6.7 60.4141 22.8545
    endloop
  endfacet
  facet normal 0 -0.130485 0.99145
    outer loop
      vertex 6.7 60 22.8
      vertex 2.3 60.4141 22.8545
      vertex 2.3 60 22.8
    endloop
  endfacet
  facet normal 0 -0.923833 0.382796
    outer loop
      vertex 2.3 61.3856 23.6
      vertex 6.7 61.5455 23.9859
      vertex 2.3 61.5455 23.9859
    endloop
  endfacet
  facet normal 0 -0.923833 0.382796
    outer loop
      vertex 6.7 61.5455 23.9859
      vertex 2.3 61.3856 23.6
      vertex 6.7 61.3856 23.6
    endloop
  endfacet
  facet normal 0 0.79346 0.608623
    outer loop
      vertex 6.7 58.8686 23.2686
      vertex 2.3 58.6144 23.6
      vertex 6.7 58.6144 23.6
    endloop
  endfacet
  facet normal 0 0.79346 0.608623
    outer loop
      vertex 2.3 58.6144 23.6
      vertex 6.7 58.8686 23.2686
      vertex 2.3 58.8686 23.2686
    endloop
  endfacet
  facet normal 0 -0.382796 0.923833
    outer loop
      vertex 2.3 60.8 23.0144
      vertex 6.7 60.4141 22.8545
      vertex 6.7 60.8 23.0144
    endloop
  endfacet
  facet normal 0 -0.382796 0.923833
    outer loop
      vertex 6.7 60.4141 22.8545
      vertex 2.3 60.8 23.0144
      vertex 2.3 60.4141 22.8545
    endloop
  endfacet
  facet normal 0 0.923833 -0.382796
    outer loop
      vertex 6.7 58.6144 25.2
      vertex 6.7 58.4545 24.8141
      vertex 2.3 58.6144 25.2
    endloop
  endfacet
  facet normal 0 0.923833 -0.382796
    outer loop
      vertex 2.3 58.4545 24.8141
      vertex 2.3 58.6144 25.2
      vertex 6.7 58.4545 24.8141
    endloop
  endfacet
  facet normal -0 0.608623 0.79346
    outer loop
      vertex 2.3 59.2 23.0144
      vertex 6.7 58.8686 23.2686
      vertex 6.7 59.2 23.0144
    endloop
  endfacet
  facet normal 0 0.608623 0.79346
    outer loop
      vertex 6.7 58.8686 23.2686
      vertex 2.3 59.2 23.0144
      vertex 2.3 58.8686 23.2686
    endloop
  endfacet
  facet normal 1 0 0
    outer loop
      vertex 131.05 58.4545 24.8141
      vertex 131.05 48.3 25.2
      vertex 131.05 58.4 24.4
    endloop
  endfacet
  facet normal 1 0 0
    outer loop
      vertex 131.05 58.6144 25.2
      vertex 131.05 48.3 25.2
      vertex 131.05 58.4545 24.8141
    endloop
  endfacet
  facet normal 1 0 0
    outer loop
      vertex 131.05 61.5455 23.9859
      vertex 131.05 146.9 25.2
      vertex 131.05 61.6 24.4
    endloop
  endfacet
  facet normal 1 0 0
    outer loop
      vertex 131.05 146.9 25.2
      vertex 131.05 61.5455 24.8141
      vertex 131.05 61.6 24.4
    endloop
  endfacet
  facet normal 1 0 0
    outer loop
      vertex 131.05 146.9 25.2
      vertex 131.05 61.3856 25.2
      vertex 131.05 61.5455 24.8141
    endloop
  endfacet
  facet normal 1 0 0
    outer loop
      vertex 131.05 146.9 25.2
      vertex 131.05 61.5455 23.9859
      vertex 131.05 146.9 4
    endloop
  endfacet
  facet normal 1 -0 0
    outer loop
      vertex 131.05 61.3856 23.6
      vertex 131.05 146.9 4
      vertex 131.05 61.5455 23.9859
    endloop
  endfacet
  facet normal 1 -0 0
    outer loop
      vertex 131.05 61.1314 23.2686
      vertex 131.05 146.9 4
      vertex 131.05 61.3856 23.6
    endloop
  endfacet
  facet normal 1 0 0
    outer loop
      vertex 131.05 48.3 4
      vertex 131.05 61.1314 23.2686
      vertex 131.05 60.8 23.0144
    endloop
  endfacet
  facet normal 1 0 0
    outer loop
      vertex 131.05 48.3 4
      vertex 131.05 60.8 23.0144
      vertex 131.05 60.4141 22.8545
    endloop
  endfacet
  facet normal 1 0 0
    outer loop
      vertex 131.05 48.3 4
      vertex 131.05 60.4141 22.8545
      vertex 131.05 60 22.8
    endloop
  endfacet
  facet normal 1 0 0
    outer loop
      vertex 131.05 48.3 4
      vertex 131.05 60 22.8
      vertex 131.05 59.5859 22.8545
    endloop
  endfacet
  facet normal 1 0 0
    outer loop
      vertex 131.05 48.3 25.2
      vertex 131.05 58.4545 23.9859
      vertex 131.05 58.4 24.4
    endloop
  endfacet
  facet normal 1 0 0
    outer loop
      vertex 131.05 48.3 25.2
      vertex 131.05 58.6144 23.6
      vertex 131.05 58.4545 23.9859
    endloop
  endfacet
  facet normal 1 0 0
    outer loop
      vertex 131.05 48.3 25.2
      vertex 131.05 58.8686 23.2686
      vertex 131.05 58.6144 23.6
    endloop
  endfacet
  facet normal 1 0 0
    outer loop
      vertex 131.05 48.3 4
      vertex 131.05 58.8686 23.2686
      vertex 131.05 48.3 25.2
    endloop
  endfacet
  facet normal 1 0 0
    outer loop
      vertex 131.05 58.8686 23.2686
      vertex 131.05 48.3 4
      vertex 131.05 59.2 23.0144
    endloop
  endfacet
  facet normal 1 0 0
    outer loop
      vertex 131.05 59.2 23.0144
      vertex 131.05 48.3 4
      vertex 131.05 59.5859 22.8545
    endloop
  endfacet
  facet normal 1 0 0
    outer loop
      vertex 131.05 61.1314 23.2686
      vertex 131.05 48.3 4
      vertex 131.05 146.9 4
    endloop
  endfacet
  facet normal 0 0 0
    outer loop
      vertex 131.05 146.9 4
      vertex 131.05 146.9 25.6
      vertex 131.05 146.9 25.2
    endloop
  endfacet
  facet normal -1 0 0
    outer loop
      vertex 126.65 61.5455 23.9859
      vertex 126.65 146.9 25.2
      vertex 126.65 146.9 4
    endloop
  endfacet
  facet normal -1 0 0
    outer loop
      vertex 126.65 146.9 25.2
      vertex 126.65 61.5455 23.9859
      vertex 126.65 61.6 24.4
    endloop
  endfacet
  facet normal -1 0 0
    outer loop
      vertex 126.65 146.9 4
      vertex 126.65 61.3856 23.6
      vertex 126.65 61.5455 23.9859
    endloop
  endfacet
  facet normal -1 0 0
    outer loop
      vertex 126.65 146.9 4
      vertex 126.65 61.1314 23.2686
      vertex 126.65 61.3856 23.6
    endloop
  endfacet
  facet normal -1 0 0
    outer loop
      vertex 126.65 48.3 4
      vertex 126.65 61.1314 23.2686
      vertex 126.65 146.9 4
    endloop
  endfacet
  facet normal -1 0 0
    outer loop
      vertex 126.65 61.1314 23.2686
      vertex 126.65 48.3 4
      vertex 126.65 60.8 23.0144
    endloop
  endfacet
  facet normal -1 0 0
    outer loop
      vertex 126.65 60.8 23.0144
      vertex 126.65 48.3 4
      vertex 126.65 60.4141 22.8545
    endloop
  endfacet
  facet normal -1 0 0
    outer loop
      vertex 126.65 60.4141 22.8545
      vertex 126.65 48.3 4
      vertex 126.65 60 22.8
    endloop
  endfacet
  facet normal -1 0 0
    outer loop
      vertex 126.65 58.6144 23.6
      vertex 126.65 48.3 25.2
      vertex 126.65 58.4545 23.9859
    endloop
  endfacet
  facet normal -1 0 0
    outer loop
      vertex 126.65 58.8686 23.2686
      vertex 126.65 48.3 25.2
      vertex 126.65 58.6144 23.6
    endloop
  endfacet
  facet normal -1 0 0
    outer loop
      vertex 126.65 48.3 25.2
      vertex 126.65 58.8686 23.2686
      vertex 126.65 48.3 4
    endloop
  endfacet
  facet normal -1 -0 0
    outer loop
      vertex 126.65 59.2 23.0144
      vertex 126.65 48.3 4
      vertex 126.65 58.8686 23.2686
    endloop
  endfacet
  facet normal -1 -0 0
    outer loop
      vertex 126.65 59.5859 22.8545
      vertex 126.65 48.3 4
      vertex 126.65 59.2 23.0144
    endloop
  endfacet
  facet normal -1 -0 0
    outer loop
      vertex 126.65 60 22.8
      vertex 126.65 48.3 4
      vertex 126.65 59.5859 22.8545
    endloop
  endfacet
  facet normal -1 0 0
    outer loop
      vertex 126.65 61.5455 24.8141
      vertex 126.65 146.9 25.2
      vertex 126.65 61.6 24.4
    endloop
  endfacet
  facet normal -1 0 0
    outer loop
      vertex 126.65 61.3856 25.2
      vertex 126.65 146.9 25.2
      vertex 126.65 61.5455 24.8141
    endloop
  endfacet
  facet normal -1 0 0
    outer loop
      vertex 126.65 58.4545 23.9859
      vertex 126.65 48.3 25.2
      vertex 126.65 58.4 24.4
    endloop
  endfacet
  facet normal -1 0 0
    outer loop
      vertex 126.65 58.4 24.4
      vertex 126.65 48.3 25.2
      vertex 126.65 58.4545 24.8141
    endloop
  endfacet
  facet normal -1 0 0
    outer loop
      vertex 126.65 58.4545 24.8141
      vertex 126.65 48.3 25.2
      vertex 126.65 58.6144 25.2
    endloop
  endfacet
  facet normal 0 0 0
    outer loop
      vertex 126.65 146.9 4
      vertex 126.65 146.9 25.2
      vertex 126.65 146.9 25.6
    endloop
  endfacet
  facet normal 0 -1 0
    outer loop
      vertex 126.65 48.3 4
      vertex 131.05 48.3 25.2
      vertex 126.65 48.3 25.2
    endloop
  endfacet
  facet normal 0 -1 -0
    outer loop
      vertex 131.05 48.3 25.2
      vertex 126.65 48.3 4
      vertex 131.05 48.3 4
    endloop
  endfacet
  facet normal 0 1 -0
    outer loop
      vertex 131.05 146.9 4
      vertex 126.65 146.9 25.6
      vertex 131.05 146.9 25.6
    endloop
  endfacet
  facet normal 0 1 0
    outer loop
      vertex 126.65 146.9 25.6
      vertex 131.05 146.9 4
      vertex 126.65 146.9 4
    endloop
  endfacet
  facet normal 0 0.99145 -0.130485
    outer loop
      vertex 131.05 58.4 24.4
      vertex 126.65 58.4545 24.8141
      vertex 131.05 58.4545 24.8141
    endloop
  endfacet
  facet normal 0 0.99145 -0.130485
    outer loop
      vertex 126.65 58.4545 24.8141
      vertex 131.05 58.4 24.4
      vertex 126.65 58.4 24.4
    endloop
  endfacet
  facet normal 0 -0.608623 0.79346
    outer loop
      vertex 126.65 61.1314 23.2686
      vertex 131.05 60.8 23.0144
      vertex 131.05 61.1314 23.2686
    endloop
  endfacet
  facet normal 0 -0.608623 0.79346
    outer loop
      vertex 131.05 60.8 23.0144
      vertex 126.65 61.1314 23.2686
      vertex 126.65 60.8 23.0144
    endloop
  endfacet
  facet normal -0 0.130485 0.99145
    outer loop
      vertex 126.65 60 22.8
      vertex 131.05 59.5859 22.8545
      vertex 131.05 60 22.8
    endloop
  endfacet
  facet normal 0 0.130485 0.99145
    outer loop
      vertex 131.05 59.5859 22.8545
      vertex 126.65 60 22.8
      vertex 126.65 59.5859 22.8545
    endloop
  endfacet
  facet normal 0 -0.79346 0.608623
    outer loop
      vertex 126.65 61.1314 23.2686
      vertex 131.05 61.3856 23.6
      vertex 126.65 61.3856 23.6
    endloop
  endfacet
  facet normal 0 -0.79346 0.608623
    outer loop
      vertex 131.05 61.3856 23.6
      vertex 126.65 61.1314 23.2686
      vertex 131.05 61.1314 23.2686
    endloop
  endfacet
  facet normal 0 -0.923833 -0.382796
    outer loop
      vertex 126.65 61.5455 24.8141
      vertex 131.05 61.3856 25.2
      vertex 126.65 61.3856 25.2
    endloop
  endfacet
  facet normal 0 -0.923833 -0.382796
    outer loop
      vertex 131.05 61.3856 25.2
      vertex 126.65 61.5455 24.8141
      vertex 131.05 61.5455 24.8141
    endloop
  endfacet
  facet normal 0 0.923833 0.382796
    outer loop
      vertex 131.05 58.6144 23.6
      vertex 126.65 58.4545 23.9859
      vertex 131.05 58.4545 23.9859
    endloop
  endfacet
  facet normal 0 0.923833 0.382796
    outer loop
      vertex 126.65 58.4545 23.9859
      vertex 131.05 58.6144 23.6
      vertex 126.65 58.6144 23.6
    endloop
  endfacet
  facet normal -0 0.382796 0.923833
    outer loop
      vertex 126.65 59.5859 22.8545
      vertex 131.05 59.2 23.0144
      vertex 131.05 59.5859 22.8545
    endloop
  endfacet
  facet normal 0 0.382796 0.923833
    outer loop
      vertex 131.05 59.2 23.0144
      vertex 126.65 59.5859 22.8545
      vertex 126.65 59.2 23.0144
    endloop
  endfacet
  facet normal 0 -0.99145 0.130485
    outer loop
      vertex 126.65 61.5455 23.9859
      vertex 131.05 61.6 24.4
      vertex 126.65 61.6 24.4
    endloop
  endfacet
  facet normal 0 -0.99145 0.130485
    outer loop
      vertex 131.05 61.6 24.4
      vertex 126.65 61.5455 23.9859
      vertex 131.05 61.5455 23.9859
    endloop
  endfacet
  facet normal 0 -0.99145 -0.130485
    outer loop
      vertex 126.65 61.6 24.4
      vertex 131.05 61.5455 24.8141
      vertex 126.65 61.5455 24.8141
    endloop
  endfacet
  facet normal 0 -0.99145 -0.130485
    outer loop
      vertex 131.05 61.5455 24.8141
      vertex 126.65 61.6 24.4
      vertex 131.05 61.6 24.4
    endloop
  endfacet
  facet normal 0 0.99145 0.130485
    outer loop
      vertex 131.05 58.4545 23.9859
      vertex 126.65 58.4 24.4
      vertex 131.05 58.4 24.4
    endloop
  endfacet
  facet normal 0 0.99145 0.130485
    outer loop
      vertex 126.65 58.4 24.4
      vertex 131.05 58.4545 23.9859
      vertex 126.65 58.4545 23.9859
    endloop
  endfacet
  facet normal 0 -0.130485 0.99145
    outer loop
      vertex 126.65 60.4141 22.8545
      vertex 131.05 60 22.8
      vertex 131.05 60.4141 22.8545
    endloop
  endfacet
  facet normal 0 -0.130485 0.99145
    outer loop
      vertex 131.05 60 22.8
      vertex 126.65 60.4141 22.8545
      vertex 126.65 60 22.8
    endloop
  endfacet
  facet normal 0 -0.923833 0.382796
    outer loop
      vertex 126.65 61.3856 23.6
      vertex 131.05 61.5455 23.9859
      vertex 126.65 61.5455 23.9859
    endloop
  endfacet
  facet normal 0 -0.923833 0.382796
    outer loop
      vertex 131.05 61.5455 23.9859
      vertex 126.65 61.3856 23.6
      vertex 131.05 61.3856 23.6
    endloop
  endfacet
  facet normal 0 0.79346 0.608623
    outer loop
      vertex 131.05 58.8686 23.2686
      vertex 126.65 58.6144 23.6
      vertex 131.05 58.6144 23.6
    endloop
  endfacet
  facet normal 0 0.79346 0.608623
    outer loop
      vertex 126.65 58.6144 23.6
      vertex 131.05 58.8686 23.2686
      vertex 126.65 58.8686 23.2686
    endloop
  endfacet
  facet normal 0 -0.382796 0.923833
    outer loop
      vertex 126.65 60.8 23.0144
      vertex 131.05 60.4141 22.8545
      vertex 131.05 60.8 23.0144
    endloop
  endfacet
  facet normal 0 -0.382796 0.923833
    outer loop
      vertex 131.05 60.4141 22.8545
      vertex 126.65 60.8 23.0144
      vertex 126.65 60.4141 22.8545
    endloop
  endfacet
  facet normal 0 0.923833 -0.382796
    outer loop
      vertex 131.05 58.4545 24.8141
      vertex 126.65 58.6144 25.2
      vertex 131.05 58.6144 25.2
    endloop
  endfacet
  facet normal 0 0.923833 -0.382796
    outer loop
      vertex 126.65 58.6144 25.2
      vertex 131.05 58.4545 24.8141
      vertex 126.65 58.4545 24.8141
    endloop
  endfacet
  facet normal -0 0.608623 0.79346
    outer loop
      vertex 126.65 59.2 23.0144
      vertex 131.05 58.8686 23.2686
      vertex 131.05 59.2 23.0144
    endloop
  endfacet
  facet normal 0 0.608623 0.79346
    outer loop
      vertex 131.05 58.8686 23.2686
      vertex 126.65 59.2 23.0144
      vertex 126.65 58.8686 23.2686
    endloop
  endfacet
  facet normal 0 -1 0
    outer loop
      vertex 2.3 48.3 25.2
      vertex 8.2 48.3 29.1
      vertex 0.800003 48.3 29.1
    endloop
  endfacet
  facet normal 0 -1 0
    outer loop
      vertex 8.2 48.3 29.1
      vertex 2.3 48.3 25.2
      vertex 6.7 48.3 25.2
    endloop
  endfacet
  facet normal 0 1 0
    outer loop
      vertex 8.2 146.9 29.1
      vertex 6.7 146.9 25.6
      vertex 0.800003 146.9 29.1
    endloop
  endfacet
  facet normal -0 1 0
    outer loop
      vertex 6.7 146.9 25.6
      vertex 8.2 146.9 29.1
      vertex 6.7 146.9 25.2
    endloop
  endfacet
  facet normal 0 1 -0
    outer loop
      vertex 2.3 146.9 25.6
      vertex 0.800003 146.9 29.1
      vertex 6.7 146.9 25.6
    endloop
  endfacet
  facet normal 0 1 0
    outer loop
      vertex 0.800003 146.9 29.1
      vertex 2.3 146.9 25.6
      vertex 2.3 146.9 25.2
    endloop
  endfacet
  facet normal -0 0 1
    outer loop
      vertex 0.800003 146.9 29.1
      vertex 8.2 48.3 29.1
      vertex 8.2 146.9 29.1
    endloop
  endfacet
  facet normal 0 0 1
    outer loop
      vertex 8.2 48.3 29.1
      vertex 0.800003 146.9 29.1
      vertex 0.800003 48.3 29.1
    endloop
  endfacet
  facet normal -0.933346 0 -0.358978
    outer loop
      vertex 2.3 61.3856 25.2
      vertex 0.800003 146.9 29.1
      vertex 2.3 146.9 25.2
    endloop
  endfacet
  facet normal -0.933346 0 -0.358978
    outer loop
      vertex 0.800003 48.3 29.1
      vertex 2.3 61.3856 25.2
      vertex 2.3 58.6144 25.2
    endloop
  endfacet
  facet normal -0.933346 0 -0.358978
    outer loop
      vertex 0.800003 48.3 29.1
      vertex 2.3 58.6144 25.2
      vertex 2.3 48.3 25.2
    endloop
  endfacet
  facet normal -0.933346 0 -0.358978
    outer loop
      vertex 2.3 61.3856 25.2
      vertex 0.800003 48.3 29.1
      vertex 0.800003 146.9 29.1
    endloop
  endfacet
  facet normal 0 0 -1
    outer loop
      vertex 2.3 58.6144 25.2
      vertex 6.7 61.3856 25.2
      vertex 6.7 58.6144 25.2
    endloop
  endfacet
  facet normal -0 0 -1
    outer loop
      vertex 6.7 61.3856 25.2
      vertex 2.3 58.6144 25.2
      vertex 2.3 61.3856 25.2
    endloop
  endfacet
  facet normal 0.933346 0 -0.358979
    outer loop
      vertex 8.2 146.9 29.1
      vertex 6.7 61.3856 25.2
      vertex 6.7 146.9 25.2
    endloop
  endfacet
  facet normal 0.933346 0 -0.358979
    outer loop
      vertex 8.2 48.3 29.1
      vertex 6.7 61.3856 25.2
      vertex 8.2 146.9 29.1
    endloop
  endfacet
  facet normal 0.933346 0 -0.358979
    outer loop
      vertex 6.7 61.3856 25.2
      vertex 8.2 48.3 29.1
      vertex 6.7 58.6144 25.2
    endloop
  endfacet
  facet normal 0.933346 0 -0.358979
    outer loop
      vertex 6.7 58.6144 25.2
      vertex 8.2 48.3 29.1
      vertex 6.7 48.3 25.2
    endloop
  endfacet
  facet normal 0 -1 0
    outer loop
      vertex 126.65 48.3 25.2
      vertex 132.55 48.3 29.1
      vertex 125.15 48.3 29.1
    endloop
  endfacet
  facet normal 0 -1 0
    outer loop
      vertex 132.55 48.3 29.1
      vertex 126.65 48.3 25.2
      vertex 131.05 48.3 25.2
    endloop
  endfacet
  facet normal 0 1 0
    outer loop
      vertex 132.55 146.9 29.1
      vertex 131.05 146.9 25.6
      vertex 125.15 146.9 29.1
    endloop
  endfacet
  facet normal -0 1 0
    outer loop
      vertex 131.05 146.9 25.6
      vertex 132.55 146.9 29.1
      vertex 131.05 146.9 25.2
    endloop
  endfacet
  facet normal 0 1 -0
    outer loop
      vertex 126.65 146.9 25.6
      vertex 125.15 146.9 29.1
      vertex 131.05 146.9 25.6
    endloop
  endfacet
  facet normal 0 1 0
    outer loop
      vertex 125.15 146.9 29.1
      vertex 126.65 146.9 25.6
      vertex 126.65 146.9 25.2
    endloop
  endfacet
  facet normal -0 0 1
    outer loop
      vertex 125.15 146.9 29.1
      vertex 132.55 48.3 29.1
      vertex 132.55 146.9 29.1
    endloop
  endfacet
  facet normal 0 0 1
    outer loop
      vertex 132.55 48.3 29.1
      vertex 125.15 146.9 29.1
      vertex 125.15 48.3 29.1
    endloop
  endfacet
  facet normal -0.933346 0 -0.358979
    outer loop
      vertex 126.65 61.3856 25.2
      vertex 125.15 146.9 29.1
      vertex 126.65 146.9 25.2
    endloop
  endfacet
  facet normal -0.933346 0 -0.358979
    outer loop
      vertex 125.15 48.3 29.1
      vertex 126.65 61.3856 25.2
      vertex 126.65 58.6144 25.2
    endloop
  endfacet
  facet normal -0.933346 0 -0.358979
    outer loop
      vertex 125.15 48.3 29.1
      vertex 126.65 58.6144 25.2
      vertex 126.65 48.3 25.2
    endloop
  endfacet
  facet normal -0.933346 0 -0.358979
    outer loop
      vertex 126.65 61.3856 25.2
      vertex 125.15 48.3 29.1
      vertex 125.15 146.9 29.1
    endloop
  endfacet
  facet normal 0 0 -1
    outer loop
      vertex 126.65 58.6144 25.2
      vertex 131.05 61.3856 25.2
      vertex 131.05 58.6144 25.2
    endloop
  endfacet
  facet normal -0 0 -1
    outer loop
      vertex 131.05 61.3856 25.2
      vertex 126.65 58.6144 25.2
      vertex 126.65 61.3856 25.2
    endloop
  endfacet
  facet normal 0.933346 0 -0.358979
    outer loop
      vertex 132.55 146.9 29.1
      vertex 131.05 61.3856 25.2
      vertex 131.05 146.9 25.2
    endloop
  endfacet
  facet normal 0.933346 0 -0.358979
    outer loop
      vertex 132.55 48.3 29.1
      vertex 131.05 61.3856 25.2
      vertex 132.55 146.9 29.1
    endloop
  endfacet
  facet normal 0.933346 0 -0.358979
    outer loop
      vertex 131.05 61.3856 25.2
      vertex 132.55 48.3 29.1
      vertex 131.05 58.6144 25.2
    endloop
  endfacet
  facet normal 0.933346 0 -0.358979
    outer loop
      vertex 131.05 58.6144 25.2
      vertex 132.55 48.3 29.1
      vertex 131.05 48.3 25.2
    endloop
  endfacet
  facet normal 0 0 -1
    outer loop
      vertex 45.4291 119.664 0
      vertex 52.1376 119.664 0
      vertex 45.555 119.398 0
    endloop
  endfacet
  facet normal 0 0 -1
    outer loop
      vertex 52.4643 128.347 0
      vertex 45.7689 129.956 0
      vertex 45.7833 130.25 0
    endloop
  endfacet
  facet normal 0 0 -1
    outer loop
      vertex 52.1376 119.664 0
      vertex 45.4291 119.664 0
      vertex 52.2889 119.917 0
    endloop
  endfacet
  facet normal 0 0 -1
    outer loop
      vertex 52.4643 128.347 0
      vertex 45.7257 129.665 0
      vertex 45.7689 129.956 0
    endloop
  endfacet
  facet normal 0 0 -1
    outer loop
      vertex 45.2777 119.917 0
      vertex 52.2889 119.917 0
      vertex 45.4291 119.664 0
    endloop
  endfacet
  facet normal 0 0 -1
    outer loop
      vertex 52.4643 128.347 0
      vertex 45.6541 129.379 0
      vertex 45.7257 129.665 0
    endloop
  endfacet
  facet normal 0 0 -1
    outer loop
      vertex 52.2889 119.917 0
      vertex 45.2777 119.917 0
      vertex 52.4643 120.153 0
    endloop
  endfacet
  facet normal 0 0 -1
    outer loop
      vertex 52.4643 128.347 0
      vertex 45.555 129.102 0
      vertex 45.6541 129.379 0
    endloop
  endfacet
  facet normal 0 0 -1
    outer loop
      vertex 45.1024 120.153 0
      vertex 52.4643 120.153 0
      vertex 45.2777 119.917 0
    endloop
  endfacet
  facet normal 0 0 -1
    outer loop
      vertex 52.4643 128.347 0
      vertex 45.4291 128.836 0
      vertex 45.555 129.102 0
    endloop
  endfacet
  facet normal 0 0 -1
    outer loop
      vertex 44.9046 120.371 0
      vertex 52.4643 120.153 0
      vertex 45.1024 120.153 0
    endloop
  endfacet
  facet normal 0 0 -1
    outer loop
      vertex 52.4643 128.347 0
      vertex 45.2777 128.583 0
      vertex 45.4291 128.836 0
    endloop
  endfacet
  facet normal 0 0 -1
    outer loop
      vertex 52.4643 120.153 0
      vertex 44.9046 120.371 0
      vertex 52.4643 128.347 0
    endloop
  endfacet
  facet normal 0 0 -1
    outer loop
      vertex 52.4643 128.347 0
      vertex 45.1024 128.347 0
      vertex 45.2777 128.583 0
    endloop
  endfacet
  facet normal 0 0 -1
    outer loop
      vertex 44.9046 128.129 0
      vertex 52.4643 128.347 0
      vertex 44.9046 120.371 0
    endloop
  endfacet
  facet normal -0 0 -1
    outer loop
      vertex 52.4643 128.347 0
      vertex 44.9046 128.129 0
      vertex 45.1024 128.347 0
    endloop
  endfacet
  facet normal 0 0 -1
    outer loop
      vertex 44.6865 120.569 0
      vertex 44.9046 128.129 0
      vertex 44.9046 120.371 0
    endloop
  endfacet
  facet normal 0 0 -1
    outer loop
      vertex 44.6865 120.569 0
      vertex 44.6865 127.931 0
      vertex 44.9046 128.129 0
    endloop
  endfacet
  facet normal 0 0 -1
    outer loop
      vertex 44.45 120.744 0
      vertex 44.6865 127.931 0
      vertex 44.6865 120.569 0
    endloop
  endfacet
  facet normal 0 0 -1
    outer loop
      vertex 44.45 120.744 0
      vertex 44.45 127.756 0
      vertex 44.6865 127.931 0
    endloop
  endfacet
  facet normal 0 0 -1
    outer loop
      vertex 44.1975 120.896 0
      vertex 44.45 127.756 0
      vertex 44.45 120.744 0
    endloop
  endfacet
  facet normal 0 0 -1
    outer loop
      vertex 44.1975 120.896 0
      vertex 44.1975 127.604 0
      vertex 44.45 127.756 0
    endloop
  endfacet
  facet normal 0 0 -1
    outer loop
      vertex 43.9314 121.022 0
      vertex 44.1975 127.604 0
      vertex 44.1975 120.896 0
    endloop
  endfacet
  facet normal 0 0 -1
    outer loop
      vertex 43.9314 121.022 0
      vertex 43.9314 127.478 0
      vertex 44.1975 127.604 0
    endloop
  endfacet
  facet normal 0 0 -1
    outer loop
      vertex 43.6542 121.121 0
      vertex 43.9314 127.478 0
      vertex 43.9314 121.022 0
    endloop
  endfacet
  facet normal 0 0 -1
    outer loop
      vertex 43.6542 121.121 0
      vertex 43.6542 127.379 0
      vertex 43.9314 127.478 0
    endloop
  endfacet
  facet normal 0 0 -1
    outer loop
      vertex 43.3686 121.192 0
      vertex 43.6542 127.379 0
      vertex 43.6542 121.121 0
    endloop
  endfacet
  facet normal 0 0 -1
    outer loop
      vertex 43.3686 121.192 0
      vertex 43.3686 127.308 0
      vertex 43.6542 127.379 0
    endloop
  endfacet
  facet normal 0 0 -1
    outer loop
      vertex 43.0774 121.236 0
      vertex 43.3686 127.308 0
      vertex 43.3686 121.192 0
    endloop
  endfacet
  facet normal 0 0 -1
    outer loop
      vertex 43.0774 121.236 0
      vertex 43.0774 127.264 0
      vertex 43.3686 127.308 0
    endloop
  endfacet
  facet normal 0 0 -1
    outer loop
      vertex 42.7833 121.25 0
      vertex 43.0774 127.264 0
      vertex 43.0774 121.236 0
    endloop
  endfacet
  facet normal 0 0 -1
    outer loop
      vertex 42.7833 121.25 0
      vertex 42.7833 127.25 0
      vertex 43.0774 127.264 0
    endloop
  endfacet
  facet normal 0 0 -1
    outer loop
      vertex 19 121.25 0
      vertex 42.7833 127.25 0
      vertex 42.7833 121.25 0
    endloop
  endfacet
  facet normal 0 0 -1
    outer loop
      vertex 19 121.25 0
      vertex 19 127.25 0
      vertex 42.7833 127.25 0
    endloop
  endfacet
  facet normal 0 0 -1
    outer loop
      vertex 18.7059 121.236 0
      vertex 19 127.25 0
      vertex 19 121.25 0
    endloop
  endfacet
  facet normal 0 0 -1
    outer loop
      vertex 18.7059 121.236 0
      vertex 18.7059 127.264 0
      vertex 19 127.25 0
    endloop
  endfacet
  facet normal 0 0 -1
    outer loop
      vertex 18.4147 121.192 0
      vertex 18.7059 127.264 0
      vertex 18.7059 121.236 0
    endloop
  endfacet
  facet normal 0 0 -1
    outer loop
      vertex 18.4147 121.192 0
      vertex 18.4147 127.308 0
      vertex 18.7059 127.264 0
    endloop
  endfacet
  facet normal 0 0 -1
    outer loop
      vertex 18.1292 121.121 0
      vertex 18.4147 127.308 0
      vertex 18.4147 121.192 0
    endloop
  endfacet
  facet normal 0 0 -1
    outer loop
      vertex 18.1292 121.121 0
      vertex 18.1292 127.379 0
      vertex 18.4147 127.308 0
    endloop
  endfacet
  facet normal 0 0 -1
    outer loop
      vertex 17.8519 121.022 0
      vertex 18.1292 127.379 0
      vertex 18.1292 121.121 0
    endloop
  endfacet
  facet normal 0 0 -1
    outer loop
      vertex 17.8519 121.022 0
      vertex 17.8519 127.478 0
      vertex 18.1292 127.379 0
    endloop
  endfacet
  facet normal 0 0 -1
    outer loop
      vertex 17.5858 120.896 0
      vertex 17.8519 127.478 0
      vertex 17.8519 121.022 0
    endloop
  endfacet
  facet normal 0 0 -1
    outer loop
      vertex 17.5858 120.896 0
      vertex 17.5858 127.604 0
      vertex 17.8519 127.478 0
    endloop
  endfacet
  facet normal 0 0 -1
    outer loop
      vertex 17.3333 120.744 0
      vertex 17.5858 127.604 0
      vertex 17.5858 120.896 0
    endloop
  endfacet
  facet normal 0 0 -1
    outer loop
      vertex 17.3333 120.744 0
      vertex 17.3333 127.756 0
      vertex 17.5858 127.604 0
    endloop
  endfacet
  facet normal 0 0 -1
    outer loop
      vertex 17.0968 120.569 0
      vertex 17.3333 127.756 0
      vertex 17.3333 120.744 0
    endloop
  endfacet
  facet normal 0 0 -1
    outer loop
      vertex 17.0968 120.569 0
      vertex 17.0968 127.931 0
      vertex 17.3333 127.756 0
    endloop
  endfacet
  facet normal 0 0 -1
    outer loop
      vertex 16.8787 120.371 0
      vertex 17.0968 127.931 0
      vertex 17.0968 120.569 0
    endloop
  endfacet
  facet normal 0 0 -1
    outer loop
      vertex 16.8787 120.371 0
      vertex 16.8787 128.129 0
      vertex 17.0968 127.931 0
    endloop
  endfacet
  facet normal 0 0 -1
    outer loop
      vertex 16.681 120.153 0
      vertex 16.8787 128.129 0
      vertex 16.8787 120.371 0
    endloop
  endfacet
  facet normal 0 0 -1
    outer loop
      vertex 16.681 120.153 0
      vertex 16.681 128.347 0
      vertex 16.8787 128.129 0
    endloop
  endfacet
  facet normal 0 0 -1
    outer loop
      vertex 16.5056 119.917 0
      vertex 16.681 128.347 0
      vertex 16.681 120.153 0
    endloop
  endfacet
  facet normal 0 0 -1
    outer loop
      vertex 16.5056 119.917 0
      vertex 16.5056 128.583 0
      vertex 16.681 128.347 0
    endloop
  endfacet
  facet normal 0 0 -1
    outer loop
      vertex 16.3542 119.664 0
      vertex 16.5056 128.583 0
      vertex 16.5056 119.917 0
    endloop
  endfacet
  facet normal 0 0 -1
    outer loop
      vertex 16.3542 119.664 0
      vertex 16.3542 128.836 0
      vertex 16.5056 128.583 0
    endloop
  endfacet
  facet normal 0 0 -1
    outer loop
      vertex 16.2284 119.398 0
      vertex 16.3542 128.836 0
      vertex 16.3542 119.664 0
    endloop
  endfacet
  facet normal 0 0 -1
    outer loop
      vertex 16.2284 119.398 0
      vertex 16.2284 129.102 0
      vertex 16.3542 128.836 0
    endloop
  endfacet
  facet normal 0 0 -1
    outer loop
      vertex 16.1292 119.121 0
      vertex 16.2284 129.102 0
      vertex 16.2284 119.398 0
    endloop
  endfacet
  facet normal 0 0 -1
    outer loop
      vertex 16.1292 119.121 0
      vertex 16.1292 129.379 0
      vertex 16.2284 129.102 0
    endloop
  endfacet
  facet normal 0 0 -1
    outer loop
      vertex 16.0576 118.835 0
      vertex 16.1292 129.379 0
      vertex 16.1292 119.121 0
    endloop
  endfacet
  facet normal 0 0 -1
    outer loop
      vertex 16.0576 118.835 0
      vertex 16.0576 129.665 0
      vertex 16.1292 129.379 0
    endloop
  endfacet
  facet normal 0 0 -1
    outer loop
      vertex 0 145.657 0
      vertex 16.0576 118.835 0
      vertex 16.0145 118.544 0
    endloop
  endfacet
  facet normal 0 0 -1
    outer loop
      vertex 16.0576 118.835 0
      vertex 0 145.657 0
      vertex 16.0576 129.665 0
    endloop
  endfacet
  facet normal 0 0 -1
    outer loop
      vertex 0 145.657 0
      vertex 16.0145 118.544 0
      vertex 16 118.25 0
    endloop
  endfacet
  facet normal 0 0 -1
    outer loop
      vertex 16.0576 129.665 0
      vertex 0 145.657 0
      vertex 16.0145 129.956 0
    endloop
  endfacet
  facet normal 0 0 -1
    outer loop
      vertex 45.4291 97.4142 0
      vertex 52.1376 97.4142 0
      vertex 45.555 97.1481 0
    endloop
  endfacet
  facet normal 0 0 -1
    outer loop
      vertex 52.4643 106.097 0
      vertex 45.7689 107.706 0
      vertex 45.7833 108 0
    endloop
  endfacet
  facet normal 0 0 -1
    outer loop
      vertex 52.1376 97.4142 0
      vertex 45.4291 97.4142 0
      vertex 52.2889 97.6667 0
    endloop
  endfacet
  facet normal 0 0 -1
    outer loop
      vertex 52.4643 106.097 0
      vertex 45.7257 107.415 0
      vertex 45.7689 107.706 0
    endloop
  endfacet
  facet normal 0 0 -1
    outer loop
      vertex 45.2777 97.6667 0
      vertex 52.2889 97.6667 0
      vertex 45.4291 97.4142 0
    endloop
  endfacet
  facet normal 0 0 -1
    outer loop
      vertex 52.4643 106.097 0
      vertex 45.6541 107.129 0
      vertex 45.7257 107.415 0
    endloop
  endfacet
  facet normal 0 0 -1
    outer loop
      vertex 52.2889 97.6667 0
      vertex 45.2777 97.6667 0
      vertex 52.4643 97.9032 0
    endloop
  endfacet
  facet normal 0 0 -1
    outer loop
      vertex 52.4643 106.097 0
      vertex 45.555 106.852 0
      vertex 45.6541 107.129 0
    endloop
  endfacet
  facet normal 0 0 -1
    outer loop
      vertex 45.1024 97.9032 0
      vertex 52.4643 97.9032 0
      vertex 45.2777 97.6667 0
    endloop
  endfacet
  facet normal 0 0 -1
    outer loop
      vertex 52.4643 106.097 0
      vertex 45.4291 106.586 0
      vertex 45.555 106.852 0
    endloop
  endfacet
  facet normal 0 0 -1
    outer loop
      vertex 44.9046 98.1213 0
      vertex 52.4643 97.9032 0
      vertex 45.1024 97.9032 0
    endloop
  endfacet
  facet normal 0 0 -1
    outer loop
      vertex 52.4643 106.097 0
      vertex 45.2777 106.333 0
      vertex 45.4291 106.586 0
    endloop
  endfacet
  facet normal 0 0 -1
    outer loop
      vertex 52.4643 97.9032 0
      vertex 44.9046 98.1213 0
      vertex 52.4643 106.097 0
    endloop
  endfacet
  facet normal 0 0 -1
    outer loop
      vertex 52.4643 106.097 0
      vertex 45.1024 106.097 0
      vertex 45.2777 106.333 0
    endloop
  endfacet
  facet normal 0 0 -1
    outer loop
      vertex 44.9046 105.879 0
      vertex 52.4643 106.097 0
      vertex 44.9046 98.1213 0
    endloop
  endfacet
  facet normal -0 0 -1
    outer loop
      vertex 52.4643 106.097 0
      vertex 44.9046 105.879 0
      vertex 45.1024 106.097 0
    endloop
  endfacet
  facet normal 0 0 -1
    outer loop
      vertex 44.6865 98.319 0
      vertex 44.9046 105.879 0
      vertex 44.9046 98.1213 0
    endloop
  endfacet
  facet normal 0 0 -1
    outer loop
      vertex 44.6865 98.319 0
      vertex 44.6865 105.681 0
      vertex 44.9046 105.879 0
    endloop
  endfacet
  facet normal 0 0 -1
    outer loop
      vertex 44.45 98.4944 0
      vertex 44.6865 105.681 0
      vertex 44.6865 98.319 0
    endloop
  endfacet
  facet normal 0 0 -1
    outer loop
      vertex 44.45 98.4944 0
      vertex 44.45 105.506 0
      vertex 44.6865 105.681 0
    endloop
  endfacet
  facet normal 0 0 -1
    outer loop
      vertex 44.1975 98.6458 0
      vertex 44.45 105.506 0
      vertex 44.45 98.4944 0
    endloop
  endfacet
  facet normal 0 0 -1
    outer loop
      vertex 44.1975 98.6458 0
      vertex 44.1975 105.354 0
      vertex 44.45 105.506 0
    endloop
  endfacet
  facet normal 0 0 -1
    outer loop
      vertex 43.9314 98.7716 0
      vertex 44.1975 105.354 0
      vertex 44.1975 98.6458 0
    endloop
  endfacet
  facet normal 0 0 -1
    outer loop
      vertex 43.9314 98.7716 0
      vertex 43.9314 105.228 0
      vertex 44.1975 105.354 0
    endloop
  endfacet
  facet normal 0 0 -1
    outer loop
      vertex 43.6542 98.8708 0
      vertex 43.9314 105.228 0
      vertex 43.9314 98.7716 0
    endloop
  endfacet
  facet normal 0 0 -1
    outer loop
      vertex 43.6542 98.8708 0
      vertex 43.6542 105.129 0
      vertex 43.9314 105.228 0
    endloop
  endfacet
  facet normal 0 0 -1
    outer loop
      vertex 43.3686 98.9424 0
      vertex 43.6542 105.129 0
      vertex 43.6542 98.8708 0
    endloop
  endfacet
  facet normal 0 0 -1
    outer loop
      vertex 43.3686 98.9424 0
      vertex 43.3686 105.058 0
      vertex 43.6542 105.129 0
    endloop
  endfacet
  facet normal 0 0 -1
    outer loop
      vertex 43.0774 98.9855 0
      vertex 43.3686 105.058 0
      vertex 43.3686 98.9424 0
    endloop
  endfacet
  facet normal 0 0 -1
    outer loop
      vertex 43.0774 98.9855 0
      vertex 43.0774 105.014 0
      vertex 43.3686 105.058 0
    endloop
  endfacet
  facet normal 0 0 -1
    outer loop
      vertex 42.7833 99 0
      vertex 43.0774 105.014 0
      vertex 43.0774 98.9855 0
    endloop
  endfacet
  facet normal 0 0 -1
    outer loop
      vertex 42.7833 99 0
      vertex 42.7833 105 0
      vertex 43.0774 105.014 0
    endloop
  endfacet
  facet normal 0 0 -1
    outer loop
      vertex 19 99 0
      vertex 42.7833 105 0
      vertex 42.7833 99 0
    endloop
  endfacet
  facet normal 0 0 -1
    outer loop
      vertex 19 99 0
      vertex 19 105 0
      vertex 42.7833 105 0
    endloop
  endfacet
  facet normal 0 0 -1
    outer loop
      vertex 18.7059 98.9855 0
      vertex 19 105 0
      vertex 19 99 0
    endloop
  endfacet
  facet normal 0 0 -1
    outer loop
      vertex 18.7059 98.9855 0
      vertex 18.7059 105.014 0
      vertex 19 105 0
    endloop
  endfacet
  facet normal 0 0 -1
    outer loop
      vertex 18.4147 98.9424 0
      vertex 18.7059 105.014 0
      vertex 18.7059 98.9855 0
    endloop
  endfacet
  facet normal 0 0 -1
    outer loop
      vertex 18.4147 98.9424 0
      vertex 18.4147 105.058 0
      vertex 18.7059 105.014 0
    endloop
  endfacet
  facet normal 0 0 -1
    outer loop
      vertex 18.1292 98.8708 0
      vertex 18.4147 105.058 0
      vertex 18.4147 98.9424 0
    endloop
  endfacet
  facet normal 0 0 -1
    outer loop
      vertex 18.1292 98.8708 0
      vertex 18.1292 105.129 0
      vertex 18.4147 105.058 0
    endloop
  endfacet
  facet normal 0 0 -1
    outer loop
      vertex 17.8519 98.7716 0
      vertex 18.1292 105.129 0
      vertex 18.1292 98.8708 0
    endloop
  endfacet
  facet normal 0 0 -1
    outer loop
      vertex 17.8519 98.7716 0
      vertex 17.8519 105.228 0
      vertex 18.1292 105.129 0
    endloop
  endfacet
  facet normal 0 0 -1
    outer loop
      vertex 17.5858 98.6458 0
      vertex 17.8519 105.228 0
      vertex 17.8519 98.7716 0
    endloop
  endfacet
  facet normal 0 0 -1
    outer loop
      vertex 17.5858 98.6458 0
      vertex 17.5858 105.354 0
      vertex 17.8519 105.228 0
    endloop
  endfacet
  facet normal 0 0 -1
    outer loop
      vertex 17.3333 98.4944 0
      vertex 17.5858 105.354 0
      vertex 17.5858 98.6458 0
    endloop
  endfacet
  facet normal 0 0 -1
    outer loop
      vertex 17.3333 98.4944 0
      vertex 17.3333 105.506 0
      vertex 17.5858 105.354 0
    endloop
  endfacet
  facet normal 0 0 -1
    outer loop
      vertex 17.0968 98.319 0
      vertex 17.3333 105.506 0
      vertex 17.3333 98.4944 0
    endloop
  endfacet
  facet normal 0 0 -1
    outer loop
      vertex 17.0968 98.319 0
      vertex 17.0968 105.681 0
      vertex 17.3333 105.506 0
    endloop
  endfacet
  facet normal 0 0 -1
    outer loop
      vertex 16.8787 98.1213 0
      vertex 17.0968 105.681 0
      vertex 17.0968 98.319 0
    endloop
  endfacet
  facet normal 0 0 -1
    outer loop
      vertex 16.8787 98.1213 0
      vertex 16.8787 105.879 0
      vertex 17.0968 105.681 0
    endloop
  endfacet
  facet normal 0 0 -1
    outer loop
      vertex 16.681 97.9032 0
      vertex 16.8787 105.879 0
      vertex 16.8787 98.1213 0
    endloop
  endfacet
  facet normal 0 0 -1
    outer loop
      vertex 16.681 97.9032 0
      vertex 16.681 106.097 0
      vertex 16.8787 105.879 0
    endloop
  endfacet
  facet normal 0 0 -1
    outer loop
      vertex 16.5056 97.6667 0
      vertex 16.681 106.097 0
      vertex 16.681 97.9032 0
    endloop
  endfacet
  facet normal 0 0 -1
    outer loop
      vertex 16.5056 97.6667 0
      vertex 16.5056 106.333 0
      vertex 16.681 106.097 0
    endloop
  endfacet
  facet normal 0 0 -1
    outer loop
      vertex 16.3542 97.4142 0
      vertex 16.5056 106.333 0
      vertex 16.5056 97.6667 0
    endloop
  endfacet
  facet normal 0 0 -1
    outer loop
      vertex 16.3542 97.4142 0
      vertex 16.3542 106.586 0
      vertex 16.5056 106.333 0
    endloop
  endfacet
  facet normal 0 0 -1
    outer loop
      vertex 16.2284 97.1481 0
      vertex 16.3542 106.586 0
      vertex 16.3542 97.4142 0
    endloop
  endfacet
  facet normal 0 0 -1
    outer loop
      vertex 16.2284 97.1481 0
      vertex 16.2284 106.852 0
      vertex 16.3542 106.586 0
    endloop
  endfacet
  facet normal 0 0 -1
    outer loop
      vertex 16.1292 96.8708 0
      vertex 16.2284 106.852 0
      vertex 16.2284 97.1481 0
    endloop
  endfacet
  facet normal 0 0 -1
    outer loop
      vertex 16.1292 96.8708 0
      vertex 16.1292 107.129 0
      vertex 16.2284 106.852 0
    endloop
  endfacet
  facet normal 0 0 -1
    outer loop
      vertex 16.0576 96.5853 0
      vertex 16.1292 107.129 0
      vertex 16.1292 96.8708 0
    endloop
  endfacet
  facet normal 0 0 -1
    outer loop
      vertex 16.0576 96.5853 0
      vertex 16.0576 107.415 0
      vertex 16.1292 107.129 0
    endloop
  endfacet
  facet normal 0 0 -1
    outer loop
      vertex 16.0145 96.2941 0
      vertex 16.0576 107.415 0
      vertex 16.0576 96.5853 0
    endloop
  endfacet
  facet normal 0 0 -1
    outer loop
      vertex 16.0145 96.2941 0
      vertex 16.0145 107.706 0
      vertex 16.0576 107.415 0
    endloop
  endfacet
  facet normal 0 0 -1
    outer loop
      vertex 0 145.657 0
      vertex 16.0145 96.2941 0
      vertex 16 96 0
    endloop
  endfacet
  facet normal 0 0 -1
    outer loop
      vertex 16.0145 96.2941 0
      vertex 0 145.657 0
      vertex 16.0145 107.706 0
    endloop
  endfacet
  facet normal 0 0 -1
    outer loop
      vertex 45.4291 75.1642 0
      vertex 52.1376 75.1642 0
      vertex 45.555 74.8981 0
    endloop
  endfacet
  facet normal 0 0 -1
    outer loop
      vertex 52.4643 83.8468 0
      vertex 45.7689 85.4559 0
      vertex 45.7833 85.75 0
    endloop
  endfacet
  facet normal 0 0 -1
    outer loop
      vertex 52.1376 75.1642 0
      vertex 45.4291 75.1642 0
      vertex 52.2889 75.4167 0
    endloop
  endfacet
  facet normal 0 0 -1
    outer loop
      vertex 52.4643 83.8468 0
      vertex 45.7257 85.1647 0
      vertex 45.7689 85.4559 0
    endloop
  endfacet
  facet normal 0 0 -1
    outer loop
      vertex 45.2777 75.4167 0
      vertex 52.2889 75.4167 0
      vertex 45.4291 75.1642 0
    endloop
  endfacet
  facet normal 0 0 -1
    outer loop
      vertex 52.4643 83.8468 0
      vertex 45.6541 84.8792 0
      vertex 45.7257 85.1647 0
    endloop
  endfacet
  facet normal 0 0 -1
    outer loop
      vertex 52.2889 75.4167 0
      vertex 45.2777 75.4167 0
      vertex 52.4643 75.6532 0
    endloop
  endfacet
  facet normal 0 0 -1
    outer loop
      vertex 52.4643 83.8468 0
      vertex 45.555 84.6019 0
      vertex 45.6541 84.8792 0
    endloop
  endfacet
  facet normal 0 0 -1
    outer loop
      vertex 45.1024 75.6532 0
      vertex 52.4643 75.6532 0
      vertex 45.2777 75.4167 0
    endloop
  endfacet
  facet normal 0 0 -1
    outer loop
      vertex 52.4643 83.8468 0
      vertex 45.4291 84.3358 0
      vertex 45.555 84.6019 0
    endloop
  endfacet
  facet normal 0 0 -1
    outer loop
      vertex 44.9046 75.8713 0
      vertex 52.4643 75.6532 0
      vertex 45.1024 75.6532 0
    endloop
  endfacet
  facet normal 0 0 -1
    outer loop
      vertex 52.4643 83.8468 0
      vertex 45.2777 84.0833 0
      vertex 45.4291 84.3358 0
    endloop
  endfacet
  facet normal 0 0 -1
    outer loop
      vertex 52.4643 75.6532 0
      vertex 44.9046 75.8713 0
      vertex 52.4643 83.8468 0
    endloop
  endfacet
  facet normal 0 0 -1
    outer loop
      vertex 52.4643 83.8468 0
      vertex 45.1024 83.8468 0
      vertex 45.2777 84.0833 0
    endloop
  endfacet
  facet normal 0 0 -1
    outer loop
      vertex 44.9046 83.6287 0
      vertex 52.4643 83.8468 0
      vertex 44.9046 75.8713 0
    endloop
  endfacet
  facet normal -0 0 -1
    outer loop
      vertex 52.4643 83.8468 0
      vertex 44.9046 83.6287 0
      vertex 45.1024 83.8468 0
    endloop
  endfacet
  facet normal 0 0 -1
    outer loop
      vertex 44.6865 76.069 0
      vertex 44.9046 83.6287 0
      vertex 44.9046 75.8713 0
    endloop
  endfacet
  facet normal 0 0 -1
    outer loop
      vertex 44.6865 76.069 0
      vertex 44.6865 83.431 0
      vertex 44.9046 83.6287 0
    endloop
  endfacet
  facet normal 0 0 -1
    outer loop
      vertex 44.45 76.2444 0
      vertex 44.6865 83.431 0
      vertex 44.6865 76.069 0
    endloop
  endfacet
  facet normal 0 0 -1
    outer loop
      vertex 44.45 76.2444 0
      vertex 44.45 83.2556 0
      vertex 44.6865 83.431 0
    endloop
  endfacet
  facet normal 0 0 -1
    outer loop
      vertex 44.1975 76.3958 0
      vertex 44.45 83.2556 0
      vertex 44.45 76.2444 0
    endloop
  endfacet
  facet normal 0 0 -1
    outer loop
      vertex 44.1975 76.3958 0
      vertex 44.1975 83.1042 0
      vertex 44.45 83.2556 0
    endloop
  endfacet
  facet normal 0 0 -1
    outer loop
      vertex 43.9314 76.5216 0
      vertex 44.1975 83.1042 0
      vertex 44.1975 76.3958 0
    endloop
  endfacet
  facet normal 0 0 -1
    outer loop
      vertex 43.9314 76.5216 0
      vertex 43.9314 82.9784 0
      vertex 44.1975 83.1042 0
    endloop
  endfacet
  facet normal 0 0 -1
    outer loop
      vertex 43.6542 76.6208 0
      vertex 43.9314 82.9784 0
      vertex 43.9314 76.5216 0
    endloop
  endfacet
  facet normal 0 0 -1
    outer loop
      vertex 43.6542 76.6208 0
      vertex 43.6542 82.8792 0
      vertex 43.9314 82.9784 0
    endloop
  endfacet
  facet normal 0 0 -1
    outer loop
      vertex 43.3686 76.6924 0
      vertex 43.6542 82.8792 0
      vertex 43.6542 76.6208 0
    endloop
  endfacet
  facet normal 0 0 -1
    outer loop
      vertex 43.3686 76.6924 0
      vertex 43.3686 82.8076 0
      vertex 43.6542 82.8792 0
    endloop
  endfacet
  facet normal 0 0 -1
    outer loop
      vertex 43.0774 76.7355 0
      vertex 43.3686 82.8076 0
      vertex 43.3686 76.6924 0
    endloop
  endfacet
  facet normal 0 0 -1
    outer loop
      vertex 43.0774 76.7355 0
      vertex 43.0774 82.7645 0
      vertex 43.3686 82.8076 0
    endloop
  endfacet
  facet normal 0 0 -1
    outer loop
      vertex 42.7833 76.75 0
      vertex 43.0774 82.7645 0
      vertex 43.0774 76.7355 0
    endloop
  endfacet
  facet normal 0 0 -1
    outer loop
      vertex 42.7833 76.75 0
      vertex 42.7833 82.75 0
      vertex 43.0774 82.7645 0
    endloop
  endfacet
  facet normal 0 0 -1
    outer loop
      vertex 19 76.75 0
      vertex 42.7833 82.75 0
      vertex 42.7833 76.75 0
    endloop
  endfacet
  facet normal 0 0 -1
    outer loop
      vertex 19 76.75 0
      vertex 19 82.75 0
      vertex 42.7833 82.75 0
    endloop
  endfacet
  facet normal 0 0 -1
    outer loop
      vertex 18.7059 76.7355 0
      vertex 19 82.75 0
      vertex 19 76.75 0
    endloop
  endfacet
  facet normal 0 0 -1
    outer loop
      vertex 18.7059 76.7355 0
      vertex 18.7059 82.7645 0
      vertex 19 82.75 0
    endloop
  endfacet
  facet normal 0 0 -1
    outer loop
      vertex 18.4147 76.6924 0
      vertex 18.7059 82.7645 0
      vertex 18.7059 76.7355 0
    endloop
  endfacet
  facet normal 0 0 -1
    outer loop
      vertex 18.4147 76.6924 0
      vertex 18.4147 82.8076 0
      vertex 18.7059 82.7645 0
    endloop
  endfacet
  facet normal 0 0 -1
    outer loop
      vertex 18.1292 76.6208 0
      vertex 18.4147 82.8076 0
      vertex 18.4147 76.6924 0
    endloop
  endfacet
  facet normal 0 0 -1
    outer loop
      vertex 18.1292 76.6208 0
      vertex 18.1292 82.8792 0
      vertex 18.4147 82.8076 0
    endloop
  endfacet
  facet normal 0 0 -1
    outer loop
      vertex 17.8519 76.5216 0
      vertex 18.1292 82.8792 0
      vertex 18.1292 76.6208 0
    endloop
  endfacet
  facet normal 0 0 -1
    outer loop
      vertex 17.8519 76.5216 0
      vertex 17.8519 82.9784 0
      vertex 18.1292 82.8792 0
    endloop
  endfacet
  facet normal 0 0 -1
    outer loop
      vertex 17.5858 76.3958 0
      vertex 17.8519 82.9784 0
      vertex 17.8519 76.5216 0
    endloop
  endfacet
  facet normal 0 0 -1
    outer loop
      vertex 17.5858 76.3958 0
      vertex 17.5858 83.1042 0
      vertex 17.8519 82.9784 0
    endloop
  endfacet
  facet normal 0 0 -1
    outer loop
      vertex 17.3333 76.2444 0
      vertex 17.5858 83.1042 0
      vertex 17.5858 76.3958 0
    endloop
  endfacet
  facet normal 0 0 -1
    outer loop
      vertex 17.3333 76.2444 0
      vertex 17.3333 83.2556 0
      vertex 17.5858 83.1042 0
    endloop
  endfacet
  facet normal 0 0 -1
    outer loop
      vertex 17.0968 76.069 0
      vertex 17.3333 83.2556 0
      vertex 17.3333 76.2444 0
    endloop
  endfacet
  facet normal 0 0 -1
    outer loop
      vertex 17.0968 76.069 0
      vertex 17.0968 83.431 0
      vertex 17.3333 83.2556 0
    endloop
  endfacet
  facet normal 0 0 -1
    outer loop
      vertex 16.8787 75.8713 0
      vertex 17.0968 83.431 0
      vertex 17.0968 76.069 0
    endloop
  endfacet
  facet normal 0 0 -1
    outer loop
      vertex 16.8787 75.8713 0
      vertex 16.8787 83.6287 0
      vertex 17.0968 83.431 0
    endloop
  endfacet
  facet normal 0 0 -1
    outer loop
      vertex 16.681 75.6532 0
      vertex 16.8787 83.6287 0
      vertex 16.8787 75.8713 0
    endloop
  endfacet
  facet normal 0 0 -1
    outer loop
      vertex 16.681 75.6532 0
      vertex 16.681 83.8468 0
      vertex 16.8787 83.6287 0
    endloop
  endfacet
  facet normal 0 0 -1
    outer loop
      vertex 16.5056 75.4167 0
      vertex 16.681 83.8468 0
      vertex 16.681 75.6532 0
    endloop
  endfacet
  facet normal 0 0 -1
    outer loop
      vertex 16.5056 75.4167 0
      vertex 16.5056 84.0833 0
      vertex 16.681 83.8468 0
    endloop
  endfacet
  facet normal 0 0 -1
    outer loop
      vertex 16.3542 75.1642 0
      vertex 16.5056 84.0833 0
      vertex 16.5056 75.4167 0
    endloop
  endfacet
  facet normal 0 0 -1
    outer loop
      vertex 16.3542 75.1642 0
      vertex 16.3542 84.3358 0
      vertex 16.5056 84.0833 0
    endloop
  endfacet
  facet normal 0 0 -1
    outer loop
      vertex 16.2284 74.8981 0
      vertex 16.3542 84.3358 0
      vertex 16.3542 75.1642 0
    endloop
  endfacet
  facet normal 0 0 -1
    outer loop
      vertex 16.2284 74.8981 0
      vertex 16.2284 84.6019 0
      vertex 16.3542 84.3358 0
    endloop
  endfacet
  facet normal 0 0 -1
    outer loop
      vertex 16.1292 74.6208 0
      vertex 16.2284 84.6019 0
      vertex 16.2284 74.8981 0
    endloop
  endfacet
  facet normal 0 0 -1
    outer loop
      vertex 16.1292 74.6208 0
      vertex 16.1292 84.8792 0
      vertex 16.2284 84.6019 0
    endloop
  endfacet
  facet normal 0 0 -1
    outer loop
      vertex 16.0576 74.3353 0
      vertex 16.1292 84.8792 0
      vertex 16.1292 74.6208 0
    endloop
  endfacet
  facet normal 0 0 -1
    outer loop
      vertex 16.0576 74.3353 0
      vertex 16.0576 85.1647 0
      vertex 16.1292 84.8792 0
    endloop
  endfacet
  facet normal 0 0 -1
    outer loop
      vertex 16.0145 74.0441 0
      vertex 16.0576 85.1647 0
      vertex 16.0576 74.3353 0
    endloop
  endfacet
  facet normal 0 0 -1
    outer loop
      vertex 16.0145 74.0441 0
      vertex 16.0145 85.4559 0
      vertex 16.0576 85.1647 0
    endloop
  endfacet
  facet normal 0 0 -1
    outer loop
      vertex 16 73.75 0
      vertex 16.0145 85.4559 0
      vertex 16.0145 74.0441 0
    endloop
  endfacet
  facet normal -0 0 -1
    outer loop
      vertex 16.0145 85.4559 0
      vertex 16 73.75 0
      vertex 16 85.75 0
    endloop
  endfacet
  facet normal 0 0 -1
    outer loop
      vertex 45.4291 52.9142 0
      vertex 52.1376 52.9142 0
      vertex 45.555 52.6481 0
    endloop
  endfacet
  facet normal 0 0 -1
    outer loop
      vertex 52.4643 61.5968 0
      vertex 45.7689 63.2059 0
      vertex 45.7833 63.5 0
    endloop
  endfacet
  facet normal 0 0 -1
    outer loop
      vertex 52.1376 52.9142 0
      vertex 45.4291 52.9142 0
      vertex 52.2889 53.1667 0
    endloop
  endfacet
  facet normal 0 0 -1
    outer loop
      vertex 52.4643 61.5968 0
      vertex 45.7257 62.9147 0
      vertex 45.7689 63.2059 0
    endloop
  endfacet
  facet normal 0 0 -1
    outer loop
      vertex 45.2777 53.1667 0
      vertex 52.2889 53.1667 0
      vertex 45.4291 52.9142 0
    endloop
  endfacet
  facet normal 0 0 -1
    outer loop
      vertex 52.4643 61.5968 0
      vertex 45.6541 62.6292 0
      vertex 45.7257 62.9147 0
    endloop
  endfacet
  facet normal 0 0 -1
    outer loop
      vertex 52.2889 53.1667 0
      vertex 45.2777 53.1667 0
      vertex 52.4643 53.4032 0
    endloop
  endfacet
  facet normal 0 0 -1
    outer loop
      vertex 52.4643 61.5968 0
      vertex 45.555 62.3519 0
      vertex 45.6541 62.6292 0
    endloop
  endfacet
  facet normal 0 0 -1
    outer loop
      vertex 45.1024 53.4032 0
      vertex 52.4643 53.4032 0
      vertex 45.2777 53.1667 0
    endloop
  endfacet
  facet normal 0 0 -1
    outer loop
      vertex 52.4643 61.5968 0
      vertex 45.4291 62.0858 0
      vertex 45.555 62.3519 0
    endloop
  endfacet
  facet normal 0 0 -1
    outer loop
      vertex 44.9046 53.6213 0
      vertex 52.4643 53.4032 0
      vertex 45.1024 53.4032 0
    endloop
  endfacet
  facet normal 0 0 -1
    outer loop
      vertex 52.4643 61.5968 0
      vertex 45.2777 61.8333 0
      vertex 45.4291 62.0858 0
    endloop
  endfacet
  facet normal 0 0 -1
    outer loop
      vertex 52.4643 53.4032 0
      vertex 44.9046 53.6213 0
      vertex 52.4643 61.5968 0
    endloop
  endfacet
  facet normal 0 0 -1
    outer loop
      vertex 52.4643 61.5968 0
      vertex 45.1024 61.5968 0
      vertex 45.2777 61.8333 0
    endloop
  endfacet
  facet normal 0 0 -1
    outer loop
      vertex 44.9046 61.3787 0
      vertex 52.4643 61.5968 0
      vertex 44.9046 53.6213 0
    endloop
  endfacet
  facet normal -0 0 -1
    outer loop
      vertex 52.4643 61.5968 0
      vertex 44.9046 61.3787 0
      vertex 45.1024 61.5968 0
    endloop
  endfacet
  facet normal 0 0 -1
    outer loop
      vertex 44.6865 53.819 0
      vertex 44.9046 61.3787 0
      vertex 44.9046 53.6213 0
    endloop
  endfacet
  facet normal 0 0 -1
    outer loop
      vertex 44.6865 53.819 0
      vertex 44.6865 61.181 0
      vertex 44.9046 61.3787 0
    endloop
  endfacet
  facet normal 0 0 -1
    outer loop
      vertex 44.45 53.9944 0
      vertex 44.6865 61.181 0
      vertex 44.6865 53.819 0
    endloop
  endfacet
  facet normal 0 0 -1
    outer loop
      vertex 44.45 53.9944 0
      vertex 44.45 61.0056 0
      vertex 44.6865 61.181 0
    endloop
  endfacet
  facet normal 0 0 -1
    outer loop
      vertex 44.1975 54.1458 0
      vertex 44.45 61.0056 0
      vertex 44.45 53.9944 0
    endloop
  endfacet
  facet normal 0 0 -1
    outer loop
      vertex 44.1975 54.1458 0
      vertex 44.1975 60.8542 0
      vertex 44.45 61.0056 0
    endloop
  endfacet
  facet normal 0 0 -1
    outer loop
      vertex 43.9314 54.2716 0
      vertex 44.1975 60.8542 0
      vertex 44.1975 54.1458 0
    endloop
  endfacet
  facet normal 0 0 -1
    outer loop
      vertex 43.9314 54.2716 0
      vertex 43.9314 60.7284 0
      vertex 44.1975 60.8542 0
    endloop
  endfacet
  facet normal 0 0 -1
    outer loop
      vertex 43.6542 54.3708 0
      vertex 43.9314 60.7284 0
      vertex 43.9314 54.2716 0
    endloop
  endfacet
  facet normal 0 0 -1
    outer loop
      vertex 43.6542 54.3708 0
      vertex 43.6542 60.6292 0
      vertex 43.9314 60.7284 0
    endloop
  endfacet
  facet normal 0 0 -1
    outer loop
      vertex 43.3686 54.4424 0
      vertex 43.6542 60.6292 0
      vertex 43.6542 54.3708 0
    endloop
  endfacet
  facet normal 0 0 -1
    outer loop
      vertex 43.3686 54.4424 0
      vertex 43.3686 60.5576 0
      vertex 43.6542 60.6292 0
    endloop
  endfacet
  facet normal 0 0 -1
    outer loop
      vertex 43.0774 54.4855 0
      vertex 43.3686 60.5576 0
      vertex 43.3686 54.4424 0
    endloop
  endfacet
  facet normal 0 0 -1
    outer loop
      vertex 43.0774 54.4855 0
      vertex 43.0774 60.5145 0
      vertex 43.3686 60.5576 0
    endloop
  endfacet
  facet normal 0 0 -1
    outer loop
      vertex 42.7833 54.5 0
      vertex 43.0774 60.5145 0
      vertex 43.0774 54.4855 0
    endloop
  endfacet
  facet normal 0 0 -1
    outer loop
      vertex 42.7833 54.5 0
      vertex 42.7833 60.5 0
      vertex 43.0774 60.5145 0
    endloop
  endfacet
  facet normal 0 0 -1
    outer loop
      vertex 19 54.5 0
      vertex 42.7833 60.5 0
      vertex 42.7833 54.5 0
    endloop
  endfacet
  facet normal 0 0 -1
    outer loop
      vertex 19 54.5 0
      vertex 19 60.5 0
      vertex 42.7833 60.5 0
    endloop
  endfacet
  facet normal 0 0 -1
    outer loop
      vertex 18.7059 54.4855 0
      vertex 19 60.5 0
      vertex 19 54.5 0
    endloop
  endfacet
  facet normal 0 0 -1
    outer loop
      vertex 18.7059 54.4855 0
      vertex 18.7059 60.5145 0
      vertex 19 60.5 0
    endloop
  endfacet
  facet normal 0 0 -1
    outer loop
      vertex 18.4147 54.4424 0
      vertex 18.7059 60.5145 0
      vertex 18.7059 54.4855 0
    endloop
  endfacet
  facet normal 0 0 -1
    outer loop
      vertex 18.4147 54.4424 0
      vertex 18.4147 60.5576 0
      vertex 18.7059 60.5145 0
    endloop
  endfacet
  facet normal 0 0 -1
    outer loop
      vertex 18.1292 54.3708 0
      vertex 18.4147 60.5576 0
      vertex 18.4147 54.4424 0
    endloop
  endfacet
  facet normal 0 0 -1
    outer loop
      vertex 18.1292 54.3708 0
      vertex 18.1292 60.6292 0
      vertex 18.4147 60.5576 0
    endloop
  endfacet
  facet normal 0 0 -1
    outer loop
      vertex 17.8519 54.2716 0
      vertex 18.1292 60.6292 0
      vertex 18.1292 54.3708 0
    endloop
  endfacet
  facet normal 0 0 -1
    outer loop
      vertex 17.8519 54.2716 0
      vertex 17.8519 60.7284 0
      vertex 18.1292 60.6292 0
    endloop
  endfacet
  facet normal 0 0 -1
    outer loop
      vertex 17.5858 54.1458 0
      vertex 17.8519 60.7284 0
      vertex 17.8519 54.2716 0
    endloop
  endfacet
  facet normal 0 0 -1
    outer loop
      vertex 17.5858 54.1458 0
      vertex 17.5858 60.8542 0
      vertex 17.8519 60.7284 0
    endloop
  endfacet
  facet normal 0 0 -1
    outer loop
      vertex 17.3333 53.9944 0
      vertex 17.5858 60.8542 0
      vertex 17.5858 54.1458 0
    endloop
  endfacet
  facet normal 0 0 -1
    outer loop
      vertex 17.3333 53.9944 0
      vertex 17.3333 61.0056 0
      vertex 17.5858 60.8542 0
    endloop
  endfacet
  facet normal 0 0 -1
    outer loop
      vertex 17.0968 53.819 0
      vertex 17.3333 61.0056 0
      vertex 17.3333 53.9944 0
    endloop
  endfacet
  facet normal 0 0 -1
    outer loop
      vertex 17.0968 53.819 0
      vertex 17.0968 61.181 0
      vertex 17.3333 61.0056 0
    endloop
  endfacet
  facet normal 0 0 -1
    outer loop
      vertex 16.8787 53.6213 0
      vertex 17.0968 61.181 0
      vertex 17.0968 53.819 0
    endloop
  endfacet
  facet normal 0 0 -1
    outer loop
      vertex 16.8787 53.6213 0
      vertex 16.8787 61.3787 0
      vertex 17.0968 61.181 0
    endloop
  endfacet
  facet normal 0 0 -1
    outer loop
      vertex 16.681 53.4032 0
      vertex 16.8787 61.3787 0
      vertex 16.8787 53.6213 0
    endloop
  endfacet
  facet normal 0 0 -1
    outer loop
      vertex 16.681 53.4032 0
      vertex 16.681 61.5968 0
      vertex 16.8787 61.3787 0
    endloop
  endfacet
  facet normal 0 0 -1
    outer loop
      vertex 16.5056 53.1667 0
      vertex 16.681 61.5968 0
      vertex 16.681 53.4032 0
    endloop
  endfacet
  facet normal 0 0 -1
    outer loop
      vertex 16.5056 53.1667 0
      vertex 16.5056 61.8333 0
      vertex 16.681 61.5968 0
    endloop
  endfacet
  facet normal 0 0 -1
    outer loop
      vertex 16.3542 52.9142 0
      vertex 16.5056 61.8333 0
      vertex 16.5056 53.1667 0
    endloop
  endfacet
  facet normal 0 0 -1
    outer loop
      vertex 16.3542 52.9142 0
      vertex 16.3542 62.0858 0
      vertex 16.5056 61.8333 0
    endloop
  endfacet
  facet normal 0 0 -1
    outer loop
      vertex 16.2284 52.6481 0
      vertex 16.3542 62.0858 0
      vertex 16.3542 52.9142 0
    endloop
  endfacet
  facet normal 0 0 -1
    outer loop
      vertex 16.2284 52.6481 0
      vertex 16.2284 62.3519 0
      vertex 16.3542 62.0858 0
    endloop
  endfacet
  facet normal 0 0 -1
    outer loop
      vertex 16.1292 52.3708 0
      vertex 16.2284 62.3519 0
      vertex 16.2284 52.6481 0
    endloop
  endfacet
  facet normal 0 0 -1
    outer loop
      vertex 16.1292 52.3708 0
      vertex 16.1292 62.6292 0
      vertex 16.2284 62.3519 0
    endloop
  endfacet
  facet normal 0 0 -1
    outer loop
      vertex 16.0576 52.0853 0
      vertex 16.1292 62.6292 0
      vertex 16.1292 52.3708 0
    endloop
  endfacet
  facet normal 0 0 -1
    outer loop
      vertex 16.0576 52.0853 0
      vertex 16.0576 62.9147 0
      vertex 16.1292 62.6292 0
    endloop
  endfacet
  facet normal 0 0 -1
    outer loop
      vertex 16.0145 51.7941 0
      vertex 16.0576 62.9147 0
      vertex 16.0576 52.0853 0
    endloop
  endfacet
  facet normal 0 0 -1
    outer loop
      vertex 16.0145 51.7941 0
      vertex 16.0145 63.2059 0
      vertex 16.0576 62.9147 0
    endloop
  endfacet
  facet normal 0 0 -1
    outer loop
      vertex 16 51.5 0
      vertex 16.0145 63.2059 0
      vertex 16.0145 51.7941 0
    endloop
  endfacet
  facet normal -0 0 -1
    outer loop
      vertex 16.0145 63.2059 0
      vertex 16 51.5 0
      vertex 16 63.5 0
    endloop
  endfacet
  facet normal 0 0 -1
    outer loop
      vertex 45.4291 30.6642 0
      vertex 52.1376 30.6642 0
      vertex 45.555 30.3981 0
    endloop
  endfacet
  facet normal 0 0 -1
    outer loop
      vertex 52.4643 39.3468 0
      vertex 45.7689 40.9559 0
      vertex 45.7833 41.25 0
    endloop
  endfacet
  facet normal 0 0 -1
    outer loop
      vertex 52.1376 30.6642 0
      vertex 45.4291 30.6642 0
      vertex 52.2889 30.9167 0
    endloop
  endfacet
  facet normal 0 0 -1
    outer loop
      vertex 52.4643 39.3468 0
      vertex 45.7257 40.6647 0
      vertex 45.7689 40.9559 0
    endloop
  endfacet
  facet normal 0 0 -1
    outer loop
      vertex 45.2777 30.9167 0
      vertex 52.2889 30.9167 0
      vertex 45.4291 30.6642 0
    endloop
  endfacet
  facet normal 0 0 -1
    outer loop
      vertex 52.4643 39.3468 0
      vertex 45.6541 40.3792 0
      vertex 45.7257 40.6647 0
    endloop
  endfacet
  facet normal 0 0 -1
    outer loop
      vertex 52.2889 30.9167 0
      vertex 45.2777 30.9167 0
      vertex 52.4643 31.1532 0
    endloop
  endfacet
  facet normal 0 0 -1
    outer loop
      vertex 52.4643 39.3468 0
      vertex 45.555 40.1019 0
      vertex 45.6541 40.3792 0
    endloop
  endfacet
  facet normal 0 0 -1
    outer loop
      vertex 45.1024 31.1532 0
      vertex 52.4643 31.1532 0
      vertex 45.2777 30.9167 0
    endloop
  endfacet
  facet normal 0 0 -1
    outer loop
      vertex 52.4643 39.3468 0
      vertex 45.4291 39.8358 0
      vertex 45.555 40.1019 0
    endloop
  endfacet
  facet normal 0 0 -1
    outer loop
      vertex 44.9046 31.3713 0
      vertex 52.4643 31.1532 0
      vertex 45.1024 31.1532 0
    endloop
  endfacet
  facet normal 0 0 -1
    outer loop
      vertex 52.4643 39.3468 0
      vertex 45.2777 39.5833 0
      vertex 45.4291 39.8358 0
    endloop
  endfacet
  facet normal 0 0 -1
    outer loop
      vertex 52.4643 31.1532 0
      vertex 44.9046 31.3713 0
      vertex 52.4643 39.3468 0
    endloop
  endfacet
  facet normal 0 0 -1
    outer loop
      vertex 52.4643 39.3468 0
      vertex 45.1024 39.3468 0
      vertex 45.2777 39.5833 0
    endloop
  endfacet
  facet normal 0 0 -1
    outer loop
      vertex 44.9046 39.1287 0
      vertex 52.4643 39.3468 0
      vertex 44.9046 31.3713 0
    endloop
  endfacet
  facet normal -0 0 -1
    outer loop
      vertex 52.4643 39.3468 0
      vertex 44.9046 39.1287 0
      vertex 45.1024 39.3468 0
    endloop
  endfacet
  facet normal 0 0 -1
    outer loop
      vertex 44.6865 31.569 0
      vertex 44.9046 39.1287 0
      vertex 44.9046 31.3713 0
    endloop
  endfacet
  facet normal 0 0 -1
    outer loop
      vertex 44.6865 31.569 0
      vertex 44.6865 38.931 0
      vertex 44.9046 39.1287 0
    endloop
  endfacet
  facet normal 0 0 -1
    outer loop
      vertex 44.45 31.7444 0
      vertex 44.6865 38.931 0
      vertex 44.6865 31.569 0
    endloop
  endfacet
  facet normal 0 0 -1
    outer loop
      vertex 44.45 31.7444 0
      vertex 44.45 38.7556 0
      vertex 44.6865 38.931 0
    endloop
  endfacet
  facet normal 0 0 -1
    outer loop
      vertex 44.1975 31.8958 0
      vertex 44.45 38.7556 0
      vertex 44.45 31.7444 0
    endloop
  endfacet
  facet normal 0 0 -1
    outer loop
      vertex 44.1975 31.8958 0
      vertex 44.1975 38.6042 0
      vertex 44.45 38.7556 0
    endloop
  endfacet
  facet normal 0 0 -1
    outer loop
      vertex 43.9314 32.0216 0
      vertex 44.1975 38.6042 0
      vertex 44.1975 31.8958 0
    endloop
  endfacet
  facet normal 0 0 -1
    outer loop
      vertex 43.9314 32.0216 0
      vertex 43.9314 38.4784 0
      vertex 44.1975 38.6042 0
    endloop
  endfacet
  facet normal 0 0 -1
    outer loop
      vertex 43.6542 32.1208 0
      vertex 43.9314 38.4784 0
      vertex 43.9314 32.0216 0
    endloop
  endfacet
  facet normal 0 0 -1
    outer loop
      vertex 43.6542 32.1208 0
      vertex 43.6542 38.3792 0
      vertex 43.9314 38.4784 0
    endloop
  endfacet
  facet normal 0 0 -1
    outer loop
      vertex 43.3686 32.1924 0
      vertex 43.6542 38.3792 0
      vertex 43.6542 32.1208 0
    endloop
  endfacet
  facet normal 0 0 -1
    outer loop
      vertex 43.3686 32.1924 0
      vertex 43.3686 38.3076 0
      vertex 43.6542 38.3792 0
    endloop
  endfacet
  facet normal 0 0 -1
    outer loop
      vertex 43.0774 32.2355 0
      vertex 43.3686 38.3076 0
      vertex 43.3686 32.1924 0
    endloop
  endfacet
  facet normal 0 0 -1
    outer loop
      vertex 43.0774 32.2355 0
      vertex 43.0774 38.2645 0
      vertex 43.3686 38.3076 0
    endloop
  endfacet
  facet normal 0 0 -1
    outer loop
      vertex 42.7833 32.25 0
      vertex 43.0774 38.2645 0
      vertex 43.0774 32.2355 0
    endloop
  endfacet
  facet normal 0 0 -1
    outer loop
      vertex 42.7833 32.25 0
      vertex 42.7833 38.25 0
      vertex 43.0774 38.2645 0
    endloop
  endfacet
  facet normal 0 0 -1
    outer loop
      vertex 19 32.25 0
      vertex 42.7833 38.25 0
      vertex 42.7833 32.25 0
    endloop
  endfacet
  facet normal 0 0 -1
    outer loop
      vertex 19 32.25 0
      vertex 19 38.25 0
      vertex 42.7833 38.25 0
    endloop
  endfacet
  facet normal 0 0 -1
    outer loop
      vertex 18.7059 32.2355 0
      vertex 19 38.25 0
      vertex 19 32.25 0
    endloop
  endfacet
  facet normal 0 0 -1
    outer loop
      vertex 18.7059 32.2355 0
      vertex 18.7059 38.2645 0
      vertex 19 38.25 0
    endloop
  endfacet
  facet normal 0 0 -1
    outer loop
      vertex 18.4147 32.1924 0
      vertex 18.7059 38.2645 0
      vertex 18.7059 32.2355 0
    endloop
  endfacet
  facet normal 0 0 -1
    outer loop
      vertex 18.4147 32.1924 0
      vertex 18.4147 38.3076 0
      vertex 18.7059 38.2645 0
    endloop
  endfacet
  facet normal 0 0 -1
    outer loop
      vertex 18.1292 32.1208 0
      vertex 18.4147 38.3076 0
      vertex 18.4147 32.1924 0
    endloop
  endfacet
  facet normal 0 0 -1
    outer loop
      vertex 18.1292 32.1208 0
      vertex 18.1292 38.3792 0
      vertex 18.4147 38.3076 0
    endloop
  endfacet
  facet normal 0 0 -1
    outer loop
      vertex 17.8519 32.0216 0
      vertex 18.1292 38.3792 0
      vertex 18.1292 32.1208 0
    endloop
  endfacet
  facet normal 0 0 -1
    outer loop
      vertex 17.8519 32.0216 0
      vertex 17.8519 38.4784 0
      vertex 18.1292 38.3792 0
    endloop
  endfacet
  facet normal 0 0 -1
    outer loop
      vertex 17.5858 31.8958 0
      vertex 17.8519 38.4784 0
      vertex 17.8519 32.0216 0
    endloop
  endfacet
  facet normal 0 0 -1
    outer loop
      vertex 17.5858 31.8958 0
      vertex 17.5858 38.6042 0
      vertex 17.8519 38.4784 0
    endloop
  endfacet
  facet normal 0 0 -1
    outer loop
      vertex 17.3333 31.7444 0
      vertex 17.5858 38.6042 0
      vertex 17.5858 31.8958 0
    endloop
  endfacet
  facet normal 0 0 -1
    outer loop
      vertex 17.3333 31.7444 0
      vertex 17.3333 38.7556 0
      vertex 17.5858 38.6042 0
    endloop
  endfacet
  facet normal 0 0 -1
    outer loop
      vertex 17.0968 31.569 0
      vertex 17.3333 38.7556 0
      vertex 17.3333 31.7444 0
    endloop
  endfacet
  facet normal 0 0 -1
    outer loop
      vertex 17.0968 31.569 0
      vertex 17.0968 38.931 0
      vertex 17.3333 38.7556 0
    endloop
  endfacet
  facet normal 0 0 -1
    outer loop
      vertex 16.8787 31.3713 0
      vertex 17.0968 38.931 0
      vertex 17.0968 31.569 0
    endloop
  endfacet
  facet normal 0 0 -1
    outer loop
      vertex 16.8787 31.3713 0
      vertex 16.8787 39.1287 0
      vertex 17.0968 38.931 0
    endloop
  endfacet
  facet normal 0 0 -1
    outer loop
      vertex 16.681 31.1532 0
      vertex 16.8787 39.1287 0
      vertex 16.8787 31.3713 0
    endloop
  endfacet
  facet normal 0 0 -1
    outer loop
      vertex 16.681 31.1532 0
      vertex 16.681 39.3468 0
      vertex 16.8787 39.1287 0
    endloop
  endfacet
  facet normal 0 0 -1
    outer loop
      vertex 16.5056 30.9167 0
      vertex 16.681 39.3468 0
      vertex 16.681 31.1532 0
    endloop
  endfacet
  facet normal 0 0 -1
    outer loop
      vertex 16.5056 30.9167 0
      vertex 16.5056 39.5833 0
      vertex 16.681 39.3468 0
    endloop
  endfacet
  facet normal 0 0 -1
    outer loop
      vertex 16.3542 30.6642 0
      vertex 16.5056 39.5833 0
      vertex 16.5056 30.9167 0
    endloop
  endfacet
  facet normal 0 0 -1
    outer loop
      vertex 16.3542 30.6642 0
      vertex 16.3542 39.8358 0
      vertex 16.5056 39.5833 0
    endloop
  endfacet
  facet normal 0 0 -1
    outer loop
      vertex 16.2284 30.3981 0
      vertex 16.3542 39.8358 0
      vertex 16.3542 30.6642 0
    endloop
  endfacet
  facet normal 0 0 -1
    outer loop
      vertex 16.2284 30.3981 0
      vertex 16.2284 40.1019 0
      vertex 16.3542 39.8358 0
    endloop
  endfacet
  facet normal 0 0 -1
    outer loop
      vertex 16.1292 30.1208 0
      vertex 16.2284 40.1019 0
      vertex 16.2284 30.3981 0
    endloop
  endfacet
  facet normal 0 0 -1
    outer loop
      vertex 16.1292 30.1208 0
      vertex 16.1292 40.3792 0
      vertex 16.2284 40.1019 0
    endloop
  endfacet
  facet normal 0 0 -1
    outer loop
      vertex 16.0576 29.8353 0
      vertex 16.1292 40.3792 0
      vertex 16.1292 30.1208 0
    endloop
  endfacet
  facet normal 0 0 -1
    outer loop
      vertex 16.0576 29.8353 0
      vertex 16.0576 40.6647 0
      vertex 16.1292 40.3792 0
    endloop
  endfacet
  facet normal 0 0 -1
    outer loop
      vertex 16.0145 29.5441 0
      vertex 16.0576 40.6647 0
      vertex 16.0576 29.8353 0
    endloop
  endfacet
  facet normal 0 0 -1
    outer loop
      vertex 16.0145 29.5441 0
      vertex 16.0145 40.9559 0
      vertex 16.0576 40.6647 0
    endloop
  endfacet
  facet normal 0 0 -1
    outer loop
      vertex 0 3 0
      vertex 16.0145 29.5441 0
      vertex 16 29.25 0
    endloop
  endfacet
  facet normal -0 0 -1
    outer loop
      vertex 16.0145 29.5441 0
      vertex 0 3 0
      vertex 16.0145 40.9559 0
    endloop
  endfacet
  facet normal 0 0 -1
    outer loop
      vertex 81.2124 119.664 0
      vertex 87.9209 119.664 0
      vertex 81.3383 119.398 0
    endloop
  endfacet
  facet normal 0 0 -1
    outer loop
      vertex 88.2476 128.347 0
      vertex 81.5522 129.956 0
      vertex 81.5667 130.25 0
    endloop
  endfacet
  facet normal 0 0 -1
    outer loop
      vertex 87.9209 119.664 0
      vertex 81.2124 119.664 0
      vertex 88.0723 119.917 0
    endloop
  endfacet
  facet normal 0 0 -1
    outer loop
      vertex 88.2476 128.347 0
      vertex 81.509 129.665 0
      vertex 81.5522 129.956 0
    endloop
  endfacet
  facet normal 0 0 -1
    outer loop
      vertex 81.0611 119.917 0
      vertex 88.0723 119.917 0
      vertex 81.2124 119.664 0
    endloop
  endfacet
  facet normal 0 0 -1
    outer loop
      vertex 88.2476 128.347 0
      vertex 81.4375 129.379 0
      vertex 81.509 129.665 0
    endloop
  endfacet
  facet normal 0 0 -1
    outer loop
      vertex 88.0723 119.917 0
      vertex 81.0611 119.917 0
      vertex 88.2476 120.153 0
    endloop
  endfacet
  facet normal 0 0 -1
    outer loop
      vertex 88.2476 128.347 0
      vertex 81.3383 129.102 0
      vertex 81.4375 129.379 0
    endloop
  endfacet
  facet normal 0 0 -1
    outer loop
      vertex 80.8857 120.153 0
      vertex 88.2476 120.153 0
      vertex 81.0611 119.917 0
    endloop
  endfacet
  facet normal 0 0 -1
    outer loop
      vertex 88.2476 128.347 0
      vertex 81.2124 128.836 0
      vertex 81.3383 129.102 0
    endloop
  endfacet
  facet normal 0 0 -1
    outer loop
      vertex 80.688 120.371 0
      vertex 88.2476 120.153 0
      vertex 80.8857 120.153 0
    endloop
  endfacet
  facet normal 0 0 -1
    outer loop
      vertex 88.2476 128.347 0
      vertex 81.0611 128.583 0
      vertex 81.2124 128.836 0
    endloop
  endfacet
  facet normal 0 0 -1
    outer loop
      vertex 88.2476 120.153 0
      vertex 80.688 120.371 0
      vertex 88.2476 128.347 0
    endloop
  endfacet
  facet normal 0 0 -1
    outer loop
      vertex 88.2476 128.347 0
      vertex 80.8857 128.347 0
      vertex 81.0611 128.583 0
    endloop
  endfacet
  facet normal 0 0 -1
    outer loop
      vertex 80.688 128.129 0
      vertex 88.2476 128.347 0
      vertex 80.688 120.371 0
    endloop
  endfacet
  facet normal -0 0 -1
    outer loop
      vertex 88.2476 128.347 0
      vertex 80.688 128.129 0
      vertex 80.8857 128.347 0
    endloop
  endfacet
  facet normal 0 0 -1
    outer loop
      vertex 80.4698 120.569 0
      vertex 80.688 128.129 0
      vertex 80.688 120.371 0
    endloop
  endfacet
  facet normal 0 0 -1
    outer loop
      vertex 80.4698 120.569 0
      vertex 80.4698 127.931 0
      vertex 80.688 128.129 0
    endloop
  endfacet
  facet normal 0 0 -1
    outer loop
      vertex 80.2334 120.744 0
      vertex 80.4698 127.931 0
      vertex 80.4698 120.569 0
    endloop
  endfacet
  facet normal 0 0 -1
    outer loop
      vertex 80.2334 120.744 0
      vertex 80.2334 127.756 0
      vertex 80.4698 127.931 0
    endloop
  endfacet
  facet normal 0 0 -1
    outer loop
      vertex 79.9808 120.896 0
      vertex 80.2334 127.756 0
      vertex 80.2334 120.744 0
    endloop
  endfacet
  facet normal 0 0 -1
    outer loop
      vertex 79.9808 120.896 0
      vertex 79.9808 127.604 0
      vertex 80.2334 127.756 0
    endloop
  endfacet
  facet normal 0 0 -1
    outer loop
      vertex 79.7147 121.022 0
      vertex 79.9808 127.604 0
      vertex 79.9808 120.896 0
    endloop
  endfacet
  facet normal 0 0 -1
    outer loop
      vertex 79.7147 121.022 0
      vertex 79.7147 127.478 0
      vertex 79.9808 127.604 0
    endloop
  endfacet
  facet normal 0 0 -1
    outer loop
      vertex 79.4375 121.121 0
      vertex 79.7147 127.478 0
      vertex 79.7147 121.022 0
    endloop
  endfacet
  facet normal 0 0 -1
    outer loop
      vertex 79.4375 121.121 0
      vertex 79.4375 127.379 0
      vertex 79.7147 127.478 0
    endloop
  endfacet
  facet normal 0 0 -1
    outer loop
      vertex 79.1519 121.192 0
      vertex 79.4375 127.379 0
      vertex 79.4375 121.121 0
    endloop
  endfacet
  facet normal 0 0 -1
    outer loop
      vertex 79.1519 121.192 0
      vertex 79.1519 127.308 0
      vertex 79.4375 127.379 0
    endloop
  endfacet
  facet normal 0 0 -1
    outer loop
      vertex 78.8607 121.236 0
      vertex 79.1519 127.308 0
      vertex 79.1519 121.192 0
    endloop
  endfacet
  facet normal 0 0 -1
    outer loop
      vertex 78.8607 121.236 0
      vertex 78.8607 127.264 0
      vertex 79.1519 127.308 0
    endloop
  endfacet
  facet normal 0 0 -1
    outer loop
      vertex 78.5667 121.25 0
      vertex 78.8607 127.264 0
      vertex 78.8607 121.236 0
    endloop
  endfacet
  facet normal 0 0 -1
    outer loop
      vertex 78.5667 121.25 0
      vertex 78.5667 127.25 0
      vertex 78.8607 127.264 0
    endloop
  endfacet
  facet normal 0 0 -1
    outer loop
      vertex 54.7833 121.25 0
      vertex 78.5667 127.25 0
      vertex 78.5667 121.25 0
    endloop
  endfacet
  facet normal 0 0 -1
    outer loop
      vertex 54.7833 121.25 0
      vertex 54.7833 127.25 0
      vertex 78.5667 127.25 0
    endloop
  endfacet
  facet normal 0 0 -1
    outer loop
      vertex 54.4893 121.236 0
      vertex 54.7833 127.25 0
      vertex 54.7833 121.25 0
    endloop
  endfacet
  facet normal 0 0 -1
    outer loop
      vertex 54.4893 121.236 0
      vertex 54.4893 127.264 0
      vertex 54.7833 127.25 0
    endloop
  endfacet
  facet normal 0 0 -1
    outer loop
      vertex 54.1981 121.192 0
      vertex 54.4893 127.264 0
      vertex 54.4893 121.236 0
    endloop
  endfacet
  facet normal 0 0 -1
    outer loop
      vertex 54.1981 121.192 0
      vertex 54.1981 127.308 0
      vertex 54.4893 127.264 0
    endloop
  endfacet
  facet normal 0 0 -1
    outer loop
      vertex 53.9125 121.121 0
      vertex 54.1981 127.308 0
      vertex 54.1981 121.192 0
    endloop
  endfacet
  facet normal 0 0 -1
    outer loop
      vertex 53.9125 121.121 0
      vertex 53.9125 127.379 0
      vertex 54.1981 127.308 0
    endloop
  endfacet
  facet normal 0 0 -1
    outer loop
      vertex 53.6353 121.022 0
      vertex 53.9125 127.379 0
      vertex 53.9125 121.121 0
    endloop
  endfacet
  facet normal 0 0 -1
    outer loop
      vertex 53.6353 121.022 0
      vertex 53.6353 127.478 0
      vertex 53.9125 127.379 0
    endloop
  endfacet
  facet normal 0 0 -1
    outer loop
      vertex 53.3691 120.896 0
      vertex 53.6353 127.478 0
      vertex 53.6353 121.022 0
    endloop
  endfacet
  facet normal 0 0 -1
    outer loop
      vertex 53.3691 120.896 0
      vertex 53.3691 127.604 0
      vertex 53.6353 127.478 0
    endloop
  endfacet
  facet normal 0 0 -1
    outer loop
      vertex 53.1166 120.744 0
      vertex 53.3691 127.604 0
      vertex 53.3691 120.896 0
    endloop
  endfacet
  facet normal 0 0 -1
    outer loop
      vertex 53.1166 120.744 0
      vertex 53.1166 127.756 0
      vertex 53.3691 127.604 0
    endloop
  endfacet
  facet normal 0 0 -1
    outer loop
      vertex 52.8801 120.569 0
      vertex 53.1166 127.756 0
      vertex 53.1166 120.744 0
    endloop
  endfacet
  facet normal 0 0 -1
    outer loop
      vertex 52.8801 120.569 0
      vertex 52.8801 127.931 0
      vertex 53.1166 127.756 0
    endloop
  endfacet
  facet normal 0 0 -1
    outer loop
      vertex 52.662 120.371 0
      vertex 52.8801 127.931 0
      vertex 52.8801 120.569 0
    endloop
  endfacet
  facet normal 0 0 -1
    outer loop
      vertex 52.662 120.371 0
      vertex 52.662 128.129 0
      vertex 52.8801 127.931 0
    endloop
  endfacet
  facet normal 0 0 -1
    outer loop
      vertex 52.4643 120.153 0
      vertex 52.662 128.129 0
      vertex 52.662 120.371 0
    endloop
  endfacet
  facet normal 0 0 -1
    outer loop
      vertex 52.4643 120.153 0
      vertex 52.4643 128.347 0
      vertex 52.662 128.129 0
    endloop
  endfacet
  facet normal 0 0 -1
    outer loop
      vertex 51.9125 119.121 0
      vertex 45.6541 119.121 0
      vertex 52.0117 119.398 0
    endloop
  endfacet
  facet normal 0 0 -1
    outer loop
      vertex 45.555 119.398 0
      vertex 52.0117 119.398 0
      vertex 45.6541 119.121 0
    endloop
  endfacet
  facet normal 0 0 -1
    outer loop
      vertex 45.6541 119.121 0
      vertex 51.9125 119.121 0
      vertex 45.7257 118.835 0
    endloop
  endfacet
  facet normal 0 0 -1
    outer loop
      vertex 52.0117 119.398 0
      vertex 45.555 119.398 0
      vertex 52.1376 119.664 0
    endloop
  endfacet
  facet normal 0 0 -1
    outer loop
      vertex 51.841 118.835 0
      vertex 45.7257 118.835 0
      vertex 51.9125 119.121 0
    endloop
  endfacet
  facet normal 0 0 -1
    outer loop
      vertex 52.4643 128.347 0
      vertex 45.7833 130.25 0
      vertex 52.2889 128.583 0
    endloop
  endfacet
  facet normal 0 0 -1
    outer loop
      vertex 45.7257 118.835 0
      vertex 51.841 118.835 0
      vertex 45.7689 118.544 0
    endloop
  endfacet
  facet normal 0 0 -1
    outer loop
      vertex 52.2889 128.583 0
      vertex 45.7833 130.25 0
      vertex 52.1376 128.836 0
    endloop
  endfacet
  facet normal 0 0 -1
    outer loop
      vertex 51.7978 118.544 0
      vertex 45.7689 118.544 0
      vertex 51.841 118.835 0
    endloop
  endfacet
  facet normal 0 0 -1
    outer loop
      vertex 52.1376 128.836 0
      vertex 45.7833 130.25 0
      vertex 52.0117 129.102 0
    endloop
  endfacet
  facet normal 0 0 -1
    outer loop
      vertex 45.7689 118.544 0
      vertex 51.7978 118.544 0
      vertex 45.7833 118.25 0
    endloop
  endfacet
  facet normal 0 0 -1
    outer loop
      vertex 52.0117 129.102 0
      vertex 45.7833 130.25 0
      vertex 51.9125 129.379 0
    endloop
  endfacet
  facet normal 0 0 -1
    outer loop
      vertex 45.7833 118.25 0
      vertex 51.7978 118.544 0
      vertex 51.7833 118.25 0
    endloop
  endfacet
  facet normal 0 0 -1
    outer loop
      vertex 51.9125 129.379 0
      vertex 45.7833 130.25 0
      vertex 51.841 129.665 0
    endloop
  endfacet
  facet normal 0 0 -1
    outer loop
      vertex 81.2124 97.4142 0
      vertex 87.9209 97.4142 0
      vertex 81.3383 97.1481 0
    endloop
  endfacet
  facet normal 0 0 -1
    outer loop
      vertex 88.2476 106.097 0
      vertex 81.5522 107.706 0
      vertex 81.5667 108 0
    endloop
  endfacet
  facet normal 0 0 -1
    outer loop
      vertex 87.9209 97.4142 0
      vertex 81.2124 97.4142 0
      vertex 88.0723 97.6667 0
    endloop
  endfacet
  facet normal 0 0 -1
    outer loop
      vertex 88.2476 106.097 0
      vertex 81.509 107.415 0
      vertex 81.5522 107.706 0
    endloop
  endfacet
  facet normal 0 0 -1
    outer loop
      vertex 81.0611 97.6667 0
      vertex 88.0723 97.6667 0
      vertex 81.2124 97.4142 0
    endloop
  endfacet
  facet normal 0 0 -1
    outer loop
      vertex 88.2476 106.097 0
      vertex 81.4375 107.129 0
      vertex 81.509 107.415 0
    endloop
  endfacet
  facet normal 0 0 -1
    outer loop
      vertex 88.0723 97.6667 0
      vertex 81.0611 97.6667 0
      vertex 88.2476 97.9032 0
    endloop
  endfacet
  facet normal 0 0 -1
    outer loop
      vertex 88.2476 106.097 0
      vertex 81.3383 106.852 0
      vertex 81.4375 107.129 0
    endloop
  endfacet
  facet normal 0 0 -1
    outer loop
      vertex 80.8857 97.9032 0
      vertex 88.2476 97.9032 0
      vertex 81.0611 97.6667 0
    endloop
  endfacet
  facet normal 0 0 -1
    outer loop
      vertex 88.2476 106.097 0
      vertex 81.2124 106.586 0
      vertex 81.3383 106.852 0
    endloop
  endfacet
  facet normal 0 0 -1
    outer loop
      vertex 80.688 98.1213 0
      vertex 88.2476 97.9032 0
      vertex 80.8857 97.9032 0
    endloop
  endfacet
  facet normal 0 0 -1
    outer loop
      vertex 88.2476 106.097 0
      vertex 81.0611 106.333 0
      vertex 81.2124 106.586 0
    endloop
  endfacet
  facet normal 0 0 -1
    outer loop
      vertex 88.2476 97.9032 0
      vertex 80.688 98.1213 0
      vertex 88.2476 106.097 0
    endloop
  endfacet
  facet normal 0 0 -1
    outer loop
      vertex 88.2476 106.097 0
      vertex 80.8857 106.097 0
      vertex 81.0611 106.333 0
    endloop
  endfacet
  facet normal 0 0 -1
    outer loop
      vertex 80.688 105.879 0
      vertex 88.2476 106.097 0
      vertex 80.688 98.1213 0
    endloop
  endfacet
  facet normal -0 0 -1
    outer loop
      vertex 88.2476 106.097 0
      vertex 80.688 105.879 0
      vertex 80.8857 106.097 0
    endloop
  endfacet
  facet normal 0 0 -1
    outer loop
      vertex 80.4698 98.319 0
      vertex 80.688 105.879 0
      vertex 80.688 98.1213 0
    endloop
  endfacet
  facet normal 0 0 -1
    outer loop
      vertex 80.4698 98.319 0
      vertex 80.4698 105.681 0
      vertex 80.688 105.879 0
    endloop
  endfacet
  facet normal 0 0 -1
    outer loop
      vertex 80.2334 98.4944 0
      vertex 80.4698 105.681 0
      vertex 80.4698 98.319 0
    endloop
  endfacet
  facet normal 0 0 -1
    outer loop
      vertex 80.2334 98.4944 0
      vertex 80.2334 105.506 0
      vertex 80.4698 105.681 0
    endloop
  endfacet
  facet normal 0 0 -1
    outer loop
      vertex 79.9808 98.6458 0
      vertex 80.2334 105.506 0
      vertex 80.2334 98.4944 0
    endloop
  endfacet
  facet normal 0 0 -1
    outer loop
      vertex 79.9808 98.6458 0
      vertex 79.9808 105.354 0
      vertex 80.2334 105.506 0
    endloop
  endfacet
  facet normal 0 0 -1
    outer loop
      vertex 79.7147 98.7716 0
      vertex 79.9808 105.354 0
      vertex 79.9808 98.6458 0
    endloop
  endfacet
  facet normal 0 0 -1
    outer loop
      vertex 79.7147 98.7716 0
      vertex 79.7147 105.228 0
      vertex 79.9808 105.354 0
    endloop
  endfacet
  facet normal 0 0 -1
    outer loop
      vertex 79.4375 98.8708 0
      vertex 79.7147 105.228 0
      vertex 79.7147 98.7716 0
    endloop
  endfacet
  facet normal 0 0 -1
    outer loop
      vertex 79.4375 98.8708 0
      vertex 79.4375 105.129 0
      vertex 79.7147 105.228 0
    endloop
  endfacet
  facet normal 0 0 -1
    outer loop
      vertex 79.1519 98.9424 0
      vertex 79.4375 105.129 0
      vertex 79.4375 98.8708 0
    endloop
  endfacet
  facet normal 0 0 -1
    outer loop
      vertex 79.1519 98.9424 0
      vertex 79.1519 105.058 0
      vertex 79.4375 105.129 0
    endloop
  endfacet
  facet normal 0 0 -1
    outer loop
      vertex 78.8607 98.9855 0
      vertex 79.1519 105.058 0
      vertex 79.1519 98.9424 0
    endloop
  endfacet
  facet normal 0 0 -1
    outer loop
      vertex 78.8607 98.9855 0
      vertex 78.8607 105.014 0
      vertex 79.1519 105.058 0
    endloop
  endfacet
  facet normal 0 0 -1
    outer loop
      vertex 78.5667 99 0
      vertex 78.8607 105.014 0
      vertex 78.8607 98.9855 0
    endloop
  endfacet
  facet normal 0 0 -1
    outer loop
      vertex 78.5667 99 0
      vertex 78.5667 105 0
      vertex 78.8607 105.014 0
    endloop
  endfacet
  facet normal 0 0 -1
    outer loop
      vertex 54.7833 99 0
      vertex 78.5667 105 0
      vertex 78.5667 99 0
    endloop
  endfacet
  facet normal 0 0 -1
    outer loop
      vertex 54.7833 99 0
      vertex 54.7833 105 0
      vertex 78.5667 105 0
    endloop
  endfacet
  facet normal 0 0 -1
    outer loop
      vertex 54.4893 98.9855 0
      vertex 54.7833 105 0
      vertex 54.7833 99 0
    endloop
  endfacet
  facet normal 0 0 -1
    outer loop
      vertex 54.4893 98.9855 0
      vertex 54.4893 105.014 0
      vertex 54.7833 105 0
    endloop
  endfacet
  facet normal 0 0 -1
    outer loop
      vertex 54.1981 98.9424 0
      vertex 54.4893 105.014 0
      vertex 54.4893 98.9855 0
    endloop
  endfacet
  facet normal 0 0 -1
    outer loop
      vertex 54.1981 98.9424 0
      vertex 54.1981 105.058 0
      vertex 54.4893 105.014 0
    endloop
  endfacet
  facet normal 0 0 -1
    outer loop
      vertex 53.9125 98.8708 0
      vertex 54.1981 105.058 0
      vertex 54.1981 98.9424 0
    endloop
  endfacet
  facet normal 0 0 -1
    outer loop
      vertex 53.9125 98.8708 0
      vertex 53.9125 105.129 0
      vertex 54.1981 105.058 0
    endloop
  endfacet
  facet normal 0 0 -1
    outer loop
      vertex 53.6353 98.7716 0
      vertex 53.9125 105.129 0
      vertex 53.9125 98.8708 0
    endloop
  endfacet
  facet normal 0 0 -1
    outer loop
      vertex 53.6353 98.7716 0
      vertex 53.6353 105.228 0
      vertex 53.9125 105.129 0
    endloop
  endfacet
  facet normal 0 0 -1
    outer loop
      vertex 53.3691 98.6458 0
      vertex 53.6353 105.228 0
      vertex 53.6353 98.7716 0
    endloop
  endfacet
  facet normal 0 0 -1
    outer loop
      vertex 53.3691 98.6458 0
      vertex 53.3691 105.354 0
      vertex 53.6353 105.228 0
    endloop
  endfacet
  facet normal 0 0 -1
    outer loop
      vertex 53.1166 98.4944 0
      vertex 53.3691 105.354 0
      vertex 53.3691 98.6458 0
    endloop
  endfacet
  facet normal 0 0 -1
    outer loop
      vertex 53.1166 98.4944 0
      vertex 53.1166 105.506 0
      vertex 53.3691 105.354 0
    endloop
  endfacet
  facet normal 0 0 -1
    outer loop
      vertex 52.8801 98.319 0
      vertex 53.1166 105.506 0
      vertex 53.1166 98.4944 0
    endloop
  endfacet
  facet normal 0 0 -1
    outer loop
      vertex 52.8801 98.319 0
      vertex 52.8801 105.681 0
      vertex 53.1166 105.506 0
    endloop
  endfacet
  facet normal 0 0 -1
    outer loop
      vertex 52.662 98.1213 0
      vertex 52.8801 105.681 0
      vertex 52.8801 98.319 0
    endloop
  endfacet
  facet normal 0 0 -1
    outer loop
      vertex 52.662 98.1213 0
      vertex 52.662 105.879 0
      vertex 52.8801 105.681 0
    endloop
  endfacet
  facet normal 0 0 -1
    outer loop
      vertex 52.4643 97.9032 0
      vertex 52.662 105.879 0
      vertex 52.662 98.1213 0
    endloop
  endfacet
  facet normal 0 0 -1
    outer loop
      vertex 52.4643 97.9032 0
      vertex 52.4643 106.097 0
      vertex 52.662 105.879 0
    endloop
  endfacet
  facet normal 0 0 -1
    outer loop
      vertex 51.9125 96.8708 0
      vertex 45.6541 96.8708 0
      vertex 52.0117 97.1481 0
    endloop
  endfacet
  facet normal 0 0 -1
    outer loop
      vertex 45.555 97.1481 0
      vertex 52.0117 97.1481 0
      vertex 45.6541 96.8708 0
    endloop
  endfacet
  facet normal 0 0 -1
    outer loop
      vertex 45.6541 96.8708 0
      vertex 51.9125 96.8708 0
      vertex 45.7257 96.5853 0
    endloop
  endfacet
  facet normal 0 0 -1
    outer loop
      vertex 52.0117 97.1481 0
      vertex 45.555 97.1481 0
      vertex 52.1376 97.4142 0
    endloop
  endfacet
  facet normal 0 0 -1
    outer loop
      vertex 51.841 96.5853 0
      vertex 45.7257 96.5853 0
      vertex 51.9125 96.8708 0
    endloop
  endfacet
  facet normal 0 0 -1
    outer loop
      vertex 52.4643 106.097 0
      vertex 45.7833 108 0
      vertex 52.2889 106.333 0
    endloop
  endfacet
  facet normal 0 0 -1
    outer loop
      vertex 45.7257 96.5853 0
      vertex 51.841 96.5853 0
      vertex 45.7689 96.2941 0
    endloop
  endfacet
  facet normal 0 0 -1
    outer loop
      vertex 52.2889 106.333 0
      vertex 45.7833 108 0
      vertex 52.1376 106.586 0
    endloop
  endfacet
  facet normal 0 0 -1
    outer loop
      vertex 51.7978 96.2941 0
      vertex 45.7689 96.2941 0
      vertex 51.841 96.5853 0
    endloop
  endfacet
  facet normal 0 0 -1
    outer loop
      vertex 52.1376 106.586 0
      vertex 45.7833 108 0
      vertex 52.0117 106.852 0
    endloop
  endfacet
  facet normal 0 0 -1
    outer loop
      vertex 45.7689 96.2941 0
      vertex 51.7978 96.2941 0
      vertex 45.7833 96 0
    endloop
  endfacet
  facet normal 0 0 -1
    outer loop
      vertex 52.0117 106.852 0
      vertex 45.7833 108 0
      vertex 51.9125 107.129 0
    endloop
  endfacet
  facet normal 0 0 -1
    outer loop
      vertex 45.7833 96 0
      vertex 51.7978 96.2941 0
      vertex 51.7833 96 0
    endloop
  endfacet
  facet normal 0 0 -1
    outer loop
      vertex 51.9125 107.129 0
      vertex 45.7833 108 0
      vertex 51.841 107.415 0
    endloop
  endfacet
  facet normal 0 0 -1
    outer loop
      vertex 81.2124 75.1642 0
      vertex 87.9209 75.1642 0
      vertex 81.3383 74.8981 0
    endloop
  endfacet
  facet normal 0 0 -1
    outer loop
      vertex 88.2476 83.8468 0
      vertex 81.5522 85.4559 0
      vertex 81.5667 85.75 0
    endloop
  endfacet
  facet normal 0 0 -1
    outer loop
      vertex 87.9209 75.1642 0
      vertex 81.2124 75.1642 0
      vertex 88.0723 75.4167 0
    endloop
  endfacet
  facet normal 0 0 -1
    outer loop
      vertex 88.2476 83.8468 0
      vertex 81.509 85.1647 0
      vertex 81.5522 85.4559 0
    endloop
  endfacet
  facet normal 0 0 -1
    outer loop
      vertex 81.0611 75.4167 0
      vertex 88.0723 75.4167 0
      vertex 81.2124 75.1642 0
    endloop
  endfacet
  facet normal 0 0 -1
    outer loop
      vertex 88.2476 83.8468 0
      vertex 81.4375 84.8792 0
      vertex 81.509 85.1647 0
    endloop
  endfacet
  facet normal 0 0 -1
    outer loop
      vertex 88.0723 75.4167 0
      vertex 81.0611 75.4167 0
      vertex 88.2476 75.6532 0
    endloop
  endfacet
  facet normal 0 0 -1
    outer loop
      vertex 88.2476 83.8468 0
      vertex 81.3383 84.6019 0
      vertex 81.4375 84.8792 0
    endloop
  endfacet
  facet normal 0 0 -1
    outer loop
      vertex 80.8857 75.6532 0
      vertex 88.2476 75.6532 0
      vertex 81.0611 75.4167 0
    endloop
  endfacet
  facet normal 0 0 -1
    outer loop
      vertex 88.2476 83.8468 0
      vertex 81.2124 84.3358 0
      vertex 81.3383 84.6019 0
    endloop
  endfacet
  facet normal 0 0 -1
    outer loop
      vertex 80.688 75.8713 0
      vertex 88.2476 75.6532 0
      vertex 80.8857 75.6532 0
    endloop
  endfacet
  facet normal 0 0 -1
    outer loop
      vertex 88.2476 83.8468 0
      vertex 81.0611 84.0833 0
      vertex 81.2124 84.3358 0
    endloop
  endfacet
  facet normal 0 0 -1
    outer loop
      vertex 88.2476 75.6532 0
      vertex 80.688 75.8713 0
      vertex 88.2476 83.8468 0
    endloop
  endfacet
  facet normal 0 0 -1
    outer loop
      vertex 88.2476 83.8468 0
      vertex 80.8857 83.8468 0
      vertex 81.0611 84.0833 0
    endloop
  endfacet
  facet normal 0 0 -1
    outer loop
      vertex 80.688 83.6287 0
      vertex 88.2476 83.8468 0
      vertex 80.688 75.8713 0
    endloop
  endfacet
  facet normal -0 0 -1
    outer loop
      vertex 88.2476 83.8468 0
      vertex 80.688 83.6287 0
      vertex 80.8857 83.8468 0
    endloop
  endfacet
  facet normal 0 0 -1
    outer loop
      vertex 80.4698 76.069 0
      vertex 80.688 83.6287 0
      vertex 80.688 75.8713 0
    endloop
  endfacet
  facet normal 0 0 -1
    outer loop
      vertex 80.4698 76.069 0
      vertex 80.4698 83.431 0
      vertex 80.688 83.6287 0
    endloop
  endfacet
  facet normal 0 0 -1
    outer loop
      vertex 80.2334 76.2444 0
      vertex 80.4698 83.431 0
      vertex 80.4698 76.069 0
    endloop
  endfacet
  facet normal 0 0 -1
    outer loop
      vertex 80.2334 76.2444 0
      vertex 80.2334 83.2556 0
      vertex 80.4698 83.431 0
    endloop
  endfacet
  facet normal 0 0 -1
    outer loop
      vertex 79.9808 76.3958 0
      vertex 80.2334 83.2556 0
      vertex 80.2334 76.2444 0
    endloop
  endfacet
  facet normal 0 0 -1
    outer loop
      vertex 79.9808 76.3958 0
      vertex 79.9808 83.1042 0
      vertex 80.2334 83.2556 0
    endloop
  endfacet
  facet normal 0 0 -1
    outer loop
      vertex 79.7147 76.5216 0
      vertex 79.9808 83.1042 0
      vertex 79.9808 76.3958 0
    endloop
  endfacet
  facet normal 0 0 -1
    outer loop
      vertex 79.7147 76.5216 0
      vertex 79.7147 82.9784 0
      vertex 79.9808 83.1042 0
    endloop
  endfacet
  facet normal 0 0 -1
    outer loop
      vertex 79.4375 76.6208 0
      vertex 79.7147 82.9784 0
      vertex 79.7147 76.5216 0
    endloop
  endfacet
  facet normal 0 0 -1
    outer loop
      vertex 79.4375 76.6208 0
      vertex 79.4375 82.8792 0
      vertex 79.7147 82.9784 0
    endloop
  endfacet
  facet normal 0 0 -1
    outer loop
      vertex 79.1519 76.6924 0
      vertex 79.4375 82.8792 0
      vertex 79.4375 76.6208 0
    endloop
  endfacet
  facet normal 0 0 -1
    outer loop
      vertex 79.1519 76.6924 0
      vertex 79.1519 82.8076 0
      vertex 79.4375 82.8792 0
    endloop
  endfacet
  facet normal 0 0 -1
    outer loop
      vertex 78.8607 76.7355 0
      vertex 79.1519 82.8076 0
      vertex 79.1519 76.6924 0
    endloop
  endfacet
  facet normal 0 0 -1
    outer loop
      vertex 78.8607 76.7355 0
      vertex 78.8607 82.7645 0
      vertex 79.1519 82.8076 0
    endloop
  endfacet
  facet normal 0 0 -1
    outer loop
      vertex 78.5667 76.75 0
      vertex 78.8607 82.7645 0
      vertex 78.8607 76.7355 0
    endloop
  endfacet
  facet normal 0 0 -1
    outer loop
      vertex 78.5667 76.75 0
      vertex 78.5667 82.75 0
      vertex 78.8607 82.7645 0
    endloop
  endfacet
  facet normal 0 0 -1
    outer loop
      vertex 54.7833 76.75 0
      vertex 78.5667 82.75 0
      vertex 78.5667 76.75 0
    endloop
  endfacet
  facet normal 0 0 -1
    outer loop
      vertex 54.7833 76.75 0
      vertex 54.7833 82.75 0
      vertex 78.5667 82.75 0
    endloop
  endfacet
  facet normal 0 0 -1
    outer loop
      vertex 54.4893 76.7355 0
      vertex 54.7833 82.75 0
      vertex 54.7833 76.75 0
    endloop
  endfacet
  facet normal 0 0 -1
    outer loop
      vertex 54.4893 76.7355 0
      vertex 54.4893 82.7645 0
      vertex 54.7833 82.75 0
    endloop
  endfacet
  facet normal 0 0 -1
    outer loop
      vertex 54.1981 76.6924 0
      vertex 54.4893 82.7645 0
      vertex 54.4893 76.7355 0
    endloop
  endfacet
  facet normal 0 0 -1
    outer loop
      vertex 54.1981 76.6924 0
      vertex 54.1981 82.8076 0
      vertex 54.4893 82.7645 0
    endloop
  endfacet
  facet normal 0 0 -1
    outer loop
      vertex 53.9125 76.6208 0
      vertex 54.1981 82.8076 0
      vertex 54.1981 76.6924 0
    endloop
  endfacet
  facet normal 0 0 -1
    outer loop
      vertex 53.9125 76.6208 0
      vertex 53.9125 82.8792 0
      vertex 54.1981 82.8076 0
    endloop
  endfacet
  facet normal 0 0 -1
    outer loop
      vertex 53.6353 76.5216 0
      vertex 53.9125 82.8792 0
      vertex 53.9125 76.6208 0
    endloop
  endfacet
  facet normal 0 0 -1
    outer loop
      vertex 53.6353 76.5216 0
      vertex 53.6353 82.9784 0
      vertex 53.9125 82.8792 0
    endloop
  endfacet
  facet normal 0 0 -1
    outer loop
      vertex 53.3691 76.3958 0
      vertex 53.6353 82.9784 0
      vertex 53.6353 76.5216 0
    endloop
  endfacet
  facet normal 0 0 -1
    outer loop
      vertex 53.3691 76.3958 0
      vertex 53.3691 83.1042 0
      vertex 53.6353 82.9784 0
    endloop
  endfacet
  facet normal 0 0 -1
    outer loop
      vertex 53.1166 76.2444 0
      vertex 53.3691 83.1042 0
      vertex 53.3691 76.3958 0
    endloop
  endfacet
  facet normal 0 0 -1
    outer loop
      vertex 53.1166 76.2444 0
      vertex 53.1166 83.2556 0
      vertex 53.3691 83.1042 0
    endloop
  endfacet
  facet normal 0 0 -1
    outer loop
      vertex 52.8801 76.069 0
      vertex 53.1166 83.2556 0
      vertex 53.1166 76.2444 0
    endloop
  endfacet
  facet normal 0 0 -1
    outer loop
      vertex 52.8801 76.069 0
      vertex 52.8801 83.431 0
      vertex 53.1166 83.2556 0
    endloop
  endfacet
  facet normal 0 0 -1
    outer loop
      vertex 52.662 75.8713 0
      vertex 52.8801 83.431 0
      vertex 52.8801 76.069 0
    endloop
  endfacet
  facet normal 0 0 -1
    outer loop
      vertex 52.662 75.8713 0
      vertex 52.662 83.6287 0
      vertex 52.8801 83.431 0
    endloop
  endfacet
  facet normal 0 0 -1
    outer loop
      vertex 52.4643 75.6532 0
      vertex 52.662 83.6287 0
      vertex 52.662 75.8713 0
    endloop
  endfacet
  facet normal 0 0 -1
    outer loop
      vertex 52.4643 75.6532 0
      vertex 52.4643 83.8468 0
      vertex 52.662 83.6287 0
    endloop
  endfacet
  facet normal 0 0 -1
    outer loop
      vertex 51.9125 74.6208 0
      vertex 45.6541 74.6208 0
      vertex 52.0117 74.8981 0
    endloop
  endfacet
  facet normal 0 0 -1
    outer loop
      vertex 45.555 74.8981 0
      vertex 52.0117 74.8981 0
      vertex 45.6541 74.6208 0
    endloop
  endfacet
  facet normal 0 0 -1
    outer loop
      vertex 45.6541 74.6208 0
      vertex 51.9125 74.6208 0
      vertex 45.7257 74.3353 0
    endloop
  endfacet
  facet normal 0 0 -1
    outer loop
      vertex 52.0117 74.8981 0
      vertex 45.555 74.8981 0
      vertex 52.1376 75.1642 0
    endloop
  endfacet
  facet normal 0 0 -1
    outer loop
      vertex 51.841 74.3353 0
      vertex 45.7257 74.3353 0
      vertex 51.9125 74.6208 0
    endloop
  endfacet
  facet normal 0 0 -1
    outer loop
      vertex 52.4643 83.8468 0
      vertex 45.7833 85.75 0
      vertex 52.2889 84.0833 0
    endloop
  endfacet
  facet normal 0 0 -1
    outer loop
      vertex 45.7257 74.3353 0
      vertex 51.841 74.3353 0
      vertex 45.7689 74.0441 0
    endloop
  endfacet
  facet normal 0 0 -1
    outer loop
      vertex 52.2889 84.0833 0
      vertex 45.7833 85.75 0
      vertex 52.1376 84.3358 0
    endloop
  endfacet
  facet normal 0 0 -1
    outer loop
      vertex 51.7978 74.0441 0
      vertex 45.7689 74.0441 0
      vertex 51.841 74.3353 0
    endloop
  endfacet
  facet normal 0 0 -1
    outer loop
      vertex 52.1376 84.3358 0
      vertex 45.7833 85.75 0
      vertex 52.0117 84.6019 0
    endloop
  endfacet
  facet normal 0 0 -1
    outer loop
      vertex 45.7689 74.0441 0
      vertex 51.7978 74.0441 0
      vertex 45.7833 73.75 0
    endloop
  endfacet
  facet normal 0 0 -1
    outer loop
      vertex 52.0117 84.6019 0
      vertex 45.7833 85.75 0
      vertex 51.9125 84.8792 0
    endloop
  endfacet
  facet normal 0 0 -1
    outer loop
      vertex 45.7833 73.75 0
      vertex 51.7978 74.0441 0
      vertex 51.7833 73.75 0
    endloop
  endfacet
  facet normal 0 0 -1
    outer loop
      vertex 51.9125 84.8792 0
      vertex 45.7833 85.75 0
      vertex 51.841 85.1647 0
    endloop
  endfacet
  facet normal 0 0 -1
    outer loop
      vertex 81.2124 52.9142 0
      vertex 87.9209 52.9142 0
      vertex 81.3383 52.6481 0
    endloop
  endfacet
  facet normal 0 0 -1
    outer loop
      vertex 88.2476 61.5968 0
      vertex 81.5522 63.2059 0
      vertex 81.5667 63.5 0
    endloop
  endfacet
  facet normal 0 0 -1
    outer loop
      vertex 87.9209 52.9142 0
      vertex 81.2124 52.9142 0
      vertex 88.0723 53.1667 0
    endloop
  endfacet
  facet normal 0 0 -1
    outer loop
      vertex 88.2476 61.5968 0
      vertex 81.509 62.9147 0
      vertex 81.5522 63.2059 0
    endloop
  endfacet
  facet normal 0 0 -1
    outer loop
      vertex 81.0611 53.1667 0
      vertex 88.0723 53.1667 0
      vertex 81.2124 52.9142 0
    endloop
  endfacet
  facet normal 0 0 -1
    outer loop
      vertex 88.2476 61.5968 0
      vertex 81.4375 62.6292 0
      vertex 81.509 62.9147 0
    endloop
  endfacet
  facet normal 0 0 -1
    outer loop
      vertex 88.0723 53.1667 0
      vertex 81.0611 53.1667 0
      vertex 88.2476 53.4032 0
    endloop
  endfacet
  facet normal 0 0 -1
    outer loop
      vertex 88.2476 61.5968 0
      vertex 81.3383 62.3519 0
      vertex 81.4375 62.6292 0
    endloop
  endfacet
  facet normal 0 0 -1
    outer loop
      vertex 80.8857 53.4032 0
      vertex 88.2476 53.4032 0
      vertex 81.0611 53.1667 0
    endloop
  endfacet
  facet normal 0 0 -1
    outer loop
      vertex 88.2476 61.5968 0
      vertex 81.2124 62.0858 0
      vertex 81.3383 62.3519 0
    endloop
  endfacet
  facet normal 0 0 -1
    outer loop
      vertex 80.688 53.6213 0
      vertex 88.2476 53.4032 0
      vertex 80.8857 53.4032 0
    endloop
  endfacet
  facet normal 0 0 -1
    outer loop
      vertex 88.2476 61.5968 0
      vertex 81.0611 61.8333 0
      vertex 81.2124 62.0858 0
    endloop
  endfacet
  facet normal 0 0 -1
    outer loop
      vertex 88.2476 53.4032 0
      vertex 80.688 53.6213 0
      vertex 88.2476 61.5968 0
    endloop
  endfacet
  facet normal 0 0 -1
    outer loop
      vertex 88.2476 61.5968 0
      vertex 80.8857 61.5968 0
      vertex 81.0611 61.8333 0
    endloop
  endfacet
  facet normal 0 0 -1
    outer loop
      vertex 80.688 61.3787 0
      vertex 88.2476 61.5968 0
      vertex 80.688 53.6213 0
    endloop
  endfacet
  facet normal -0 0 -1
    outer loop
      vertex 88.2476 61.5968 0
      vertex 80.688 61.3787 0
      vertex 80.8857 61.5968 0
    endloop
  endfacet
  facet normal 0 0 -1
    outer loop
      vertex 80.4698 53.819 0
      vertex 80.688 61.3787 0
      vertex 80.688 53.6213 0
    endloop
  endfacet
  facet normal 0 0 -1
    outer loop
      vertex 80.4698 53.819 0
      vertex 80.4698 61.181 0
      vertex 80.688 61.3787 0
    endloop
  endfacet
  facet normal 0 0 -1
    outer loop
      vertex 80.2334 53.9944 0
      vertex 80.4698 61.181 0
      vertex 80.4698 53.819 0
    endloop
  endfacet
  facet normal 0 0 -1
    outer loop
      vertex 80.2334 53.9944 0
      vertex 80.2334 61.0056 0
      vertex 80.4698 61.181 0
    endloop
  endfacet
  facet normal 0 0 -1
    outer loop
      vertex 79.9808 54.1458 0
      vertex 80.2334 61.0056 0
      vertex 80.2334 53.9944 0
    endloop
  endfacet
  facet normal 0 0 -1
    outer loop
      vertex 79.9808 54.1458 0
      vertex 79.9808 60.8542 0
      vertex 80.2334 61.0056 0
    endloop
  endfacet
  facet normal 0 0 -1
    outer loop
      vertex 79.7147 54.2716 0
      vertex 79.9808 60.8542 0
      vertex 79.9808 54.1458 0
    endloop
  endfacet
  facet normal 0 0 -1
    outer loop
      vertex 79.7147 54.2716 0
      vertex 79.7147 60.7284 0
      vertex 79.9808 60.8542 0
    endloop
  endfacet
  facet normal 0 0 -1
    outer loop
      vertex 79.4375 54.3708 0
      vertex 79.7147 60.7284 0
      vertex 79.7147 54.2716 0
    endloop
  endfacet
  facet normal 0 0 -1
    outer loop
      vertex 79.4375 54.3708 0
      vertex 79.4375 60.6292 0
      vertex 79.7147 60.7284 0
    endloop
  endfacet
  facet normal 0 0 -1
    outer loop
      vertex 79.1519 54.4424 0
      vertex 79.4375 60.6292 0
      vertex 79.4375 54.3708 0
    endloop
  endfacet
  facet normal 0 0 -1
    outer loop
      vertex 79.1519 54.4424 0
      vertex 79.1519 60.5576 0
      vertex 79.4375 60.6292 0
    endloop
  endfacet
  facet normal 0 0 -1
    outer loop
      vertex 78.8607 54.4855 0
      vertex 79.1519 60.5576 0
      vertex 79.1519 54.4424 0
    endloop
  endfacet
  facet normal 0 0 -1
    outer loop
      vertex 78.8607 54.4855 0
      vertex 78.8607 60.5145 0
      vertex 79.1519 60.5576 0
    endloop
  endfacet
  facet normal 0 0 -1
    outer loop
      vertex 78.5667 54.5 0
      vertex 78.8607 60.5145 0
      vertex 78.8607 54.4855 0
    endloop
  endfacet
  facet normal 0 0 -1
    outer loop
      vertex 78.5667 54.5 0
      vertex 78.5667 60.5 0
      vertex 78.8607 60.5145 0
    endloop
  endfacet
  facet normal 0 0 -1
    outer loop
      vertex 54.7833 54.5 0
      vertex 78.5667 60.5 0
      vertex 78.5667 54.5 0
    endloop
  endfacet
  facet normal 0 0 -1
    outer loop
      vertex 54.7833 54.5 0
      vertex 54.7833 60.5 0
      vertex 78.5667 60.5 0
    endloop
  endfacet
  facet normal 0 0 -1
    outer loop
      vertex 54.4893 54.4855 0
      vertex 54.7833 60.5 0
      vertex 54.7833 54.5 0
    endloop
  endfacet
  facet normal 0 0 -1
    outer loop
      vertex 54.4893 54.4855 0
      vertex 54.4893 60.5145 0
      vertex 54.7833 60.5 0
    endloop
  endfacet
  facet normal 0 0 -1
    outer loop
      vertex 54.1981 54.4424 0
      vertex 54.4893 60.5145 0
      vertex 54.4893 54.4855 0
    endloop
  endfacet
  facet normal 0 0 -1
    outer loop
      vertex 54.1981 54.4424 0
      vertex 54.1981 60.5576 0
      vertex 54.4893 60.5145 0
    endloop
  endfacet
  facet normal 0 0 -1
    outer loop
      vertex 53.9125 54.3708 0
      vertex 54.1981 60.5576 0
      vertex 54.1981 54.4424 0
    endloop
  endfacet
  facet normal 0 0 -1
    outer loop
      vertex 53.9125 54.3708 0
      vertex 53.9125 60.6292 0
      vertex 54.1981 60.5576 0
    endloop
  endfacet
  facet normal 0 0 -1
    outer loop
      vertex 53.6353 54.2716 0
      vertex 53.9125 60.6292 0
      vertex 53.9125 54.3708 0
    endloop
  endfacet
  facet normal 0 0 -1
    outer loop
      vertex 53.6353 54.2716 0
      vertex 53.6353 60.7284 0
      vertex 53.9125 60.6292 0
    endloop
  endfacet
  facet normal 0 0 -1
    outer loop
      vertex 53.3691 54.1458 0
      vertex 53.6353 60.7284 0
      vertex 53.6353 54.2716 0
    endloop
  endfacet
  facet normal 0 0 -1
    outer loop
      vertex 53.3691 54.1458 0
      vertex 53.3691 60.8542 0
      vertex 53.6353 60.7284 0
    endloop
  endfacet
  facet normal 0 0 -1
    outer loop
      vertex 53.1166 53.9944 0
      vertex 53.3691 60.8542 0
      vertex 53.3691 54.1458 0
    endloop
  endfacet
  facet normal 0 0 -1
    outer loop
      vertex 53.1166 53.9944 0
      vertex 53.1166 61.0056 0
      vertex 53.3691 60.8542 0
    endloop
  endfacet
  facet normal 0 0 -1
    outer loop
      vertex 52.8801 53.819 0
      vertex 53.1166 61.0056 0
      vertex 53.1166 53.9944 0
    endloop
  endfacet
  facet normal 0 0 -1
    outer loop
      vertex 52.8801 53.819 0
      vertex 52.8801 61.181 0
      vertex 53.1166 61.0056 0
    endloop
  endfacet
  facet normal 0 0 -1
    outer loop
      vertex 52.662 53.6213 0
      vertex 52.8801 61.181 0
      vertex 52.8801 53.819 0
    endloop
  endfacet
  facet normal 0 0 -1
    outer loop
      vertex 52.662 53.6213 0
      vertex 52.662 61.3787 0
      vertex 52.8801 61.181 0
    endloop
  endfacet
  facet normal 0 0 -1
    outer loop
      vertex 52.4643 53.4032 0
      vertex 52.662 61.3787 0
      vertex 52.662 53.6213 0
    endloop
  endfacet
  facet normal 0 0 -1
    outer loop
      vertex 52.4643 53.4032 0
      vertex 52.4643 61.5968 0
      vertex 52.662 61.3787 0
    endloop
  endfacet
  facet normal 0 0 -1
    outer loop
      vertex 51.9125 52.3708 0
      vertex 45.6541 52.3708 0
      vertex 52.0117 52.6481 0
    endloop
  endfacet
  facet normal 0 0 -1
    outer loop
      vertex 45.555 52.6481 0
      vertex 52.0117 52.6481 0
      vertex 45.6541 52.3708 0
    endloop
  endfacet
  facet normal 0 0 -1
    outer loop
      vertex 45.6541 52.3708 0
      vertex 51.9125 52.3708 0
      vertex 45.7257 52.0853 0
    endloop
  endfacet
  facet normal 0 0 -1
    outer loop
      vertex 52.0117 52.6481 0
      vertex 45.555 52.6481 0
      vertex 52.1376 52.9142 0
    endloop
  endfacet
  facet normal 0 0 -1
    outer loop
      vertex 51.841 52.0853 0
      vertex 45.7257 52.0853 0
      vertex 51.9125 52.3708 0
    endloop
  endfacet
  facet normal 0 0 -1
    outer loop
      vertex 52.4643 61.5968 0
      vertex 45.7833 63.5 0
      vertex 52.2889 61.8333 0
    endloop
  endfacet
  facet normal 0 0 -1
    outer loop
      vertex 45.7257 52.0853 0
      vertex 51.841 52.0853 0
      vertex 45.7689 51.7941 0
    endloop
  endfacet
  facet normal 0 0 -1
    outer loop
      vertex 52.2889 61.8333 0
      vertex 45.7833 63.5 0
      vertex 52.1376 62.0858 0
    endloop
  endfacet
  facet normal 0 0 -1
    outer loop
      vertex 51.7978 51.7941 0
      vertex 45.7689 51.7941 0
      vertex 51.841 52.0853 0
    endloop
  endfacet
  facet normal 0 0 -1
    outer loop
      vertex 52.1376 62.0858 0
      vertex 45.7833 63.5 0
      vertex 52.0117 62.3519 0
    endloop
  endfacet
  facet normal 0 0 -1
    outer loop
      vertex 45.7689 51.7941 0
      vertex 51.7978 51.7941 0
      vertex 45.7833 51.5 0
    endloop
  endfacet
  facet normal 0 0 -1
    outer loop
      vertex 52.0117 62.3519 0
      vertex 45.7833 63.5 0
      vertex 51.9125 62.6292 0
    endloop
  endfacet
  facet normal 0 0 -1
    outer loop
      vertex 45.7833 51.5 0
      vertex 51.7978 51.7941 0
      vertex 51.7833 51.5 0
    endloop
  endfacet
  facet normal 0 0 -1
    outer loop
      vertex 51.9125 62.6292 0
      vertex 45.7833 63.5 0
      vertex 51.841 62.9147 0
    endloop
  endfacet
  facet normal 0 0 -1
    outer loop
      vertex 81.2124 30.6642 0
      vertex 87.9209 30.6642 0
      vertex 81.3383 30.3981 0
    endloop
  endfacet
  facet normal 0 0 -1
    outer loop
      vertex 88.2476 39.3468 0
      vertex 81.5522 40.9559 0
      vertex 81.5667 41.25 0
    endloop
  endfacet
  facet normal 0 0 -1
    outer loop
      vertex 87.9209 30.6642 0
      vertex 81.2124 30.6642 0
      vertex 88.0723 30.9167 0
    endloop
  endfacet
  facet normal 0 0 -1
    outer loop
      vertex 88.2476 39.3468 0
      vertex 81.509 40.6647 0
      vertex 81.5522 40.9559 0
    endloop
  endfacet
  facet normal 0 0 -1
    outer loop
      vertex 81.0611 30.9167 0
      vertex 88.0723 30.9167 0
      vertex 81.2124 30.6642 0
    endloop
  endfacet
  facet normal 0 0 -1
    outer loop
      vertex 88.2476 39.3468 0
      vertex 81.4375 40.3792 0
      vertex 81.509 40.6647 0
    endloop
  endfacet
  facet normal 0 0 -1
    outer loop
      vertex 88.0723 30.9167 0
      vertex 81.0611 30.9167 0
      vertex 88.2476 31.1532 0
    endloop
  endfacet
  facet normal 0 0 -1
    outer loop
      vertex 88.2476 39.3468 0
      vertex 81.3383 40.1019 0
      vertex 81.4375 40.3792 0
    endloop
  endfacet
  facet normal 0 0 -1
    outer loop
      vertex 80.8857 31.1532 0
      vertex 88.2476 31.1532 0
      vertex 81.0611 30.9167 0
    endloop
  endfacet
  facet normal 0 0 -1
    outer loop
      vertex 88.2476 39.3468 0
      vertex 81.2124 39.8358 0
      vertex 81.3383 40.1019 0
    endloop
  endfacet
  facet normal 0 0 -1
    outer loop
      vertex 80.688 31.3713 0
      vertex 88.2476 31.1532 0
      vertex 80.8857 31.1532 0
    endloop
  endfacet
  facet normal 0 0 -1
    outer loop
      vertex 88.2476 39.3468 0
      vertex 81.0611 39.5833 0
      vertex 81.2124 39.8358 0
    endloop
  endfacet
  facet normal 0 0 -1
    outer loop
      vertex 88.2476 31.1532 0
      vertex 80.688 31.3713 0
      vertex 88.2476 39.3468 0
    endloop
  endfacet
  facet normal 0 0 -1
    outer loop
      vertex 88.2476 39.3468 0
      vertex 80.8857 39.3468 0
      vertex 81.0611 39.5833 0
    endloop
  endfacet
  facet normal 0 0 -1
    outer loop
      vertex 80.688 39.1287 0
      vertex 88.2476 39.3468 0
      vertex 80.688 31.3713 0
    endloop
  endfacet
  facet normal -0 0 -1
    outer loop
      vertex 88.2476 39.3468 0
      vertex 80.688 39.1287 0
      vertex 80.8857 39.3468 0
    endloop
  endfacet
  facet normal 0 0 -1
    outer loop
      vertex 80.4698 31.569 0
      vertex 80.688 39.1287 0
      vertex 80.688 31.3713 0
    endloop
  endfacet
  facet normal 0 0 -1
    outer loop
      vertex 80.4698 31.569 0
      vertex 80.4698 38.931 0
      vertex 80.688 39.1287 0
    endloop
  endfacet
  facet normal 0 0 -1
    outer loop
      vertex 80.2334 31.7444 0
      vertex 80.4698 38.931 0
      vertex 80.4698 31.569 0
    endloop
  endfacet
  facet normal 0 0 -1
    outer loop
      vertex 80.2334 31.7444 0
      vertex 80.2334 38.7556 0
      vertex 80.4698 38.931 0
    endloop
  endfacet
  facet normal 0 0 -1
    outer loop
      vertex 79.9808 31.8958 0
      vertex 80.2334 38.7556 0
      vertex 80.2334 31.7444 0
    endloop
  endfacet
  facet normal 0 0 -1
    outer loop
      vertex 79.9808 31.8958 0
      vertex 79.9808 38.6042 0
      vertex 80.2334 38.7556 0
    endloop
  endfacet
  facet normal 0 0 -1
    outer loop
      vertex 79.7147 32.0216 0
      vertex 79.9808 38.6042 0
      vertex 79.9808 31.8958 0
    endloop
  endfacet
  facet normal 0 0 -1
    outer loop
      vertex 79.7147 32.0216 0
      vertex 79.7147 38.4784 0
      vertex 79.9808 38.6042 0
    endloop
  endfacet
  facet normal 0 0 -1
    outer loop
      vertex 79.4375 32.1208 0
      vertex 79.7147 38.4784 0
      vertex 79.7147 32.0216 0
    endloop
  endfacet
  facet normal 0 0 -1
    outer loop
      vertex 79.4375 32.1208 0
      vertex 79.4375 38.3792 0
      vertex 79.7147 38.4784 0
    endloop
  endfacet
  facet normal 0 0 -1
    outer loop
      vertex 79.1519 32.1924 0
      vertex 79.4375 38.3792 0
      vertex 79.4375 32.1208 0
    endloop
  endfacet
  facet normal 0 0 -1
    outer loop
      vertex 79.1519 32.1924 0
      vertex 79.1519 38.3076 0
      vertex 79.4375 38.3792 0
    endloop
  endfacet
  facet normal 0 0 -1
    outer loop
      vertex 78.8607 32.2355 0
      vertex 79.1519 38.3076 0
      vertex 79.1519 32.1924 0
    endloop
  endfacet
  facet normal 0 0 -1
    outer loop
      vertex 78.8607 32.2355 0
      vertex 78.8607 38.2645 0
      vertex 79.1519 38.3076 0
    endloop
  endfacet
  facet normal 0 0 -1
    outer loop
      vertex 78.5667 32.25 0
      vertex 78.8607 38.2645 0
      vertex 78.8607 32.2355 0
    endloop
  endfacet
  facet normal 0 0 -1
    outer loop
      vertex 78.5667 32.25 0
      vertex 78.5667 38.25 0
      vertex 78.8607 38.2645 0
    endloop
  endfacet
  facet normal 0 0 -1
    outer loop
      vertex 54.7833 32.25 0
      vertex 78.5667 38.25 0
      vertex 78.5667 32.25 0
    endloop
  endfacet
  facet normal 0 0 -1
    outer loop
      vertex 54.7833 32.25 0
      vertex 54.7833 38.25 0
      vertex 78.5667 38.25 0
    endloop
  endfacet
  facet normal 0 0 -1
    outer loop
      vertex 54.4893 32.2355 0
      vertex 54.7833 38.25 0
      vertex 54.7833 32.25 0
    endloop
  endfacet
  facet normal 0 0 -1
    outer loop
      vertex 54.4893 32.2355 0
      vertex 54.4893 38.2645 0
      vertex 54.7833 38.25 0
    endloop
  endfacet
  facet normal 0 0 -1
    outer loop
      vertex 54.1981 32.1924 0
      vertex 54.4893 38.2645 0
      vertex 54.4893 32.2355 0
    endloop
  endfacet
  facet normal 0 0 -1
    outer loop
      vertex 54.1981 32.1924 0
      vertex 54.1981 38.3076 0
      vertex 54.4893 38.2645 0
    endloop
  endfacet
  facet normal 0 0 -1
    outer loop
      vertex 53.9125 32.1208 0
      vertex 54.1981 38.3076 0
      vertex 54.1981 32.1924 0
    endloop
  endfacet
  facet normal 0 0 -1
    outer loop
      vertex 53.9125 32.1208 0
      vertex 53.9125 38.3792 0
      vertex 54.1981 38.3076 0
    endloop
  endfacet
  facet normal 0 0 -1
    outer loop
      vertex 53.6353 32.0216 0
      vertex 53.9125 38.3792 0
      vertex 53.9125 32.1208 0
    endloop
  endfacet
  facet normal 0 0 -1
    outer loop
      vertex 53.6353 32.0216 0
      vertex 53.6353 38.4784 0
      vertex 53.9125 38.3792 0
    endloop
  endfacet
  facet normal 0 0 -1
    outer loop
      vertex 53.3691 31.8958 0
      vertex 53.6353 38.4784 0
      vertex 53.6353 32.0216 0
    endloop
  endfacet
  facet normal 0 0 -1
    outer loop
      vertex 53.3691 31.8958 0
      vertex 53.3691 38.6042 0
      vertex 53.6353 38.4784 0
    endloop
  endfacet
  facet normal 0 0 -1
    outer loop
      vertex 53.1166 31.7444 0
      vertex 53.3691 38.6042 0
      vertex 53.3691 31.8958 0
    endloop
  endfacet
  facet normal 0 0 -1
    outer loop
      vertex 53.1166 31.7444 0
      vertex 53.1166 38.7556 0
      vertex 53.3691 38.6042 0
    endloop
  endfacet
  facet normal 0 0 -1
    outer loop
      vertex 52.8801 31.569 0
      vertex 53.1166 38.7556 0
      vertex 53.1166 31.7444 0
    endloop
  endfacet
  facet normal 0 0 -1
    outer loop
      vertex 52.8801 31.569 0
      vertex 52.8801 38.931 0
      vertex 53.1166 38.7556 0
    endloop
  endfacet
  facet normal 0 0 -1
    outer loop
      vertex 52.662 31.3713 0
      vertex 52.8801 38.931 0
      vertex 52.8801 31.569 0
    endloop
  endfacet
  facet normal 0 0 -1
    outer loop
      vertex 52.662 31.3713 0
      vertex 52.662 39.1287 0
      vertex 52.8801 38.931 0
    endloop
  endfacet
  facet normal 0 0 -1
    outer loop
      vertex 52.4643 31.1532 0
      vertex 52.662 39.1287 0
      vertex 52.662 31.3713 0
    endloop
  endfacet
  facet normal 0 0 -1
    outer loop
      vertex 52.4643 31.1532 0
      vertex 52.4643 39.3468 0
      vertex 52.662 39.1287 0
    endloop
  endfacet
  facet normal 0 0 -1
    outer loop
      vertex 51.9125 30.1208 0
      vertex 45.6541 30.1208 0
      vertex 52.0117 30.3981 0
    endloop
  endfacet
  facet normal 0 0 -1
    outer loop
      vertex 45.555 30.3981 0
      vertex 52.0117 30.3981 0
      vertex 45.6541 30.1208 0
    endloop
  endfacet
  facet normal 0 0 -1
    outer loop
      vertex 45.6541 30.1208 0
      vertex 51.9125 30.1208 0
      vertex 45.7257 29.8353 0
    endloop
  endfacet
  facet normal 0 0 -1
    outer loop
      vertex 52.0117 30.3981 0
      vertex 45.555 30.3981 0
      vertex 52.1376 30.6642 0
    endloop
  endfacet
  facet normal 0 0 -1
    outer loop
      vertex 51.841 29.8353 0
      vertex 45.7257 29.8353 0
      vertex 51.9125 30.1208 0
    endloop
  endfacet
  facet normal 0 0 -1
    outer loop
      vertex 52.4643 39.3468 0
      vertex 45.7833 41.25 0
      vertex 52.2889 39.5833 0
    endloop
  endfacet
  facet normal 0 0 -1
    outer loop
      vertex 45.7257 29.8353 0
      vertex 51.841 29.8353 0
      vertex 45.7689 29.5441 0
    endloop
  endfacet
  facet normal 0 0 -1
    outer loop
      vertex 52.2889 39.5833 0
      vertex 45.7833 41.25 0
      vertex 52.1376 39.8358 0
    endloop
  endfacet
  facet normal 0 0 -1
    outer loop
      vertex 51.7978 29.5441 0
      vertex 45.7689 29.5441 0
      vertex 51.841 29.8353 0
    endloop
  endfacet
  facet normal 0 0 -1
    outer loop
      vertex 52.1376 39.8358 0
      vertex 45.7833 41.25 0
      vertex 52.0117 40.1019 0
    endloop
  endfacet
  facet normal 0 0 -1
    outer loop
      vertex 45.7689 29.5441 0
      vertex 51.7978 29.5441 0
      vertex 45.7833 29.25 0
    endloop
  endfacet
  facet normal 0 0 -1
    outer loop
      vertex 52.0117 40.1019 0
      vertex 45.7833 41.25 0
      vertex 51.9125 40.3792 0
    endloop
  endfacet
  facet normal 0 0 -1
    outer loop
      vertex 45.7833 29.25 0
      vertex 51.7978 29.5441 0
      vertex 51.7833 29.25 0
    endloop
  endfacet
  facet normal 0 0 -1
    outer loop
      vertex 51.9125 40.3792 0
      vertex 45.7833 41.25 0
      vertex 51.841 40.6647 0
    endloop
  endfacet
  facet normal 0 0 -1
    outer loop
      vertex 117.292 118.835 0
      vertex 133.35 145.657 0
      vertex 117.336 118.544 0
    endloop
  endfacet
  facet normal 0 0 -1
    outer loop
      vertex 133.35 145.657 0
      vertex 117.336 129.956 0
      vertex 117.35 130.25 0
    endloop
  endfacet
  facet normal 0 0 -1
    outer loop
      vertex 117.292 129.665 0
      vertex 133.35 145.657 0
      vertex 117.292 118.835 0
    endloop
  endfacet
  facet normal 0 0 -1
    outer loop
      vertex 133.35 145.657 0
      vertex 117.292 129.665 0
      vertex 117.336 129.956 0
    endloop
  endfacet
  facet normal 0 0 -1
    outer loop
      vertex 117.221 119.121 0
      vertex 117.292 129.665 0
      vertex 117.292 118.835 0
    endloop
  endfacet
  facet normal 0 0 -1
    outer loop
      vertex 117.221 119.121 0
      vertex 117.221 129.379 0
      vertex 117.292 129.665 0
    endloop
  endfacet
  facet normal 0 0 -1
    outer loop
      vertex 117.122 119.398 0
      vertex 117.221 129.379 0
      vertex 117.221 119.121 0
    endloop
  endfacet
  facet normal 0 0 -1
    outer loop
      vertex 117.122 119.398 0
      vertex 117.122 129.102 0
      vertex 117.221 129.379 0
    endloop
  endfacet
  facet normal 0 0 -1
    outer loop
      vertex 116.996 119.664 0
      vertex 117.122 129.102 0
      vertex 117.122 119.398 0
    endloop
  endfacet
  facet normal 0 0 -1
    outer loop
      vertex 116.996 119.664 0
      vertex 116.996 128.836 0
      vertex 117.122 129.102 0
    endloop
  endfacet
  facet normal 0 0 -1
    outer loop
      vertex 116.844 119.917 0
      vertex 116.996 128.836 0
      vertex 116.996 119.664 0
    endloop
  endfacet
  facet normal 0 0 -1
    outer loop
      vertex 116.844 119.917 0
      vertex 116.844 128.583 0
      vertex 116.996 128.836 0
    endloop
  endfacet
  facet normal 0 0 -1
    outer loop
      vertex 116.669 120.153 0
      vertex 116.844 128.583 0
      vertex 116.844 119.917 0
    endloop
  endfacet
  facet normal 0 0 -1
    outer loop
      vertex 116.669 120.153 0
      vertex 116.669 128.347 0
      vertex 116.844 128.583 0
    endloop
  endfacet
  facet normal 0 0 -1
    outer loop
      vertex 116.471 120.371 0
      vertex 116.669 128.347 0
      vertex 116.669 120.153 0
    endloop
  endfacet
  facet normal 0 0 -1
    outer loop
      vertex 116.471 120.371 0
      vertex 116.471 128.129 0
      vertex 116.669 128.347 0
    endloop
  endfacet
  facet normal 0 0 -1
    outer loop
      vertex 116.253 120.569 0
      vertex 116.471 128.129 0
      vertex 116.471 120.371 0
    endloop
  endfacet
  facet normal 0 0 -1
    outer loop
      vertex 116.253 120.569 0
      vertex 116.253 127.931 0
      vertex 116.471 128.129 0
    endloop
  endfacet
  facet normal 0 0 -1
    outer loop
      vertex 116.017 120.744 0
      vertex 116.253 127.931 0
      vertex 116.253 120.569 0
    endloop
  endfacet
  facet normal 0 0 -1
    outer loop
      vertex 116.017 120.744 0
      vertex 116.017 127.756 0
      vertex 116.253 127.931 0
    endloop
  endfacet
  facet normal 0 0 -1
    outer loop
      vertex 115.764 120.896 0
      vertex 116.017 127.756 0
      vertex 116.017 120.744 0
    endloop
  endfacet
  facet normal 0 0 -1
    outer loop
      vertex 115.764 120.896 0
      vertex 115.764 127.604 0
      vertex 116.017 127.756 0
    endloop
  endfacet
  facet normal 0 0 -1
    outer loop
      vertex 115.498 121.022 0
      vertex 115.764 127.604 0
      vertex 115.764 120.896 0
    endloop
  endfacet
  facet normal 0 0 -1
    outer loop
      vertex 115.498 121.022 0
      vertex 115.498 127.478 0
      vertex 115.764 127.604 0
    endloop
  endfacet
  facet normal 0 0 -1
    outer loop
      vertex 115.221 121.121 0
      vertex 115.498 127.478 0
      vertex 115.498 121.022 0
    endloop
  endfacet
  facet normal 0 0 -1
    outer loop
      vertex 115.221 121.121 0
      vertex 115.221 127.379 0
      vertex 115.498 127.478 0
    endloop
  endfacet
  facet normal 0 0 -1
    outer loop
      vertex 114.935 121.192 0
      vertex 115.221 127.379 0
      vertex 115.221 121.121 0
    endloop
  endfacet
  facet normal 0 0 -1
    outer loop
      vertex 114.935 121.192 0
      vertex 114.935 127.308 0
      vertex 115.221 127.379 0
    endloop
  endfacet
  facet normal 0 0 -1
    outer loop
      vertex 114.644 121.236 0
      vertex 114.935 127.308 0
      vertex 114.935 121.192 0
    endloop
  endfacet
  facet normal 0 0 -1
    outer loop
      vertex 114.644 121.236 0
      vertex 114.644 127.264 0
      vertex 114.935 127.308 0
    endloop
  endfacet
  facet normal 0 0 -1
    outer loop
      vertex 114.35 121.25 0
      vertex 114.644 127.264 0
      vertex 114.644 121.236 0
    endloop
  endfacet
  facet normal 0 0 -1
    outer loop
      vertex 114.35 121.25 0
      vertex 114.35 127.25 0
      vertex 114.644 127.264 0
    endloop
  endfacet
  facet normal 0 0 -1
    outer loop
      vertex 90.5667 121.25 0
      vertex 114.35 127.25 0
      vertex 114.35 121.25 0
    endloop
  endfacet
  facet normal 0 0 -1
    outer loop
      vertex 90.5667 121.25 0
      vertex 90.5667 127.25 0
      vertex 114.35 127.25 0
    endloop
  endfacet
  facet normal 0 0 -1
    outer loop
      vertex 90.2726 121.236 0
      vertex 90.5667 127.25 0
      vertex 90.5667 121.25 0
    endloop
  endfacet
  facet normal 0 0 -1
    outer loop
      vertex 90.2726 121.236 0
      vertex 90.2726 127.264 0
      vertex 90.5667 127.25 0
    endloop
  endfacet
  facet normal 0 0 -1
    outer loop
      vertex 89.9814 121.192 0
      vertex 90.2726 127.264 0
      vertex 90.2726 121.236 0
    endloop
  endfacet
  facet normal 0 0 -1
    outer loop
      vertex 89.9814 121.192 0
      vertex 89.9814 127.308 0
      vertex 90.2726 127.264 0
    endloop
  endfacet
  facet normal 0 0 -1
    outer loop
      vertex 89.6958 121.121 0
      vertex 89.9814 127.308 0
      vertex 89.9814 121.192 0
    endloop
  endfacet
  facet normal 0 0 -1
    outer loop
      vertex 89.6958 121.121 0
      vertex 89.6958 127.379 0
      vertex 89.9814 127.308 0
    endloop
  endfacet
  facet normal 0 0 -1
    outer loop
      vertex 89.4186 121.022 0
      vertex 89.6958 127.379 0
      vertex 89.6958 121.121 0
    endloop
  endfacet
  facet normal 0 0 -1
    outer loop
      vertex 89.4186 121.022 0
      vertex 89.4186 127.478 0
      vertex 89.6958 127.379 0
    endloop
  endfacet
  facet normal 0 0 -1
    outer loop
      vertex 89.1525 120.896 0
      vertex 89.4186 127.478 0
      vertex 89.4186 121.022 0
    endloop
  endfacet
  facet normal 0 0 -1
    outer loop
      vertex 89.1525 120.896 0
      vertex 89.1525 127.604 0
      vertex 89.4186 127.478 0
    endloop
  endfacet
  facet normal 0 0 -1
    outer loop
      vertex 88.8999 120.744 0
      vertex 89.1525 127.604 0
      vertex 89.1525 120.896 0
    endloop
  endfacet
  facet normal 0 0 -1
    outer loop
      vertex 88.8999 120.744 0
      vertex 88.8999 127.756 0
      vertex 89.1525 127.604 0
    endloop
  endfacet
  facet normal 0 0 -1
    outer loop
      vertex 88.6635 120.569 0
      vertex 88.8999 127.756 0
      vertex 88.8999 120.744 0
    endloop
  endfacet
  facet normal 0 0 -1
    outer loop
      vertex 88.6635 120.569 0
      vertex 88.6635 127.931 0
      vertex 88.8999 127.756 0
    endloop
  endfacet
  facet normal 0 0 -1
    outer loop
      vertex 88.4453 120.371 0
      vertex 88.6635 127.931 0
      vertex 88.6635 120.569 0
    endloop
  endfacet
  facet normal 0 0 -1
    outer loop
      vertex 88.4453 120.371 0
      vertex 88.4453 128.129 0
      vertex 88.6635 127.931 0
    endloop
  endfacet
  facet normal 0 0 -1
    outer loop
      vertex 88.2476 120.153 0
      vertex 88.4453 128.129 0
      vertex 88.4453 120.371 0
    endloop
  endfacet
  facet normal 0 0 -1
    outer loop
      vertex 88.2476 120.153 0
      vertex 88.2476 128.347 0
      vertex 88.4453 128.129 0
    endloop
  endfacet
  facet normal 0 0 -1
    outer loop
      vertex 87.6958 119.121 0
      vertex 81.4375 119.121 0
      vertex 87.795 119.398 0
    endloop
  endfacet
  facet normal 0 0 -1
    outer loop
      vertex 81.3383 119.398 0
      vertex 87.795 119.398 0
      vertex 81.4375 119.121 0
    endloop
  endfacet
  facet normal 0 0 -1
    outer loop
      vertex 81.4375 119.121 0
      vertex 87.6958 119.121 0
      vertex 81.509 118.835 0
    endloop
  endfacet
  facet normal 0 0 -1
    outer loop
      vertex 87.795 119.398 0
      vertex 81.3383 119.398 0
      vertex 87.9209 119.664 0
    endloop
  endfacet
  facet normal 0 0 -1
    outer loop
      vertex 87.6243 118.835 0
      vertex 81.509 118.835 0
      vertex 87.6958 119.121 0
    endloop
  endfacet
  facet normal 0 0 -1
    outer loop
      vertex 88.2476 128.347 0
      vertex 81.5667 130.25 0
      vertex 88.0723 128.583 0
    endloop
  endfacet
  facet normal 0 0 -1
    outer loop
      vertex 81.509 118.835 0
      vertex 87.6243 118.835 0
      vertex 81.5522 118.544 0
    endloop
  endfacet
  facet normal 0 0 -1
    outer loop
      vertex 88.0723 128.583 0
      vertex 81.5667 130.25 0
      vertex 87.9209 128.836 0
    endloop
  endfacet
  facet normal 0 0 -1
    outer loop
      vertex 87.5811 118.544 0
      vertex 81.5522 118.544 0
      vertex 87.6243 118.835 0
    endloop
  endfacet
  facet normal 0 0 -1
    outer loop
      vertex 87.9209 128.836 0
      vertex 81.5667 130.25 0
      vertex 87.795 129.102 0
    endloop
  endfacet
  facet normal 0 0 -1
    outer loop
      vertex 81.5522 118.544 0
      vertex 87.5811 118.544 0
      vertex 81.5667 118.25 0
    endloop
  endfacet
  facet normal 0 0 -1
    outer loop
      vertex 87.795 129.102 0
      vertex 81.5667 130.25 0
      vertex 87.6958 129.379 0
    endloop
  endfacet
  facet normal 0 0 -1
    outer loop
      vertex 81.5667 118.25 0
      vertex 87.5811 118.544 0
      vertex 87.5667 118.25 0
    endloop
  endfacet
  facet normal 0 0 -1
    outer loop
      vertex 87.6958 129.379 0
      vertex 81.5667 130.25 0
      vertex 87.6243 129.665 0
    endloop
  endfacet
  facet normal 0 0 -1
    outer loop
      vertex 117.336 107.706 0
      vertex 133.35 145.657 0
      vertex 117.336 96.2941 0
    endloop
  endfacet
  facet normal 0 0 -1
    outer loop
      vertex 133.35 145.657 0
      vertex 117.336 107.706 0
      vertex 117.35 108 0
    endloop
  endfacet
  facet normal 0 0 -1
    outer loop
      vertex 117.292 96.5853 0
      vertex 117.336 107.706 0
      vertex 117.336 96.2941 0
    endloop
  endfacet
  facet normal 0 0 -1
    outer loop
      vertex 117.292 96.5853 0
      vertex 117.292 107.415 0
      vertex 117.336 107.706 0
    endloop
  endfacet
  facet normal 0 0 -1
    outer loop
      vertex 117.221 96.8708 0
      vertex 117.292 107.415 0
      vertex 117.292 96.5853 0
    endloop
  endfacet
  facet normal 0 0 -1
    outer loop
      vertex 117.221 96.8708 0
      vertex 117.221 107.129 0
      vertex 117.292 107.415 0
    endloop
  endfacet
  facet normal 0 0 -1
    outer loop
      vertex 117.122 97.1481 0
      vertex 117.221 107.129 0
      vertex 117.221 96.8708 0
    endloop
  endfacet
  facet normal 0 0 -1
    outer loop
      vertex 117.122 97.1481 0
      vertex 117.122 106.852 0
      vertex 117.221 107.129 0
    endloop
  endfacet
  facet normal 0 0 -1
    outer loop
      vertex 116.996 97.4142 0
      vertex 117.122 106.852 0
      vertex 117.122 97.1481 0
    endloop
  endfacet
  facet normal 0 0 -1
    outer loop
      vertex 116.996 97.4142 0
      vertex 116.996 106.586 0
      vertex 117.122 106.852 0
    endloop
  endfacet
  facet normal 0 0 -1
    outer loop
      vertex 116.844 97.6667 0
      vertex 116.996 106.586 0
      vertex 116.996 97.4142 0
    endloop
  endfacet
  facet normal 0 0 -1
    outer loop
      vertex 116.844 97.6667 0
      vertex 116.844 106.333 0
      vertex 116.996 106.586 0
    endloop
  endfacet
  facet normal 0 0 -1
    outer loop
      vertex 116.669 97.9032 0
      vertex 116.844 106.333 0
      vertex 116.844 97.6667 0
    endloop
  endfacet
  facet normal 0 0 -1
    outer loop
      vertex 116.669 97.9032 0
      vertex 116.669 106.097 0
      vertex 116.844 106.333 0
    endloop
  endfacet
  facet normal 0 0 -1
    outer loop
      vertex 116.471 98.1213 0
      vertex 116.669 106.097 0
      vertex 116.669 97.9032 0
    endloop
  endfacet
  facet normal 0 0 -1
    outer loop
      vertex 116.471 98.1213 0
      vertex 116.471 105.879 0
      vertex 116.669 106.097 0
    endloop
  endfacet
  facet normal 0 0 -1
    outer loop
      vertex 116.253 98.319 0
      vertex 116.471 105.879 0
      vertex 116.471 98.1213 0
    endloop
  endfacet
  facet normal 0 0 -1
    outer loop
      vertex 116.253 98.319 0
      vertex 116.253 105.681 0
      vertex 116.471 105.879 0
    endloop
  endfacet
  facet normal 0 0 -1
    outer loop
      vertex 116.017 98.4944 0
      vertex 116.253 105.681 0
      vertex 116.253 98.319 0
    endloop
  endfacet
  facet normal 0 0 -1
    outer loop
      vertex 116.017 98.4944 0
      vertex 116.017 105.506 0
      vertex 116.253 105.681 0
    endloop
  endfacet
  facet normal 0 0 -1
    outer loop
      vertex 115.764 98.6458 0
      vertex 116.017 105.506 0
      vertex 116.017 98.4944 0
    endloop
  endfacet
  facet normal 0 0 -1
    outer loop
      vertex 115.764 98.6458 0
      vertex 115.764 105.354 0
      vertex 116.017 105.506 0
    endloop
  endfacet
  facet normal 0 0 -1
    outer loop
      vertex 115.498 98.7716 0
      vertex 115.764 105.354 0
      vertex 115.764 98.6458 0
    endloop
  endfacet
  facet normal 0 0 -1
    outer loop
      vertex 115.498 98.7716 0
      vertex 115.498 105.228 0
      vertex 115.764 105.354 0
    endloop
  endfacet
  facet normal 0 0 -1
    outer loop
      vertex 115.221 98.8708 0
      vertex 115.498 105.228 0
      vertex 115.498 98.7716 0
    endloop
  endfacet
  facet normal 0 0 -1
    outer loop
      vertex 115.221 98.8708 0
      vertex 115.221 105.129 0
      vertex 115.498 105.228 0
    endloop
  endfacet
  facet normal 0 0 -1
    outer loop
      vertex 114.935 98.9424 0
      vertex 115.221 105.129 0
      vertex 115.221 98.8708 0
    endloop
  endfacet
  facet normal 0 0 -1
    outer loop
      vertex 114.935 98.9424 0
      vertex 114.935 105.058 0
      vertex 115.221 105.129 0
    endloop
  endfacet
  facet normal 0 0 -1
    outer loop
      vertex 114.644 98.9855 0
      vertex 114.935 105.058 0
      vertex 114.935 98.9424 0
    endloop
  endfacet
  facet normal 0 0 -1
    outer loop
      vertex 114.644 98.9855 0
      vertex 114.644 105.014 0
      vertex 114.935 105.058 0
    endloop
  endfacet
  facet normal 0 0 -1
    outer loop
      vertex 114.35 99 0
      vertex 114.644 105.014 0
      vertex 114.644 98.9855 0
    endloop
  endfacet
  facet normal 0 0 -1
    outer loop
      vertex 114.35 99 0
      vertex 114.35 105 0
      vertex 114.644 105.014 0
    endloop
  endfacet
  facet normal 0 0 -1
    outer loop
      vertex 90.5667 99 0
      vertex 114.35 105 0
      vertex 114.35 99 0
    endloop
  endfacet
  facet normal 0 0 -1
    outer loop
      vertex 90.5667 99 0
      vertex 90.5667 105 0
      vertex 114.35 105 0
    endloop
  endfacet
  facet normal 0 0 -1
    outer loop
      vertex 90.2726 98.9855 0
      vertex 90.5667 105 0
      vertex 90.5667 99 0
    endloop
  endfacet
  facet normal 0 0 -1
    outer loop
      vertex 90.2726 98.9855 0
      vertex 90.2726 105.014 0
      vertex 90.5667 105 0
    endloop
  endfacet
  facet normal 0 0 -1
    outer loop
      vertex 89.9814 98.9424 0
      vertex 90.2726 105.014 0
      vertex 90.2726 98.9855 0
    endloop
  endfacet
  facet normal 0 0 -1
    outer loop
      vertex 89.9814 98.9424 0
      vertex 89.9814 105.058 0
      vertex 90.2726 105.014 0
    endloop
  endfacet
  facet normal 0 0 -1
    outer loop
      vertex 89.6958 98.8708 0
      vertex 89.9814 105.058 0
      vertex 89.9814 98.9424 0
    endloop
  endfacet
  facet normal 0 0 -1
    outer loop
      vertex 89.6958 98.8708 0
      vertex 89.6958 105.129 0
      vertex 89.9814 105.058 0
    endloop
  endfacet
  facet normal 0 0 -1
    outer loop
      vertex 89.4186 98.7716 0
      vertex 89.6958 105.129 0
      vertex 89.6958 98.8708 0
    endloop
  endfacet
  facet normal 0 0 -1
    outer loop
      vertex 89.4186 98.7716 0
      vertex 89.4186 105.228 0
      vertex 89.6958 105.129 0
    endloop
  endfacet
  facet normal 0 0 -1
    outer loop
      vertex 89.1525 98.6458 0
      vertex 89.4186 105.228 0
      vertex 89.4186 98.7716 0
    endloop
  endfacet
  facet normal 0 0 -1
    outer loop
      vertex 89.1525 98.6458 0
      vertex 89.1525 105.354 0
      vertex 89.4186 105.228 0
    endloop
  endfacet
  facet normal 0 0 -1
    outer loop
      vertex 88.8999 98.4944 0
      vertex 89.1525 105.354 0
      vertex 89.1525 98.6458 0
    endloop
  endfacet
  facet normal 0 0 -1
    outer loop
      vertex 88.8999 98.4944 0
      vertex 88.8999 105.506 0
      vertex 89.1525 105.354 0
    endloop
  endfacet
  facet normal 0 0 -1
    outer loop
      vertex 88.6635 98.319 0
      vertex 88.8999 105.506 0
      vertex 88.8999 98.4944 0
    endloop
  endfacet
  facet normal 0 0 -1
    outer loop
      vertex 88.6635 98.319 0
      vertex 88.6635 105.681 0
      vertex 88.8999 105.506 0
    endloop
  endfacet
  facet normal 0 0 -1
    outer loop
      vertex 88.4453 98.1213 0
      vertex 88.6635 105.681 0
      vertex 88.6635 98.319 0
    endloop
  endfacet
  facet normal 0 0 -1
    outer loop
      vertex 88.4453 98.1213 0
      vertex 88.4453 105.879 0
      vertex 88.6635 105.681 0
    endloop
  endfacet
  facet normal 0 0 -1
    outer loop
      vertex 88.2476 97.9032 0
      vertex 88.4453 105.879 0
      vertex 88.4453 98.1213 0
    endloop
  endfacet
  facet normal 0 0 -1
    outer loop
      vertex 88.2476 97.9032 0
      vertex 88.2476 106.097 0
      vertex 88.4453 105.879 0
    endloop
  endfacet
  facet normal 0 0 -1
    outer loop
      vertex 87.6958 96.8708 0
      vertex 81.4375 96.8708 0
      vertex 87.795 97.1481 0
    endloop
  endfacet
  facet normal 0 0 -1
    outer loop
      vertex 81.3383 97.1481 0
      vertex 87.795 97.1481 0
      vertex 81.4375 96.8708 0
    endloop
  endfacet
  facet normal 0 0 -1
    outer loop
      vertex 81.4375 96.8708 0
      vertex 87.6958 96.8708 0
      vertex 81.509 96.5853 0
    endloop
  endfacet
  facet normal 0 0 -1
    outer loop
      vertex 87.795 97.1481 0
      vertex 81.3383 97.1481 0
      vertex 87.9209 97.4142 0
    endloop
  endfacet
  facet normal 0 0 -1
    outer loop
      vertex 87.6243 96.5853 0
      vertex 81.509 96.5853 0
      vertex 87.6958 96.8708 0
    endloop
  endfacet
  facet normal 0 0 -1
    outer loop
      vertex 88.2476 106.097 0
      vertex 81.5667 108 0
      vertex 88.0723 106.333 0
    endloop
  endfacet
  facet normal 0 0 -1
    outer loop
      vertex 81.509 96.5853 0
      vertex 87.6243 96.5853 0
      vertex 81.5522 96.2941 0
    endloop
  endfacet
  facet normal 0 0 -1
    outer loop
      vertex 88.0723 106.333 0
      vertex 81.5667 108 0
      vertex 87.9209 106.586 0
    endloop
  endfacet
  facet normal 0 0 -1
    outer loop
      vertex 87.5811 96.2941 0
      vertex 81.5522 96.2941 0
      vertex 87.6243 96.5853 0
    endloop
  endfacet
  facet normal 0 0 -1
    outer loop
      vertex 87.9209 106.586 0
      vertex 81.5667 108 0
      vertex 87.795 106.852 0
    endloop
  endfacet
  facet normal 0 0 -1
    outer loop
      vertex 81.5522 96.2941 0
      vertex 87.5811 96.2941 0
      vertex 81.5667 96 0
    endloop
  endfacet
  facet normal 0 0 -1
    outer loop
      vertex 87.795 106.852 0
      vertex 81.5667 108 0
      vertex 87.6958 107.129 0
    endloop
  endfacet
  facet normal 0 0 -1
    outer loop
      vertex 81.5667 96 0
      vertex 87.5811 96.2941 0
      vertex 87.5667 96 0
    endloop
  endfacet
  facet normal 0 0 -1
    outer loop
      vertex 87.6958 107.129 0
      vertex 81.5667 108 0
      vertex 87.6243 107.415 0
    endloop
  endfacet
  facet normal 0 0 -1
    outer loop
      vertex 117.336 74.0441 0
      vertex 117.35 85.75 0
      vertex 117.35 73.75 0
    endloop
  endfacet
  facet normal 0 0 -1
    outer loop
      vertex 117.336 74.0441 0
      vertex 117.336 85.4559 0
      vertex 117.35 85.75 0
    endloop
  endfacet
  facet normal 0 0 -1
    outer loop
      vertex 117.292 74.3353 0
      vertex 117.336 85.4559 0
      vertex 117.336 74.0441 0
    endloop
  endfacet
  facet normal 0 0 -1
    outer loop
      vertex 117.292 74.3353 0
      vertex 117.292 85.1647 0
      vertex 117.336 85.4559 0
    endloop
  endfacet
  facet normal 0 0 -1
    outer loop
      vertex 117.221 74.6208 0
      vertex 117.292 85.1647 0
      vertex 117.292 74.3353 0
    endloop
  endfacet
  facet normal 0 0 -1
    outer loop
      vertex 117.221 74.6208 0
      vertex 117.221 84.8792 0
      vertex 117.292 85.1647 0
    endloop
  endfacet
  facet normal 0 0 -1
    outer loop
      vertex 117.122 74.8981 0
      vertex 117.221 84.8792 0
      vertex 117.221 74.6208 0
    endloop
  endfacet
  facet normal 0 0 -1
    outer loop
      vertex 117.122 74.8981 0
      vertex 117.122 84.6019 0
      vertex 117.221 84.8792 0
    endloop
  endfacet
  facet normal 0 0 -1
    outer loop
      vertex 116.996 75.1642 0
      vertex 117.122 84.6019 0
      vertex 117.122 74.8981 0
    endloop
  endfacet
  facet normal 0 0 -1
    outer loop
      vertex 116.996 75.1642 0
      vertex 116.996 84.3358 0
      vertex 117.122 84.6019 0
    endloop
  endfacet
  facet normal 0 0 -1
    outer loop
      vertex 116.844 75.4167 0
      vertex 116.996 84.3358 0
      vertex 116.996 75.1642 0
    endloop
  endfacet
  facet normal 0 0 -1
    outer loop
      vertex 116.844 75.4167 0
      vertex 116.844 84.0833 0
      vertex 116.996 84.3358 0
    endloop
  endfacet
  facet normal 0 0 -1
    outer loop
      vertex 116.669 75.6532 0
      vertex 116.844 84.0833 0
      vertex 116.844 75.4167 0
    endloop
  endfacet
  facet normal 0 0 -1
    outer loop
      vertex 116.669 75.6532 0
      vertex 116.669 83.8468 0
      vertex 116.844 84.0833 0
    endloop
  endfacet
  facet normal 0 0 -1
    outer loop
      vertex 116.471 75.8713 0
      vertex 116.669 83.8468 0
      vertex 116.669 75.6532 0
    endloop
  endfacet
  facet normal 0 0 -1
    outer loop
      vertex 116.471 75.8713 0
      vertex 116.471 83.6287 0
      vertex 116.669 83.8468 0
    endloop
  endfacet
  facet normal 0 0 -1
    outer loop
      vertex 116.253 76.069 0
      vertex 116.471 83.6287 0
      vertex 116.471 75.8713 0
    endloop
  endfacet
  facet normal 0 0 -1
    outer loop
      vertex 116.253 76.069 0
      vertex 116.253 83.431 0
      vertex 116.471 83.6287 0
    endloop
  endfacet
  facet normal 0 0 -1
    outer loop
      vertex 116.017 76.2444 0
      vertex 116.253 83.431 0
      vertex 116.253 76.069 0
    endloop
  endfacet
  facet normal 0 0 -1
    outer loop
      vertex 116.017 76.2444 0
      vertex 116.017 83.2556 0
      vertex 116.253 83.431 0
    endloop
  endfacet
  facet normal 0 0 -1
    outer loop
      vertex 115.764 76.3958 0
      vertex 116.017 83.2556 0
      vertex 116.017 76.2444 0
    endloop
  endfacet
  facet normal 0 0 -1
    outer loop
      vertex 115.764 76.3958 0
      vertex 115.764 83.1042 0
      vertex 116.017 83.2556 0
    endloop
  endfacet
  facet normal 0 0 -1
    outer loop
      vertex 115.498 76.5216 0
      vertex 115.764 83.1042 0
      vertex 115.764 76.3958 0
    endloop
  endfacet
  facet normal 0 0 -1
    outer loop
      vertex 115.498 76.5216 0
      vertex 115.498 82.9784 0
      vertex 115.764 83.1042 0
    endloop
  endfacet
  facet normal 0 0 -1
    outer loop
      vertex 115.221 76.6208 0
      vertex 115.498 82.9784 0
      vertex 115.498 76.5216 0
    endloop
  endfacet
  facet normal 0 0 -1
    outer loop
      vertex 115.221 76.6208 0
      vertex 115.221 82.8792 0
      vertex 115.498 82.9784 0
    endloop
  endfacet
  facet normal 0 0 -1
    outer loop
      vertex 114.935 76.6924 0
      vertex 115.221 82.8792 0
      vertex 115.221 76.6208 0
    endloop
  endfacet
  facet normal 0 0 -1
    outer loop
      vertex 114.935 76.6924 0
      vertex 114.935 82.8076 0
      vertex 115.221 82.8792 0
    endloop
  endfacet
  facet normal 0 0 -1
    outer loop
      vertex 114.644 76.7355 0
      vertex 114.935 82.8076 0
      vertex 114.935 76.6924 0
    endloop
  endfacet
  facet normal 0 0 -1
    outer loop
      vertex 114.644 76.7355 0
      vertex 114.644 82.7645 0
      vertex 114.935 82.8076 0
    endloop
  endfacet
  facet normal 0 0 -1
    outer loop
      vertex 114.35 76.75 0
      vertex 114.644 82.7645 0
      vertex 114.644 76.7355 0
    endloop
  endfacet
  facet normal 0 0 -1
    outer loop
      vertex 114.35 76.75 0
      vertex 114.35 82.75 0
      vertex 114.644 82.7645 0
    endloop
  endfacet
  facet normal 0 0 -1
    outer loop
      vertex 90.5667 76.75 0
      vertex 114.35 82.75 0
      vertex 114.35 76.75 0
    endloop
  endfacet
  facet normal 0 0 -1
    outer loop
      vertex 90.5667 76.75 0
      vertex 90.5667 82.75 0
      vertex 114.35 82.75 0
    endloop
  endfacet
  facet normal 0 0 -1
    outer loop
      vertex 90.2726 76.7355 0
      vertex 90.5667 82.75 0
      vertex 90.5667 76.75 0
    endloop
  endfacet
  facet normal 0 0 -1
    outer loop
      vertex 90.2726 76.7355 0
      vertex 90.2726 82.7645 0
      vertex 90.5667 82.75 0
    endloop
  endfacet
  facet normal 0 0 -1
    outer loop
      vertex 89.9814 76.6924 0
      vertex 90.2726 82.7645 0
      vertex 90.2726 76.7355 0
    endloop
  endfacet
  facet normal 0 0 -1
    outer loop
      vertex 89.9814 76.6924 0
      vertex 89.9814 82.8076 0
      vertex 90.2726 82.7645 0
    endloop
  endfacet
  facet normal 0 0 -1
    outer loop
      vertex 89.6958 76.6208 0
      vertex 89.9814 82.8076 0
      vertex 89.9814 76.6924 0
    endloop
  endfacet
  facet normal 0 0 -1
    outer loop
      vertex 89.6958 76.6208 0
      vertex 89.6958 82.8792 0
      vertex 89.9814 82.8076 0
    endloop
  endfacet
  facet normal 0 0 -1
    outer loop
      vertex 89.4186 76.5216 0
      vertex 89.6958 82.8792 0
      vertex 89.6958 76.6208 0
    endloop
  endfacet
  facet normal 0 0 -1
    outer loop
      vertex 89.4186 76.5216 0
      vertex 89.4186 82.9784 0
      vertex 89.6958 82.8792 0
    endloop
  endfacet
  facet normal 0 0 -1
    outer loop
      vertex 89.1525 76.3958 0
      vertex 89.4186 82.9784 0
      vertex 89.4186 76.5216 0
    endloop
  endfacet
  facet normal 0 0 -1
    outer loop
      vertex 89.1525 76.3958 0
      vertex 89.1525 83.1042 0
      vertex 89.4186 82.9784 0
    endloop
  endfacet
  facet normal 0 0 -1
    outer loop
      vertex 88.8999 76.2444 0
      vertex 89.1525 83.1042 0
      vertex 89.1525 76.3958 0
    endloop
  endfacet
  facet normal 0 0 -1
    outer loop
      vertex 88.8999 76.2444 0
      vertex 88.8999 83.2556 0
      vertex 89.1525 83.1042 0
    endloop
  endfacet
  facet normal 0 0 -1
    outer loop
      vertex 88.6635 76.069 0
      vertex 88.8999 83.2556 0
      vertex 88.8999 76.2444 0
    endloop
  endfacet
  facet normal 0 0 -1
    outer loop
      vertex 88.6635 76.069 0
      vertex 88.6635 83.431 0
      vertex 88.8999 83.2556 0
    endloop
  endfacet
  facet normal 0 0 -1
    outer loop
      vertex 88.4453 75.8713 0
      vertex 88.6635 83.431 0
      vertex 88.6635 76.069 0
    endloop
  endfacet
  facet normal 0 0 -1
    outer loop
      vertex 88.4453 75.8713 0
      vertex 88.4453 83.6287 0
      vertex 88.6635 83.431 0
    endloop
  endfacet
  facet normal 0 0 -1
    outer loop
      vertex 88.2476 75.6532 0
      vertex 88.4453 83.6287 0
      vertex 88.4453 75.8713 0
    endloop
  endfacet
  facet normal 0 0 -1
    outer loop
      vertex 88.2476 75.6532 0
      vertex 88.2476 83.8468 0
      vertex 88.4453 83.6287 0
    endloop
  endfacet
  facet normal 0 0 -1
    outer loop
      vertex 87.6958 74.6208 0
      vertex 81.4375 74.6208 0
      vertex 87.795 74.8981 0
    endloop
  endfacet
  facet normal 0 0 -1
    outer loop
      vertex 81.3383 74.8981 0
      vertex 87.795 74.8981 0
      vertex 81.4375 74.6208 0
    endloop
  endfacet
  facet normal 0 0 -1
    outer loop
      vertex 81.4375 74.6208 0
      vertex 87.6958 74.6208 0
      vertex 81.509 74.3353 0
    endloop
  endfacet
  facet normal 0 0 -1
    outer loop
      vertex 87.795 74.8981 0
      vertex 81.3383 74.8981 0
      vertex 87.9209 75.1642 0
    endloop
  endfacet
  facet normal 0 0 -1
    outer loop
      vertex 87.6243 74.3353 0
      vertex 81.509 74.3353 0
      vertex 87.6958 74.6208 0
    endloop
  endfacet
  facet normal 0 0 -1
    outer loop
      vertex 88.2476 83.8468 0
      vertex 81.5667 85.75 0
      vertex 88.0723 84.0833 0
    endloop
  endfacet
  facet normal 0 0 -1
    outer loop
      vertex 81.509 74.3353 0
      vertex 87.6243 74.3353 0
      vertex 81.5522 74.0441 0
    endloop
  endfacet
  facet normal 0 0 -1
    outer loop
      vertex 88.0723 84.0833 0
      vertex 81.5667 85.75 0
      vertex 87.9209 84.3358 0
    endloop
  endfacet
  facet normal 0 0 -1
    outer loop
      vertex 87.5811 74.0441 0
      vertex 81.5522 74.0441 0
      vertex 87.6243 74.3353 0
    endloop
  endfacet
  facet normal 0 0 -1
    outer loop
      vertex 87.9209 84.3358 0
      vertex 81.5667 85.75 0
      vertex 87.795 84.6019 0
    endloop
  endfacet
  facet normal 0 0 -1
    outer loop
      vertex 81.5522 74.0441 0
      vertex 87.5811 74.0441 0
      vertex 81.5667 73.75 0
    endloop
  endfacet
  facet normal 0 0 -1
    outer loop
      vertex 87.795 84.6019 0
      vertex 81.5667 85.75 0
      vertex 87.6958 84.8792 0
    endloop
  endfacet
  facet normal 0 0 -1
    outer loop
      vertex 81.5667 73.75 0
      vertex 87.5811 74.0441 0
      vertex 87.5667 73.75 0
    endloop
  endfacet
  facet normal 0 0 -1
    outer loop
      vertex 87.6958 84.8792 0
      vertex 81.5667 85.75 0
      vertex 87.6243 85.1647 0
    endloop
  endfacet
  facet normal 0 0 -1
    outer loop
      vertex 117.336 51.7941 0
      vertex 117.35 63.5 0
      vertex 117.35 51.5 0
    endloop
  endfacet
  facet normal 0 0 -1
    outer loop
      vertex 117.336 51.7941 0
      vertex 117.336 63.2059 0
      vertex 117.35 63.5 0
    endloop
  endfacet
  facet normal 0 0 -1
    outer loop
      vertex 117.292 52.0853 0
      vertex 117.336 63.2059 0
      vertex 117.336 51.7941 0
    endloop
  endfacet
  facet normal 0 0 -1
    outer loop
      vertex 117.292 52.0853 0
      vertex 117.292 62.9147 0
      vertex 117.336 63.2059 0
    endloop
  endfacet
  facet normal 0 0 -1
    outer loop
      vertex 117.221 52.3708 0
      vertex 117.292 62.9147 0
      vertex 117.292 52.0853 0
    endloop
  endfacet
  facet normal 0 0 -1
    outer loop
      vertex 117.221 52.3708 0
      vertex 117.221 62.6292 0
      vertex 117.292 62.9147 0
    endloop
  endfacet
  facet normal 0 0 -1
    outer loop
      vertex 117.122 52.6481 0
      vertex 117.221 62.6292 0
      vertex 117.221 52.3708 0
    endloop
  endfacet
  facet normal 0 0 -1
    outer loop
      vertex 117.122 52.6481 0
      vertex 117.122 62.3519 0
      vertex 117.221 62.6292 0
    endloop
  endfacet
  facet normal 0 0 -1
    outer loop
      vertex 116.996 52.9142 0
      vertex 117.122 62.3519 0
      vertex 117.122 52.6481 0
    endloop
  endfacet
  facet normal 0 0 -1
    outer loop
      vertex 116.996 52.9142 0
      vertex 116.996 62.0858 0
      vertex 117.122 62.3519 0
    endloop
  endfacet
  facet normal 0 0 -1
    outer loop
      vertex 116.844 53.1667 0
      vertex 116.996 62.0858 0
      vertex 116.996 52.9142 0
    endloop
  endfacet
  facet normal 0 0 -1
    outer loop
      vertex 116.844 53.1667 0
      vertex 116.844 61.8333 0
      vertex 116.996 62.0858 0
    endloop
  endfacet
  facet normal 0 0 -1
    outer loop
      vertex 116.669 53.4032 0
      vertex 116.844 61.8333 0
      vertex 116.844 53.1667 0
    endloop
  endfacet
  facet normal 0 0 -1
    outer loop
      vertex 116.669 53.4032 0
      vertex 116.669 61.5968 0
      vertex 116.844 61.8333 0
    endloop
  endfacet
  facet normal 0 0 -1
    outer loop
      vertex 116.471 53.6213 0
      vertex 116.669 61.5968 0
      vertex 116.669 53.4032 0
    endloop
  endfacet
  facet normal 0 0 -1
    outer loop
      vertex 116.471 53.6213 0
      vertex 116.471 61.3787 0
      vertex 116.669 61.5968 0
    endloop
  endfacet
  facet normal 0 0 -1
    outer loop
      vertex 116.253 53.819 0
      vertex 116.471 61.3787 0
      vertex 116.471 53.6213 0
    endloop
  endfacet
  facet normal 0 0 -1
    outer loop
      vertex 116.253 53.819 0
      vertex 116.253 61.181 0
      vertex 116.471 61.3787 0
    endloop
  endfacet
  facet normal 0 0 -1
    outer loop
      vertex 116.017 53.9944 0
      vertex 116.253 61.181 0
      vertex 116.253 53.819 0
    endloop
  endfacet
  facet normal 0 0 -1
    outer loop
      vertex 116.017 53.9944 0
      vertex 116.017 61.0056 0
      vertex 116.253 61.181 0
    endloop
  endfacet
  facet normal 0 0 -1
    outer loop
      vertex 115.764 54.1458 0
      vertex 116.017 61.0056 0
      vertex 116.017 53.9944 0
    endloop
  endfacet
  facet normal 0 0 -1
    outer loop
      vertex 115.764 54.1458 0
      vertex 115.764 60.8542 0
      vertex 116.017 61.0056 0
    endloop
  endfacet
  facet normal 0 0 -1
    outer loop
      vertex 115.498 54.2716 0
      vertex 115.764 60.8542 0
      vertex 115.764 54.1458 0
    endloop
  endfacet
  facet normal 0 0 -1
    outer loop
      vertex 115.498 54.2716 0
      vertex 115.498 60.7284 0
      vertex 115.764 60.8542 0
    endloop
  endfacet
  facet normal 0 0 -1
    outer loop
      vertex 115.221 54.3708 0
      vertex 115.498 60.7284 0
      vertex 115.498 54.2716 0
    endloop
  endfacet
  facet normal 0 0 -1
    outer loop
      vertex 115.221 54.3708 0
      vertex 115.221 60.6292 0
      vertex 115.498 60.7284 0
    endloop
  endfacet
  facet normal 0 0 -1
    outer loop
      vertex 114.935 54.4424 0
      vertex 115.221 60.6292 0
      vertex 115.221 54.3708 0
    endloop
  endfacet
  facet normal 0 0 -1
    outer loop
      vertex 114.935 54.4424 0
      vertex 114.935 60.5576 0
      vertex 115.221 60.6292 0
    endloop
  endfacet
  facet normal 0 0 -1
    outer loop
      vertex 114.644 54.4855 0
      vertex 114.935 60.5576 0
      vertex 114.935 54.4424 0
    endloop
  endfacet
  facet normal 0 0 -1
    outer loop
      vertex 114.644 54.4855 0
      vertex 114.644 60.5145 0
      vertex 114.935 60.5576 0
    endloop
  endfacet
  facet normal 0 0 -1
    outer loop
      vertex 114.35 54.5 0
      vertex 114.644 60.5145 0
      vertex 114.644 54.4855 0
    endloop
  endfacet
  facet normal 0 0 -1
    outer loop
      vertex 114.35 54.5 0
      vertex 114.35 60.5 0
      vertex 114.644 60.5145 0
    endloop
  endfacet
  facet normal 0 0 -1
    outer loop
      vertex 90.5667 54.5 0
      vertex 114.35 60.5 0
      vertex 114.35 54.5 0
    endloop
  endfacet
  facet normal 0 0 -1
    outer loop
      vertex 90.5667 54.5 0
      vertex 90.5667 60.5 0
      vertex 114.35 60.5 0
    endloop
  endfacet
  facet normal 0 0 -1
    outer loop
      vertex 90.2726 54.4855 0
      vertex 90.5667 60.5 0
      vertex 90.5667 54.5 0
    endloop
  endfacet
  facet normal 0 0 -1
    outer loop
      vertex 90.2726 54.4855 0
      vertex 90.2726 60.5145 0
      vertex 90.5667 60.5 0
    endloop
  endfacet
  facet normal 0 0 -1
    outer loop
      vertex 89.9814 54.4424 0
      vertex 90.2726 60.5145 0
      vertex 90.2726 54.4855 0
    endloop
  endfacet
  facet normal 0 0 -1
    outer loop
      vertex 89.9814 54.4424 0
      vertex 89.9814 60.5576 0
      vertex 90.2726 60.5145 0
    endloop
  endfacet
  facet normal 0 0 -1
    outer loop
      vertex 89.6958 54.3708 0
      vertex 89.9814 60.5576 0
      vertex 89.9814 54.4424 0
    endloop
  endfacet
  facet normal 0 0 -1
    outer loop
      vertex 89.6958 54.3708 0
      vertex 89.6958 60.6292 0
      vertex 89.9814 60.5576 0
    endloop
  endfacet
  facet normal 0 0 -1
    outer loop
      vertex 89.4186 54.2716 0
      vertex 89.6958 60.6292 0
      vertex 89.6958 54.3708 0
    endloop
  endfacet
  facet normal 0 0 -1
    outer loop
      vertex 89.4186 54.2716 0
      vertex 89.4186 60.7284 0
      vertex 89.6958 60.6292 0
    endloop
  endfacet
  facet normal 0 0 -1
    outer loop
      vertex 89.1525 54.1458 0
      vertex 89.4186 60.7284 0
      vertex 89.4186 54.2716 0
    endloop
  endfacet
  facet normal 0 0 -1
    outer loop
      vertex 89.1525 54.1458 0
      vertex 89.1525 60.8542 0
      vertex 89.4186 60.7284 0
    endloop
  endfacet
  facet normal 0 0 -1
    outer loop
      vertex 88.8999 53.9944 0
      vertex 89.1525 60.8542 0
      vertex 89.1525 54.1458 0
    endloop
  endfacet
  facet normal 0 0 -1
    outer loop
      vertex 88.8999 53.9944 0
      vertex 88.8999 61.0056 0
      vertex 89.1525 60.8542 0
    endloop
  endfacet
  facet normal 0 0 -1
    outer loop
      vertex 88.6635 53.819 0
      vertex 88.8999 61.0056 0
      vertex 88.8999 53.9944 0
    endloop
  endfacet
  facet normal 0 0 -1
    outer loop
      vertex 88.6635 53.819 0
      vertex 88.6635 61.181 0
      vertex 88.8999 61.0056 0
    endloop
  endfacet
  facet normal 0 0 -1
    outer loop
      vertex 88.4453 53.6213 0
      vertex 88.6635 61.181 0
      vertex 88.6635 53.819 0
    endloop
  endfacet
  facet normal 0 0 -1
    outer loop
      vertex 88.4453 53.6213 0
      vertex 88.4453 61.3787 0
      vertex 88.6635 61.181 0
    endloop
  endfacet
  facet normal 0 0 -1
    outer loop
      vertex 88.2476 53.4032 0
      vertex 88.4453 61.3787 0
      vertex 88.4453 53.6213 0
    endloop
  endfacet
  facet normal 0 0 -1
    outer loop
      vertex 88.2476 53.4032 0
      vertex 88.2476 61.5968 0
      vertex 88.4453 61.3787 0
    endloop
  endfacet
  facet normal 0 0 -1
    outer loop
      vertex 87.6958 52.3708 0
      vertex 81.4375 52.3708 0
      vertex 87.795 52.6481 0
    endloop
  endfacet
  facet normal 0 0 -1
    outer loop
      vertex 81.3383 52.6481 0
      vertex 87.795 52.6481 0
      vertex 81.4375 52.3708 0
    endloop
  endfacet
  facet normal 0 0 -1
    outer loop
      vertex 81.4375 52.3708 0
      vertex 87.6958 52.3708 0
      vertex 81.509 52.0853 0
    endloop
  endfacet
  facet normal 0 0 -1
    outer loop
      vertex 87.795 52.6481 0
      vertex 81.3383 52.6481 0
      vertex 87.9209 52.9142 0
    endloop
  endfacet
  facet normal 0 0 -1
    outer loop
      vertex 87.6243 52.0853 0
      vertex 81.509 52.0853 0
      vertex 87.6958 52.3708 0
    endloop
  endfacet
  facet normal 0 0 -1
    outer loop
      vertex 88.2476 61.5968 0
      vertex 81.5667 63.5 0
      vertex 88.0723 61.8333 0
    endloop
  endfacet
  facet normal 0 0 -1
    outer loop
      vertex 81.509 52.0853 0
      vertex 87.6243 52.0853 0
      vertex 81.5522 51.7941 0
    endloop
  endfacet
  facet normal 0 0 -1
    outer loop
      vertex 88.0723 61.8333 0
      vertex 81.5667 63.5 0
      vertex 87.9209 62.0858 0
    endloop
  endfacet
  facet normal 0 0 -1
    outer loop
      vertex 87.5811 51.7941 0
      vertex 81.5522 51.7941 0
      vertex 87.6243 52.0853 0
    endloop
  endfacet
  facet normal 0 0 -1
    outer loop
      vertex 87.9209 62.0858 0
      vertex 81.5667 63.5 0
      vertex 87.795 62.3519 0
    endloop
  endfacet
  facet normal 0 0 -1
    outer loop
      vertex 81.5522 51.7941 0
      vertex 87.5811 51.7941 0
      vertex 81.5667 51.5 0
    endloop
  endfacet
  facet normal 0 0 -1
    outer loop
      vertex 87.795 62.3519 0
      vertex 81.5667 63.5 0
      vertex 87.6958 62.6292 0
    endloop
  endfacet
  facet normal 0 0 -1
    outer loop
      vertex 81.5667 51.5 0
      vertex 87.5811 51.7941 0
      vertex 87.5667 51.5 0
    endloop
  endfacet
  facet normal 0 0 -1
    outer loop
      vertex 87.6958 62.6292 0
      vertex 81.5667 63.5 0
      vertex 87.6243 62.9147 0
    endloop
  endfacet
  facet normal 0 0 -1
    outer loop
      vertex 117.336 40.9559 0
      vertex 133.35 3 0
      vertex 117.336 29.5441 0
    endloop
  endfacet
  facet normal 0 0 -1
    outer loop
      vertex 133.35 3 0
      vertex 117.336 40.9559 0
      vertex 117.35 41.25 0
    endloop
  endfacet
  facet normal 0 0 -1
    outer loop
      vertex 117.292 29.8353 0
      vertex 117.336 40.9559 0
      vertex 117.336 29.5441 0
    endloop
  endfacet
  facet normal 0 0 -1
    outer loop
      vertex 117.292 29.8353 0
      vertex 117.292 40.6647 0
      vertex 117.336 40.9559 0
    endloop
  endfacet
  facet normal 0 0 -1
    outer loop
      vertex 117.221 30.1208 0
      vertex 117.292 40.6647 0
      vertex 117.292 29.8353 0
    endloop
  endfacet
  facet normal 0 0 -1
    outer loop
      vertex 117.221 30.1208 0
      vertex 117.221 40.3792 0
      vertex 117.292 40.6647 0
    endloop
  endfacet
  facet normal 0 0 -1
    outer loop
      vertex 117.122 30.3981 0
      vertex 117.221 40.3792 0
      vertex 117.221 30.1208 0
    endloop
  endfacet
  facet normal 0 0 -1
    outer loop
      vertex 117.122 30.3981 0
      vertex 117.122 40.1019 0
      vertex 117.221 40.3792 0
    endloop
  endfacet
  facet normal 0 0 -1
    outer loop
      vertex 116.996 30.6642 0
      vertex 117.122 40.1019 0
      vertex 117.122 30.3981 0
    endloop
  endfacet
  facet normal 0 0 -1
    outer loop
      vertex 116.996 30.6642 0
      vertex 116.996 39.8358 0
      vertex 117.122 40.1019 0
    endloop
  endfacet
  facet normal 0 0 -1
    outer loop
      vertex 116.844 30.9167 0
      vertex 116.996 39.8358 0
      vertex 116.996 30.6642 0
    endloop
  endfacet
  facet normal 0 0 -1
    outer loop
      vertex 116.844 30.9167 0
      vertex 116.844 39.5833 0
      vertex 116.996 39.8358 0
    endloop
  endfacet
  facet normal 0 0 -1
    outer loop
      vertex 116.669 31.1532 0
      vertex 116.844 39.5833 0
      vertex 116.844 30.9167 0
    endloop
  endfacet
  facet normal 0 0 -1
    outer loop
      vertex 116.669 31.1532 0
      vertex 116.669 39.3468 0
      vertex 116.844 39.5833 0
    endloop
  endfacet
  facet normal 0 0 -1
    outer loop
      vertex 116.471 31.3713 0
      vertex 116.669 39.3468 0
      vertex 116.669 31.1532 0
    endloop
  endfacet
  facet normal 0 0 -1
    outer loop
      vertex 116.471 31.3713 0
      vertex 116.471 39.1287 0
      vertex 116.669 39.3468 0
    endloop
  endfacet
  facet normal 0 0 -1
    outer loop
      vertex 116.253 31.569 0
      vertex 116.471 39.1287 0
      vertex 116.471 31.3713 0
    endloop
  endfacet
  facet normal 0 0 -1
    outer loop
      vertex 116.253 31.569 0
      vertex 116.253 38.931 0
      vertex 116.471 39.1287 0
    endloop
  endfacet
  facet normal 0 0 -1
    outer loop
      vertex 116.017 31.7444 0
      vertex 116.253 38.931 0
      vertex 116.253 31.569 0
    endloop
  endfacet
  facet normal 0 0 -1
    outer loop
      vertex 116.017 31.7444 0
      vertex 116.017 38.7556 0
      vertex 116.253 38.931 0
    endloop
  endfacet
  facet normal 0 0 -1
    outer loop
      vertex 115.764 31.8958 0
      vertex 116.017 38.7556 0
      vertex 116.017 31.7444 0
    endloop
  endfacet
  facet normal 0 0 -1
    outer loop
      vertex 115.764 31.8958 0
      vertex 115.764 38.6042 0
      vertex 116.017 38.7556 0
    endloop
  endfacet
  facet normal 0 0 -1
    outer loop
      vertex 115.498 32.0216 0
      vertex 115.764 38.6042 0
      vertex 115.764 31.8958 0
    endloop
  endfacet
  facet normal 0 0 -1
    outer loop
      vertex 115.498 32.0216 0
      vertex 115.498 38.4784 0
      vertex 115.764 38.6042 0
    endloop
  endfacet
  facet normal 0 0 -1
    outer loop
      vertex 115.221 32.1208 0
      vertex 115.498 38.4784 0
      vertex 115.498 32.0216 0
    endloop
  endfacet
  facet normal 0 0 -1
    outer loop
      vertex 115.221 32.1208 0
      vertex 115.221 38.3792 0
      vertex 115.498 38.4784 0
    endloop
  endfacet
  facet normal 0 0 -1
    outer loop
      vertex 114.935 32.1924 0
      vertex 115.221 38.3792 0
      vertex 115.221 32.1208 0
    endloop
  endfacet
  facet normal 0 0 -1
    outer loop
      vertex 114.935 32.1924 0
      vertex 114.935 38.3076 0
      vertex 115.221 38.3792 0
    endloop
  endfacet
  facet normal 0 0 -1
    outer loop
      vertex 114.644 32.2355 0
      vertex 114.935 38.3076 0
      vertex 114.935 32.1924 0
    endloop
  endfacet
  facet normal 0 0 -1
    outer loop
      vertex 114.644 32.2355 0
      vertex 114.644 38.2645 0
      vertex 114.935 38.3076 0
    endloop
  endfacet
  facet normal 0 0 -1
    outer loop
      vertex 114.35 32.25 0
      vertex 114.644 38.2645 0
      vertex 114.644 32.2355 0
    endloop
  endfacet
  facet normal 0 0 -1
    outer loop
      vertex 114.35 32.25 0
      vertex 114.35 38.25 0
      vertex 114.644 38.2645 0
    endloop
  endfacet
  facet normal 0 0 -1
    outer loop
      vertex 90.5667 32.25 0
      vertex 114.35 38.25 0
      vertex 114.35 32.25 0
    endloop
  endfacet
  facet normal 0 0 -1
    outer loop
      vertex 90.5667 32.25 0
      vertex 90.5667 38.25 0
      vertex 114.35 38.25 0
    endloop
  endfacet
  facet normal 0 0 -1
    outer loop
      vertex 90.2726 32.2355 0
      vertex 90.5667 38.25 0
      vertex 90.5667 32.25 0
    endloop
  endfacet
  facet normal 0 0 -1
    outer loop
      vertex 90.2726 32.2355 0
      vertex 90.2726 38.2645 0
      vertex 90.5667 38.25 0
    endloop
  endfacet
  facet normal 0 0 -1
    outer loop
      vertex 89.9814 32.1924 0
      vertex 90.2726 38.2645 0
      vertex 90.2726 32.2355 0
    endloop
  endfacet
  facet normal 0 0 -1
    outer loop
      vertex 89.9814 32.1924 0
      vertex 89.9814 38.3076 0
      vertex 90.2726 38.2645 0
    endloop
  endfacet
  facet normal 0 0 -1
    outer loop
      vertex 89.6958 32.1208 0
      vertex 89.9814 38.3076 0
      vertex 89.9814 32.1924 0
    endloop
  endfacet
  facet normal 0 0 -1
    outer loop
      vertex 89.6958 32.1208 0
      vertex 89.6958 38.3792 0
      vertex 89.9814 38.3076 0
    endloop
  endfacet
  facet normal 0 0 -1
    outer loop
      vertex 89.4186 32.0216 0
      vertex 89.6958 38.3792 0
      vertex 89.6958 32.1208 0
    endloop
  endfacet
  facet normal 0 0 -1
    outer loop
      vertex 89.4186 32.0216 0
      vertex 89.4186 38.4784 0
      vertex 89.6958 38.3792 0
    endloop
  endfacet
  facet normal 0 0 -1
    outer loop
      vertex 89.1525 31.8958 0
      vertex 89.4186 38.4784 0
      vertex 89.4186 32.0216 0
    endloop
  endfacet
  facet normal 0 0 -1
    outer loop
      vertex 89.1525 31.8958 0
      vertex 89.1525 38.6042 0
      vertex 89.4186 38.4784 0
    endloop
  endfacet
  facet normal 0 0 -1
    outer loop
      vertex 88.8999 31.7444 0
      vertex 89.1525 38.6042 0
      vertex 89.1525 31.8958 0
    endloop
  endfacet
  facet normal 0 0 -1
    outer loop
      vertex 88.8999 31.7444 0
      vertex 88.8999 38.7556 0
      vertex 89.1525 38.6042 0
    endloop
  endfacet
  facet normal 0 0 -1
    outer loop
      vertex 88.6635 31.569 0
      vertex 88.8999 38.7556 0
      vertex 88.8999 31.7444 0
    endloop
  endfacet
  facet normal 0 0 -1
    outer loop
      vertex 88.6635 31.569 0
      vertex 88.6635 38.931 0
      vertex 88.8999 38.7556 0
    endloop
  endfacet
  facet normal 0 0 -1
    outer loop
      vertex 88.4453 31.3713 0
      vertex 88.6635 38.931 0
      vertex 88.6635 31.569 0
    endloop
  endfacet
  facet normal 0 0 -1
    outer loop
      vertex 88.4453 31.3713 0
      vertex 88.4453 39.1287 0
      vertex 88.6635 38.931 0
    endloop
  endfacet
  facet normal 0 0 -1
    outer loop
      vertex 88.2476 31.1532 0
      vertex 88.4453 39.1287 0
      vertex 88.4453 31.3713 0
    endloop
  endfacet
  facet normal 0 0 -1
    outer loop
      vertex 88.2476 31.1532 0
      vertex 88.2476 39.3468 0
      vertex 88.4453 39.1287 0
    endloop
  endfacet
  facet normal 0 0 -1
    outer loop
      vertex 87.6958 30.1208 0
      vertex 81.4375 30.1208 0
      vertex 87.795 30.3981 0
    endloop
  endfacet
  facet normal 0 0 -1
    outer loop
      vertex 81.3383 30.3981 0
      vertex 87.795 30.3981 0
      vertex 81.4375 30.1208 0
    endloop
  endfacet
  facet normal 0 0 -1
    outer loop
      vertex 81.4375 30.1208 0
      vertex 87.6958 30.1208 0
      vertex 81.509 29.8353 0
    endloop
  endfacet
  facet normal 0 0 -1
    outer loop
      vertex 87.795 30.3981 0
      vertex 81.3383 30.3981 0
      vertex 87.9209 30.6642 0
    endloop
  endfacet
  facet normal 0 0 -1
    outer loop
      vertex 87.6243 29.8353 0
      vertex 81.509 29.8353 0
      vertex 87.6958 30.1208 0
    endloop
  endfacet
  facet normal 0 0 -1
    outer loop
      vertex 88.2476 39.3468 0
      vertex 81.5667 41.25 0
      vertex 88.0723 39.5833 0
    endloop
  endfacet
  facet normal 0 0 -1
    outer loop
      vertex 81.509 29.8353 0
      vertex 87.6243 29.8353 0
      vertex 81.5522 29.5441 0
    endloop
  endfacet
  facet normal 0 0 -1
    outer loop
      vertex 88.0723 39.5833 0
      vertex 81.5667 41.25 0
      vertex 87.9209 39.8358 0
    endloop
  endfacet
  facet normal 0 0 -1
    outer loop
      vertex 87.5811 29.5441 0
      vertex 81.5522 29.5441 0
      vertex 87.6243 29.8353 0
    endloop
  endfacet
  facet normal 0 0 -1
    outer loop
      vertex 87.9209 39.8358 0
      vertex 81.5667 41.25 0
      vertex 87.795 40.1019 0
    endloop
  endfacet
  facet normal 0 0 -1
    outer loop
      vertex 81.5522 29.5441 0
      vertex 87.5811 29.5441 0
      vertex 81.5667 29.25 0
    endloop
  endfacet
  facet normal 0 0 -1
    outer loop
      vertex 87.795 40.1019 0
      vertex 81.5667 41.25 0
      vertex 87.6958 40.3792 0
    endloop
  endfacet
  facet normal 0 0 -1
    outer loop
      vertex 81.5667 29.25 0
      vertex 87.5811 29.5441 0
      vertex 87.5667 29.25 0
    endloop
  endfacet
  facet normal 0 0 -1
    outer loop
      vertex 87.6958 40.3792 0
      vertex 81.5667 41.25 0
      vertex 87.6243 40.6647 0
    endloop
  endfacet
  facet normal 0 0 -1
    outer loop
      vertex 133.35 3 0
      vertex 117.336 18.7059 0
      vertex 117.35 19 0
    endloop
  endfacet
  facet normal 0 0 -1
    outer loop
      vertex 133.35 3 0
      vertex 117.292 18.4147 0
      vertex 117.336 18.7059 0
    endloop
  endfacet
  facet normal 0 0 -1
    outer loop
      vertex 133.35 3 0
      vertex 117.221 18.1292 0
      vertex 117.292 18.4147 0
    endloop
  endfacet
  facet normal 0 0 -1
    outer loop
      vertex 133.35 3 0
      vertex 117.122 17.8519 0
      vertex 117.221 18.1292 0
    endloop
  endfacet
  facet normal 0 0 -1
    outer loop
      vertex 133.35 3 0
      vertex 116.996 17.5858 0
      vertex 117.122 17.8519 0
    endloop
  endfacet
  facet normal 0 0 -1
    outer loop
      vertex 133.35 3 0
      vertex 116.844 17.3333 0
      vertex 116.996 17.5858 0
    endloop
  endfacet
  facet normal 0 0 -1
    outer loop
      vertex 133.35 3 0
      vertex 116.669 17.0968 0
      vertex 116.844 17.3333 0
    endloop
  endfacet
  facet normal 0 0 -1
    outer loop
      vertex 133.35 3 0
      vertex 116.471 16.8787 0
      vertex 116.669 17.0968 0
    endloop
  endfacet
  facet normal 0 0 -1
    outer loop
      vertex 130.35 0 0
      vertex 116.253 16.681 0
      vertex 116.471 16.8787 0
    endloop
  endfacet
  facet normal 0 0 -1
    outer loop
      vertex 130.35 0 0
      vertex 116.017 16.5056 0
      vertex 116.253 16.681 0
    endloop
  endfacet
  facet normal 0 0 -1
    outer loop
      vertex 130.35 0 0
      vertex 115.764 16.3542 0
      vertex 116.017 16.5056 0
    endloop
  endfacet
  facet normal 0 0 -1
    outer loop
      vertex 130.35 0 0
      vertex 115.498 16.2284 0
      vertex 115.764 16.3542 0
    endloop
  endfacet
  facet normal 0 0 -1
    outer loop
      vertex 130.35 0 0
      vertex 115.221 16.1292 0
      vertex 115.498 16.2284 0
    endloop
  endfacet
  facet normal 0 0 -1
    outer loop
      vertex 130.35 0 0
      vertex 114.935 16.0576 0
      vertex 115.221 16.1292 0
    endloop
  endfacet
  facet normal 0 0 -1
    outer loop
      vertex 130.35 0 0
      vertex 114.644 16.0145 0
      vertex 114.935 16.0576 0
    endloop
  endfacet
  facet normal 0 0 -1
    outer loop
      vertex 130.35 0 0
      vertex 114.35 16 0
      vertex 114.644 16.0145 0
    endloop
  endfacet
  facet normal 0 0 -1
    outer loop
      vertex 130.35 0 0
      vertex 90.5667 16 0
      vertex 114.35 16 0
    endloop
  endfacet
  facet normal 0 0 -1
    outer loop
      vertex 130.35 0 0
      vertex 90.2726 16.0145 0
      vertex 90.5667 16 0
    endloop
  endfacet
  facet normal 0 0 -1
    outer loop
      vertex 78.8607 16.0145 0
      vertex 90.2726 16.0145 0
      vertex 130.35 0 0
    endloop
  endfacet
  facet normal 0 0 -1
    outer loop
      vertex 90.2726 16.0145 0
      vertex 78.8607 16.0145 0
      vertex 89.9814 16.0576 0
    endloop
  endfacet
  facet normal 0 -0 -1
    outer loop
      vertex 79.1519 16.0576 0
      vertex 89.9814 16.0576 0
      vertex 78.8607 16.0145 0
    endloop
  endfacet
  facet normal 0 0 -1
    outer loop
      vertex 81.5667 29.25 0
      vertex 87.5667 29.25 0
      vertex 87.5667 19 0
    endloop
  endfacet
  facet normal 0 0 -1
    outer loop
      vertex 87.6243 40.6647 0
      vertex 81.5667 41.25 0
      vertex 87.5811 40.9559 0
    endloop
  endfacet
  facet normal 0 0 -1
    outer loop
      vertex 87.5667 41.25 0
      vertex 81.5667 41.25 0
      vertex 87.5667 51.5 0
    endloop
  endfacet
  facet normal 0 0 -1
    outer loop
      vertex 81.5667 51.5 0
      vertex 87.5667 51.5 0
      vertex 81.5667 41.25 0
    endloop
  endfacet
  facet normal 0 0 -1
    outer loop
      vertex 87.5811 63.2059 0
      vertex 81.5667 63.5 0
      vertex 87.5667 63.5 0
    endloop
  endfacet
  facet normal 0 0 -1
    outer loop
      vertex 87.5667 63.5 0
      vertex 81.5667 63.5 0
      vertex 87.5667 73.75 0
    endloop
  endfacet
  facet normal 0 0 -1
    outer loop
      vertex 87.6243 85.1647 0
      vertex 81.5667 85.75 0
      vertex 87.5811 85.4559 0
    endloop
  endfacet
  facet normal 0 0 -1
    outer loop
      vertex 87.5811 85.4559 0
      vertex 81.5667 85.75 0
      vertex 87.5667 85.75 0
    endloop
  endfacet
  facet normal 0 0 -1
    outer loop
      vertex 81.5667 96 0
      vertex 87.5667 96 0
      vertex 81.5667 85.75 0
    endloop
  endfacet
  facet normal 0 0 -1
    outer loop
      vertex 87.6243 107.415 0
      vertex 81.5667 108 0
      vertex 87.5811 107.706 0
    endloop
  endfacet
  facet normal 0 0 -1
    outer loop
      vertex 81.5667 29.25 0
      vertex 87.5667 19 0
      vertex 81.5667 19 0
    endloop
  endfacet
  facet normal 0 0 -1
    outer loop
      vertex 87.5811 18.7059 0
      vertex 81.5667 19 0
      vertex 87.5667 19 0
    endloop
  endfacet
  facet normal 0 0 -1
    outer loop
      vertex 81.5522 18.7059 0
      vertex 87.5811 18.7059 0
      vertex 87.6243 18.4147 0
    endloop
  endfacet
  facet normal 0 0 -1
    outer loop
      vertex 81.509 18.4147 0
      vertex 87.6243 18.4147 0
      vertex 87.6958 18.1292 0
    endloop
  endfacet
  facet normal 0 0 -1
    outer loop
      vertex 81.4375 18.1292 0
      vertex 87.6958 18.1292 0
      vertex 87.795 17.8519 0
    endloop
  endfacet
  facet normal 0 0 -1
    outer loop
      vertex 81.3383 17.8519 0
      vertex 87.795 17.8519 0
      vertex 87.9209 17.5858 0
    endloop
  endfacet
  facet normal 0 0 -1
    outer loop
      vertex 81.2124 17.5858 0
      vertex 87.9209 17.5858 0
      vertex 88.0723 17.3333 0
    endloop
  endfacet
  facet normal 0 0 -1
    outer loop
      vertex 81.0611 17.3333 0
      vertex 88.0723 17.3333 0
      vertex 88.2476 17.0968 0
    endloop
  endfacet
  facet normal 0 0 -1
    outer loop
      vertex 80.8857 17.0968 0
      vertex 88.2476 17.0968 0
      vertex 88.4453 16.8787 0
    endloop
  endfacet
  facet normal 0 0 -1
    outer loop
      vertex 80.688 16.8787 0
      vertex 88.4453 16.8787 0
      vertex 88.6635 16.681 0
    endloop
  endfacet
  facet normal 0 0 -1
    outer loop
      vertex 80.4698 16.681 0
      vertex 88.6635 16.681 0
      vertex 88.8999 16.5056 0
    endloop
  endfacet
  facet normal 0 0 -1
    outer loop
      vertex 80.2334 16.5056 0
      vertex 88.8999 16.5056 0
      vertex 89.1525 16.3542 0
    endloop
  endfacet
  facet normal 0 0 -1
    outer loop
      vertex 79.9808 16.3542 0
      vertex 89.1525 16.3542 0
      vertex 89.4186 16.2284 0
    endloop
  endfacet
  facet normal 0 0 -1
    outer loop
      vertex 89.9814 16.0576 0
      vertex 79.1519 16.0576 0
      vertex 89.6958 16.1292 0
    endloop
  endfacet
  facet normal 0 0 -1
    outer loop
      vertex 87.5811 18.7059 0
      vertex 81.5522 18.7059 0
      vertex 81.5667 19 0
    endloop
  endfacet
  facet normal 0 0 -1
    outer loop
      vertex 87.6243 18.4147 0
      vertex 81.509 18.4147 0
      vertex 81.5522 18.7059 0
    endloop
  endfacet
  facet normal 0 0 -1
    outer loop
      vertex 87.6958 18.1292 0
      vertex 81.4375 18.1292 0
      vertex 81.509 18.4147 0
    endloop
  endfacet
  facet normal 0 0 -1
    outer loop
      vertex 87.795 17.8519 0
      vertex 81.3383 17.8519 0
      vertex 81.4375 18.1292 0
    endloop
  endfacet
  facet normal 0 0 -1
    outer loop
      vertex 87.9209 17.5858 0
      vertex 81.2124 17.5858 0
      vertex 81.3383 17.8519 0
    endloop
  endfacet
  facet normal 0 0 -1
    outer loop
      vertex 88.0723 17.3333 0
      vertex 81.0611 17.3333 0
      vertex 81.2124 17.5858 0
    endloop
  endfacet
  facet normal 0 0 -1
    outer loop
      vertex 88.2476 17.0968 0
      vertex 80.8857 17.0968 0
      vertex 81.0611 17.3333 0
    endloop
  endfacet
  facet normal 0 0 -1
    outer loop
      vertex 88.4453 16.8787 0
      vertex 80.688 16.8787 0
      vertex 80.8857 17.0968 0
    endloop
  endfacet
  facet normal 0 0 -1
    outer loop
      vertex 88.6635 16.681 0
      vertex 80.4698 16.681 0
      vertex 80.688 16.8787 0
    endloop
  endfacet
  facet normal 0 0 -1
    outer loop
      vertex 88.8999 16.5056 0
      vertex 80.2334 16.5056 0
      vertex 80.4698 16.681 0
    endloop
  endfacet
  facet normal 0 0 -1
    outer loop
      vertex 89.1525 16.3542 0
      vertex 79.9808 16.3542 0
      vertex 80.2334 16.5056 0
    endloop
  endfacet
  facet normal 0 0 -1
    outer loop
      vertex 89.4186 16.2284 0
      vertex 79.7147 16.2284 0
      vertex 79.9808 16.3542 0
    endloop
  endfacet
  facet normal -0 0 -1
    outer loop
      vertex 89.4186 16.2284 0
      vertex 79.4375 16.1292 0
      vertex 79.7147 16.2284 0
    endloop
  endfacet
  facet normal 0 0 -1
    outer loop
      vertex 89.6958 16.1292 0
      vertex 79.4375 16.1292 0
      vertex 89.4186 16.2284 0
    endloop
  endfacet
  facet normal 0 -0 -1
    outer loop
      vertex 79.4375 16.1292 0
      vertex 89.6958 16.1292 0
      vertex 79.1519 16.0576 0
    endloop
  endfacet
  facet normal 0 0 -1
    outer loop
      vertex 130.35 0 0
      vertex 78.5667 16 0
      vertex 78.8607 16.0145 0
    endloop
  endfacet
  facet normal 0 0 -1
    outer loop
      vertex 130.35 0 0
      vertex 54.7833 16 0
      vertex 78.5667 16 0
    endloop
  endfacet
  facet normal 0 0 -1
    outer loop
      vertex 3 0 0
      vertex 54.7833 16 0
      vertex 130.35 0 0
    endloop
  endfacet
  facet normal -0 0 -1
    outer loop
      vertex 54.7833 16 0
      vertex 3 0 0
      vertex 54.4893 16.0145 0
    endloop
  endfacet
  facet normal 0 0 -1
    outer loop
      vertex 45.7833 29.25 0
      vertex 51.7833 29.25 0
      vertex 51.7833 19 0
    endloop
  endfacet
  facet normal 0 0 -1
    outer loop
      vertex 51.841 40.6647 0
      vertex 45.7833 41.25 0
      vertex 51.7978 40.9559 0
    endloop
  endfacet
  facet normal 0 0 -1
    outer loop
      vertex 51.7833 41.25 0
      vertex 45.7833 41.25 0
      vertex 51.7833 51.5 0
    endloop
  endfacet
  facet normal 0 0 -1
    outer loop
      vertex 45.7833 51.5 0
      vertex 51.7833 51.5 0
      vertex 45.7833 41.25 0
    endloop
  endfacet
  facet normal 0 0 -1
    outer loop
      vertex 51.7978 63.2059 0
      vertex 45.7833 63.5 0
      vertex 51.7833 63.5 0
    endloop
  endfacet
  facet normal 0 0 -1
    outer loop
      vertex 51.7833 63.5 0
      vertex 45.7833 63.5 0
      vertex 51.7833 73.75 0
    endloop
  endfacet
  facet normal 0 0 -1
    outer loop
      vertex 51.841 85.1647 0
      vertex 45.7833 85.75 0
      vertex 51.7978 85.4559 0
    endloop
  endfacet
  facet normal 0 0 -1
    outer loop
      vertex 51.7978 85.4559 0
      vertex 45.7833 85.75 0
      vertex 51.7833 85.75 0
    endloop
  endfacet
  facet normal 0 0 -1
    outer loop
      vertex 45.7833 96 0
      vertex 51.7833 96 0
      vertex 45.7833 85.75 0
    endloop
  endfacet
  facet normal 0 0 -1
    outer loop
      vertex 51.841 107.415 0
      vertex 45.7833 108 0
      vertex 51.7978 107.706 0
    endloop
  endfacet
  facet normal 0 0 -1
    outer loop
      vertex 45.7833 29.25 0
      vertex 51.7833 19 0
      vertex 45.7833 19 0
    endloop
  endfacet
  facet normal 0 0 -1
    outer loop
      vertex 51.7978 18.7059 0
      vertex 45.7833 19 0
      vertex 51.7833 19 0
    endloop
  endfacet
  facet normal 0 0 -1
    outer loop
      vertex 45.7689 18.7059 0
      vertex 51.7978 18.7059 0
      vertex 51.841 18.4147 0
    endloop
  endfacet
  facet normal 0 0 -1
    outer loop
      vertex 45.7257 18.4147 0
      vertex 51.841 18.4147 0
      vertex 51.9125 18.1292 0
    endloop
  endfacet
  facet normal 0 0 -1
    outer loop
      vertex 45.6541 18.1292 0
      vertex 51.9125 18.1292 0
      vertex 52.0117 17.8519 0
    endloop
  endfacet
  facet normal 0 0 -1
    outer loop
      vertex 45.555 17.8519 0
      vertex 52.0117 17.8519 0
      vertex 52.1376 17.5858 0
    endloop
  endfacet
  facet normal 0 0 -1
    outer loop
      vertex 45.4291 17.5858 0
      vertex 52.1376 17.5858 0
      vertex 52.2889 17.3333 0
    endloop
  endfacet
  facet normal 0 0 -1
    outer loop
      vertex 45.2777 17.3333 0
      vertex 52.2889 17.3333 0
      vertex 52.4643 17.0968 0
    endloop
  endfacet
  facet normal 0 0 -1
    outer loop
      vertex 45.1024 17.0968 0
      vertex 52.4643 17.0968 0
      vertex 52.662 16.8787 0
    endloop
  endfacet
  facet normal 0 0 -1
    outer loop
      vertex 44.9046 16.8787 0
      vertex 52.662 16.8787 0
      vertex 52.8801 16.681 0
    endloop
  endfacet
  facet normal 0 0 -1
    outer loop
      vertex 44.6865 16.681 0
      vertex 52.8801 16.681 0
      vertex 53.1166 16.5056 0
    endloop
  endfacet
  facet normal 0 0 -1
    outer loop
      vertex 44.45 16.5056 0
      vertex 53.1166 16.5056 0
      vertex 53.3691 16.3542 0
    endloop
  endfacet
  facet normal 0 0 -1
    outer loop
      vertex 44.1975 16.3542 0
      vertex 53.3691 16.3542 0
      vertex 53.6353 16.2284 0
    endloop
  endfacet
  facet normal 0 0 -1
    outer loop
      vertex 43.9314 16.2284 0
      vertex 53.6353 16.2284 0
      vertex 53.9125 16.1292 0
    endloop
  endfacet
  facet normal 0 0 -1
    outer loop
      vertex 51.7978 18.7059 0
      vertex 45.7689 18.7059 0
      vertex 45.7833 19 0
    endloop
  endfacet
  facet normal 0 0 -1
    outer loop
      vertex 51.841 18.4147 0
      vertex 45.7257 18.4147 0
      vertex 45.7689 18.7059 0
    endloop
  endfacet
  facet normal 0 0 -1
    outer loop
      vertex 51.9125 18.1292 0
      vertex 45.6541 18.1292 0
      vertex 45.7257 18.4147 0
    endloop
  endfacet
  facet normal 0 0 -1
    outer loop
      vertex 43.6542 16.1292 0
      vertex 53.9125 16.1292 0
      vertex 54.1981 16.0576 0
    endloop
  endfacet
  facet normal 0 0 -1
    outer loop
      vertex 52.0117 17.8519 0
      vertex 45.555 17.8519 0
      vertex 45.6541 18.1292 0
    endloop
  endfacet
  facet normal 0 -0 -1
    outer loop
      vertex 43.0774 16.0145 0
      vertex 54.4893 16.0145 0
      vertex 3 0 0
    endloop
  endfacet
  facet normal 0 0 -1
    outer loop
      vertex 52.1376 17.5858 0
      vertex 45.4291 17.5858 0
      vertex 45.555 17.8519 0
    endloop
  endfacet
  facet normal 0 0 -1
    outer loop
      vertex 52.2889 17.3333 0
      vertex 45.2777 17.3333 0
      vertex 45.4291 17.5858 0
    endloop
  endfacet
  facet normal 0 0 -1
    outer loop
      vertex 52.4643 17.0968 0
      vertex 45.1024 17.0968 0
      vertex 45.2777 17.3333 0
    endloop
  endfacet
  facet normal 0 0 -1
    outer loop
      vertex 52.662 16.8787 0
      vertex 44.9046 16.8787 0
      vertex 45.1024 17.0968 0
    endloop
  endfacet
  facet normal 0 0 -1
    outer loop
      vertex 52.8801 16.681 0
      vertex 44.6865 16.681 0
      vertex 44.9046 16.8787 0
    endloop
  endfacet
  facet normal 0 0 -1
    outer loop
      vertex 53.1166 16.5056 0
      vertex 44.45 16.5056 0
      vertex 44.6865 16.681 0
    endloop
  endfacet
  facet normal 0 0 -1
    outer loop
      vertex 53.3691 16.3542 0
      vertex 44.1975 16.3542 0
      vertex 44.45 16.5056 0
    endloop
  endfacet
  facet normal 0 0 -1
    outer loop
      vertex 53.6353 16.2284 0
      vertex 43.9314 16.2284 0
      vertex 44.1975 16.3542 0
    endloop
  endfacet
  facet normal 0 0 -1
    outer loop
      vertex 53.9125 16.1292 0
      vertex 43.6542 16.1292 0
      vertex 43.9314 16.2284 0
    endloop
  endfacet
  facet normal 0 0 -1
    outer loop
      vertex 54.1981 16.0576 0
      vertex 43.3686 16.0576 0
      vertex 43.6542 16.1292 0
    endloop
  endfacet
  facet normal 0 0 -1
    outer loop
      vertex 54.4893 16.0145 0
      vertex 43.0774 16.0145 0
      vertex 54.1981 16.0576 0
    endloop
  endfacet
  facet normal -0 0 -1
    outer loop
      vertex 54.1981 16.0576 0
      vertex 43.0774 16.0145 0
      vertex 43.3686 16.0576 0
    endloop
  endfacet
  facet normal 0 0 -1
    outer loop
      vertex 43.0774 16.0145 0
      vertex 3 0 0
      vertex 42.7833 16 0
    endloop
  endfacet
  facet normal -0 0 -1
    outer loop
      vertex 42.7833 16 0
      vertex 3 0 0
      vertex 19 16 0
    endloop
  endfacet
  facet normal 0 0 -1
    outer loop
      vertex 0 3 0
      vertex 16 29.25 0
      vertex 16 19 0
    endloop
  endfacet
  facet normal -0 0 -1
    outer loop
      vertex 16.0145 40.9559 0
      vertex 0 3 0
      vertex 16 41.25 0
    endloop
  endfacet
  facet normal -0 0 -1
    outer loop
      vertex 16 41.25 0
      vertex 0 3 0
      vertex 16 51.5 0
    endloop
  endfacet
  facet normal -0 0 -1
    outer loop
      vertex 16 51.5 0
      vertex 0 3 0
      vertex 16 63.5 0
    endloop
  endfacet
  facet normal -0 0 -1
    outer loop
      vertex 16 63.5 0
      vertex 0 3 0
      vertex 16 73.75 0
    endloop
  endfacet
  facet normal 0 0 -1
    outer loop
      vertex 0 145.657 0
      vertex 16 73.75 0
      vertex 0 3 0
    endloop
  endfacet
  facet normal 0 0 -1
    outer loop
      vertex 16 73.75 0
      vertex 0 145.657 0
      vertex 16 85.75 0
    endloop
  endfacet
  facet normal 0 0 -1
    outer loop
      vertex 16 85.75 0
      vertex 0 145.657 0
      vertex 16 96 0
    endloop
  endfacet
  facet normal 0 0 -1
    outer loop
      vertex 16.0145 107.706 0
      vertex 0 145.657 0
      vertex 16 108 0
    endloop
  endfacet
  facet normal 0 0 -1
    outer loop
      vertex 16.0145 129.956 0
      vertex 0 145.657 0
      vertex 16 130.25 0
    endloop
  endfacet
  facet normal -0 0 -1
    outer loop
      vertex 16.0145 18.7059 0
      vertex 0 3 0
      vertex 16 19 0
    endloop
  endfacet
  facet normal -0 0 -1
    outer loop
      vertex 16.0576 18.4147 0
      vertex 0 3 0
      vertex 16.0145 18.7059 0
    endloop
  endfacet
  facet normal -0 0 -1
    outer loop
      vertex 16.1292 18.1292 0
      vertex 0 3 0
      vertex 16.0576 18.4147 0
    endloop
  endfacet
  facet normal -0 0 -1
    outer loop
      vertex 16.2284 17.8519 0
      vertex 0 3 0
      vertex 16.1292 18.1292 0
    endloop
  endfacet
  facet normal -0 0 -1
    outer loop
      vertex 16.3542 17.5858 0
      vertex 0 3 0
      vertex 16.2284 17.8519 0
    endloop
  endfacet
  facet normal -0 0 -1
    outer loop
      vertex 16.5056 17.3333 0
      vertex 0 3 0
      vertex 16.3542 17.5858 0
    endloop
  endfacet
  facet normal -0 0 -1
    outer loop
      vertex 16.681 17.0968 0
      vertex 0 3 0
      vertex 16.5056 17.3333 0
    endloop
  endfacet
  facet normal -0 0 -1
    outer loop
      vertex 16.8787 16.8787 0
      vertex 0 3 0
      vertex 16.681 17.0968 0
    endloop
  endfacet
  facet normal 0 0 -1
    outer loop
      vertex 0 3 0
      vertex 16.8787 16.8787 0
      vertex 3 0 0
    endloop
  endfacet
  facet normal -0 0 -1
    outer loop
      vertex 17.0968 16.681 0
      vertex 3 0 0
      vertex 16.8787 16.8787 0
    endloop
  endfacet
  facet normal -0 0 -1
    outer loop
      vertex 17.3333 16.5056 0
      vertex 3 0 0
      vertex 17.0968 16.681 0
    endloop
  endfacet
  facet normal -0 0 -1
    outer loop
      vertex 17.5858 16.3542 0
      vertex 3 0 0
      vertex 17.3333 16.5056 0
    endloop
  endfacet
  facet normal -0 0 -1
    outer loop
      vertex 17.8519 16.2284 0
      vertex 3 0 0
      vertex 17.5858 16.3542 0
    endloop
  endfacet
  facet normal -0 0 -1
    outer loop
      vertex 18.1292 16.1292 0
      vertex 3 0 0
      vertex 17.8519 16.2284 0
    endloop
  endfacet
  facet normal -0 0 -1
    outer loop
      vertex 18.4147 16.0576 0
      vertex 3 0 0
      vertex 18.1292 16.1292 0
    endloop
  endfacet
  facet normal -0 0 -1
    outer loop
      vertex 18.7059 16.0145 0
      vertex 3 0 0
      vertex 18.4147 16.0576 0
    endloop
  endfacet
  facet normal -0 0 -1
    outer loop
      vertex 19 16 0
      vertex 3 0 0
      vertex 18.7059 16.0145 0
    endloop
  endfacet
  facet normal 0 0 -1
    outer loop
      vertex 130.35 0 0
      vertex 133.35 3 0
      vertex 133.336 2.70595 0
    endloop
  endfacet
  facet normal 0 0 -1
    outer loop
      vertex 133.35 3 0
      vertex 117.35 73.75 0
      vertex 133.35 145.657 0
    endloop
  endfacet
  facet normal 0 0 -1
    outer loop
      vertex 130.35 0 0
      vertex 133.336 2.70595 0
      vertex 133.292 2.41473 0
    endloop
  endfacet
  facet normal 0 0 -1
    outer loop
      vertex 117.35 85.75 0
      vertex 133.35 145.657 0
      vertex 117.35 73.75 0
    endloop
  endfacet
  facet normal 0 0 -1
    outer loop
      vertex 130.35 0 0
      vertex 133.292 2.41473 0
      vertex 133.221 2.12915 0
    endloop
  endfacet
  facet normal 0 0 -1
    outer loop
      vertex 117.35 96 0
      vertex 133.35 145.657 0
      vertex 117.35 85.75 0
    endloop
  endfacet
  facet normal 0 0 -1
    outer loop
      vertex 130.35 0 0
      vertex 133.221 2.12915 0
      vertex 133.122 1.85194 0
    endloop
  endfacet
  facet normal 0 0 -1
    outer loop
      vertex 117.336 96.2941 0
      vertex 133.35 145.657 0
      vertex 117.35 96 0
    endloop
  endfacet
  facet normal 0 0 -1
    outer loop
      vertex 130.35 0 0
      vertex 133.122 1.85194 0
      vertex 132.996 1.58582 0
    endloop
  endfacet
  facet normal 0 0 -1
    outer loop
      vertex 117.35 118.25 0
      vertex 133.35 145.657 0
      vertex 117.35 108 0
    endloop
  endfacet
  facet normal 0 0 -1
    outer loop
      vertex 130.35 0 0
      vertex 132.996 1.58582 0
      vertex 132.844 1.33328 0
    endloop
  endfacet
  facet normal 0 0 -1
    outer loop
      vertex 117.336 118.544 0
      vertex 133.35 145.657 0
      vertex 117.35 118.25 0
    endloop
  endfacet
  facet normal 0 0 -1
    outer loop
      vertex 130.35 0 0
      vertex 132.844 1.33328 0
      vertex 132.669 1.09682 0
    endloop
  endfacet
  facet normal 0 0 -1
    outer loop
      vertex 117.35 140.5 0
      vertex 133.35 145.657 0
      vertex 117.35 130.25 0
    endloop
  endfacet
  facet normal 0 0 -1
    outer loop
      vertex 130.35 0 0
      vertex 132.669 1.09682 0
      vertex 132.471 0.878677 0
    endloop
  endfacet
  facet normal 0 0 -1
    outer loop
      vertex 117.336 140.794 0
      vertex 133.35 145.657 0
      vertex 117.35 140.5 0
    endloop
  endfacet
  facet normal 0 0 -1
    outer loop
      vertex 130.35 0 0
      vertex 132.471 0.878677 0
      vertex 132.253 0.680969 0
    endloop
  endfacet
  facet normal 0 0 -1
    outer loop
      vertex 130.35 0 0
      vertex 132.253 0.680969 0
      vertex 132.017 0.505585 0
    endloop
  endfacet
  facet normal 0 0 -1
    outer loop
      vertex 130.35 0 0
      vertex 132.017 0.505585 0
      vertex 131.764 0.354233 0
    endloop
  endfacet
  facet normal 0 0 -1
    outer loop
      vertex 130.35 0 0
      vertex 131.764 0.354233 0
      vertex 131.498 0.228363 0
    endloop
  endfacet
  facet normal 0 0 -1
    outer loop
      vertex 130.35 0 0
      vertex 131.498 0.228363 0
      vertex 131.221 0.129181 0
    endloop
  endfacet
  facet normal 0 0 -1
    outer loop
      vertex 130.35 0 0
      vertex 131.221 0.129181 0
      vertex 130.935 0.0576477 0
    endloop
  endfacet
  facet normal 0 0 -1
    outer loop
      vertex 130.35 0 0
      vertex 130.935 0.0576477 0
      vertex 130.644 0.0144501 0
    endloop
  endfacet
  facet normal 0 0 -1
    outer loop
      vertex 116.471 16.8787 0
      vertex 133.35 3 0
      vertex 130.35 0 0
    endloop
  endfacet
  facet normal 0 0 -1
    outer loop
      vertex 133.35 3 0
      vertex 117.35 19 0
      vertex 117.35 29.25 0
    endloop
  endfacet
  facet normal 0 0 -1
    outer loop
      vertex 117.336 29.5441 0
      vertex 133.35 3 0
      vertex 117.35 29.25 0
    endloop
  endfacet
  facet normal 0 0 -1
    outer loop
      vertex 133.35 3 0
      vertex 117.35 41.25 0
      vertex 117.35 51.5 0
    endloop
  endfacet
  facet normal 0 0 -1
    outer loop
      vertex 133.35 3 0
      vertex 117.35 51.5 0
      vertex 117.35 63.5 0
    endloop
  endfacet
  facet normal 0 0 -1
    outer loop
      vertex 133.35 3 0
      vertex 117.35 63.5 0
      vertex 117.35 73.75 0
    endloop
  endfacet
  facet normal 0 0 -1
    outer loop
      vertex 117.292 141.085 0
      vertex 133.35 145.657 0
      vertex 117.336 140.794 0
    endloop
  endfacet
  facet normal 0 0 -1
    outer loop
      vertex 117.221 141.371 0
      vertex 133.35 145.657 0
      vertex 117.292 141.085 0
    endloop
  endfacet
  facet normal 0 0 -1
    outer loop
      vertex 133.35 145.657 0
      vertex 132.471 147.779 0
      vertex 133.336 145.951 0
    endloop
  endfacet
  facet normal 0 0 -1
    outer loop
      vertex 133.336 145.951 0
      vertex 132.471 147.779 0
      vertex 133.292 146.243 0
    endloop
  endfacet
  facet normal 0 0 -1
    outer loop
      vertex 133.292 146.243 0
      vertex 132.471 147.779 0
      vertex 133.221 146.528 0
    endloop
  endfacet
  facet normal 0 0 -1
    outer loop
      vertex 133.221 146.528 0
      vertex 132.471 147.779 0
      vertex 133.122 146.805 0
    endloop
  endfacet
  facet normal 0 0 -1
    outer loop
      vertex 132.996 147.072 0
      vertex 132.471 147.779 0
      vertex 132.844 147.324 0
    endloop
  endfacet
  facet normal 0 0 -1
    outer loop
      vertex 132.844 147.324 0
      vertex 132.471 147.779 0
      vertex 132.669 147.561 0
    endloop
  endfacet
  facet normal 0 0 -1
    outer loop
      vertex 133.122 146.805 0
      vertex 132.471 147.779 0
      vertex 132.996 147.072 0
    endloop
  endfacet
  facet normal -0 0 -1
    outer loop
      vertex 133.35 145.657 0
      vertex 117.221 141.371 0
      vertex 132.471 147.779 0
    endloop
  endfacet
  facet normal 0 0 -1
    outer loop
      vertex 117.122 141.648 0
      vertex 132.471 147.779 0
      vertex 117.221 141.371 0
    endloop
  endfacet
  facet normal 0 0 -1
    outer loop
      vertex 116.996 141.914 0
      vertex 132.471 147.779 0
      vertex 117.122 141.648 0
    endloop
  endfacet
  facet normal 0 0 -1
    outer loop
      vertex 116.844 142.167 0
      vertex 132.471 147.779 0
      vertex 116.996 141.914 0
    endloop
  endfacet
  facet normal 0 0 -1
    outer loop
      vertex 116.669 142.403 0
      vertex 132.471 147.779 0
      vertex 116.844 142.167 0
    endloop
  endfacet
  facet normal 0 0 -1
    outer loop
      vertex 116.471 142.621 0
      vertex 132.471 147.779 0
      vertex 116.669 142.403 0
    endloop
  endfacet
  facet normal 0 0 -1
    outer loop
      vertex 116.253 142.819 0
      vertex 132.471 147.779 0
      vertex 116.471 142.621 0
    endloop
  endfacet
  facet normal 0 0 -1
    outer loop
      vertex 116.017 142.994 0
      vertex 132.471 147.779 0
      vertex 116.253 142.819 0
    endloop
  endfacet
  facet normal 0 0 -1
    outer loop
      vertex 115.764 143.146 0
      vertex 132.471 147.779 0
      vertex 116.017 142.994 0
    endloop
  endfacet
  facet normal 0 0 -1
    outer loop
      vertex 115.498 143.272 0
      vertex 132.471 147.779 0
      vertex 115.764 143.146 0
    endloop
  endfacet
  facet normal 0 0 -1
    outer loop
      vertex 115.221 143.371 0
      vertex 132.471 147.779 0
      vertex 115.498 143.272 0
    endloop
  endfacet
  facet normal 0 0 -1
    outer loop
      vertex 106.229 174.021 0
      vertex 115.221 143.371 0
      vertex 114.935 143.442 0
    endloop
  endfacet
  facet normal 0 0 -1
    outer loop
      vertex 106.229 174.021 0
      vertex 114.935 143.442 0
      vertex 114.644 143.486 0
    endloop
  endfacet
  facet normal 0 0 -1
    outer loop
      vertex 106.229 174.021 0
      vertex 114.644 143.486 0
      vertex 114.35 143.5 0
    endloop
  endfacet
  facet normal 0 0 -1
    outer loop
      vertex 115.221 143.371 0
      vertex 106.229 174.021 0
      vertex 132.471 147.779 0
    endloop
  endfacet
  facet normal 0 0 -1
    outer loop
      vertex 90.5667 143.5 0
      vertex 106.229 174.021 0
      vertex 114.35 143.5 0
    endloop
  endfacet
  facet normal 0 -0 -1
    outer loop
      vertex 104.107 174.9 0
      vertex 106.229 174.021 0
      vertex 90.5667 143.5 0
    endloop
  endfacet
  facet normal 0 0 -1
    outer loop
      vertex 106.229 174.021 0
      vertex 104.107 174.9 0
      vertex 106.011 174.219 0
    endloop
  endfacet
  facet normal 0 0 -1
    outer loop
      vertex 106.011 174.219 0
      vertex 104.107 174.9 0
      vertex 105.774 174.394 0
    endloop
  endfacet
  facet normal 0 0 -1
    outer loop
      vertex 105.774 174.394 0
      vertex 104.107 174.9 0
      vertex 105.522 174.546 0
    endloop
  endfacet
  facet normal 0 0 -1
    outer loop
      vertex 105.522 174.546 0
      vertex 104.107 174.9 0
      vertex 105.255 174.672 0
    endloop
  endfacet
  facet normal 0 0 -1
    outer loop
      vertex 104.978 174.771 0
      vertex 104.107 174.9 0
      vertex 104.693 174.842 0
    endloop
  endfacet
  facet normal 0 0 -1
    outer loop
      vertex 104.693 174.842 0
      vertex 104.107 174.9 0
      vertex 104.401 174.886 0
    endloop
  endfacet
  facet normal 0 0 -1
    outer loop
      vertex 105.255 174.672 0
      vertex 104.107 174.9 0
      vertex 104.978 174.771 0
    endloop
  endfacet
  facet normal 0 0 -1
    outer loop
      vertex 90.2726 143.486 0
      vertex 104.107 174.9 0
      vertex 90.5667 143.5 0
    endloop
  endfacet
  facet normal 0 0 -1
    outer loop
      vertex 89.9814 143.442 0
      vertex 104.107 174.9 0
      vertex 90.2726 143.486 0
    endloop
  endfacet
  facet normal 0 0 -1
    outer loop
      vertex 89.6958 143.371 0
      vertex 104.107 174.9 0
      vertex 89.9814 143.442 0
    endloop
  endfacet
  facet normal 0 0 -1
    outer loop
      vertex 79.4375 143.371 0
      vertex 89.6958 143.371 0
      vertex 89.4186 143.272 0
    endloop
  endfacet
  facet normal 0 0 -1
    outer loop
      vertex 79.7147 143.272 0
      vertex 89.4186 143.272 0
      vertex 89.1525 143.146 0
    endloop
  endfacet
  facet normal 0 0 -1
    outer loop
      vertex 79.9808 143.146 0
      vertex 89.1525 143.146 0
      vertex 88.8999 142.994 0
    endloop
  endfacet
  facet normal 0 0 -1
    outer loop
      vertex 80.2334 142.994 0
      vertex 88.8999 142.994 0
      vertex 88.6635 142.819 0
    endloop
  endfacet
  facet normal 0 0 -1
    outer loop
      vertex 80.4698 142.819 0
      vertex 88.6635 142.819 0
      vertex 88.4453 142.621 0
    endloop
  endfacet
  facet normal 0 0 -1
    outer loop
      vertex 80.688 142.621 0
      vertex 88.4453 142.621 0
      vertex 88.2476 142.403 0
    endloop
  endfacet
  facet normal 0 0 -1
    outer loop
      vertex 80.8857 142.403 0
      vertex 88.2476 142.403 0
      vertex 88.0723 142.167 0
    endloop
  endfacet
  facet normal 0 0 -1
    outer loop
      vertex 81.0611 142.167 0
      vertex 88.0723 142.167 0
      vertex 87.9209 141.914 0
    endloop
  endfacet
  facet normal 0 0 -1
    outer loop
      vertex 87.5811 40.9559 0
      vertex 81.5667 41.25 0
      vertex 87.5667 41.25 0
    endloop
  endfacet
  facet normal 0 0 -1
    outer loop
      vertex 87.6243 62.9147 0
      vertex 81.5667 63.5 0
      vertex 87.5811 63.2059 0
    endloop
  endfacet
  facet normal 0 0 -1
    outer loop
      vertex 81.5667 73.75 0
      vertex 87.5667 73.75 0
      vertex 81.5667 63.5 0
    endloop
  endfacet
  facet normal 0 0 -1
    outer loop
      vertex 87.5667 85.75 0
      vertex 81.5667 85.75 0
      vertex 87.5667 96 0
    endloop
  endfacet
  facet normal 0 0 -1
    outer loop
      vertex 87.5811 107.706 0
      vertex 81.5667 108 0
      vertex 87.5667 108 0
    endloop
  endfacet
  facet normal 0 0 -1
    outer loop
      vertex 87.5667 108 0
      vertex 81.5667 108 0
      vertex 87.5667 118.25 0
    endloop
  endfacet
  facet normal 0 0 -1
    outer loop
      vertex 81.5667 118.25 0
      vertex 87.5667 118.25 0
      vertex 81.5667 108 0
    endloop
  endfacet
  facet normal 0 0 -1
    outer loop
      vertex 87.6243 129.665 0
      vertex 81.5667 130.25 0
      vertex 87.5811 129.956 0
    endloop
  endfacet
  facet normal 0 0 -1
    outer loop
      vertex 87.5811 129.956 0
      vertex 81.5667 130.25 0
      vertex 87.5667 130.25 0
    endloop
  endfacet
  facet normal 0 0 -1
    outer loop
      vertex 87.5667 130.25 0
      vertex 81.5667 130.25 0
      vertex 87.5667 140.5 0
    endloop
  endfacet
  facet normal 0 0 -1
    outer loop
      vertex 81.5667 140.5 0
      vertex 87.5667 140.5 0
      vertex 81.5667 130.25 0
    endloop
  endfacet
  facet normal 0 0 -1
    outer loop
      vertex 87.5667 140.5 0
      vertex 81.5667 140.5 0
      vertex 87.5811 140.794 0
    endloop
  endfacet
  facet normal 0 0 -1
    outer loop
      vertex 81.5522 140.794 0
      vertex 87.5811 140.794 0
      vertex 81.5667 140.5 0
    endloop
  endfacet
  facet normal 0 0 -1
    outer loop
      vertex 87.5811 140.794 0
      vertex 81.5522 140.794 0
      vertex 87.6243 141.085 0
    endloop
  endfacet
  facet normal 0 0 -1
    outer loop
      vertex 81.509 141.085 0
      vertex 87.6243 141.085 0
      vertex 81.5522 140.794 0
    endloop
  endfacet
  facet normal 0 0 -1
    outer loop
      vertex 87.6243 141.085 0
      vertex 81.509 141.085 0
      vertex 87.6958 141.371 0
    endloop
  endfacet
  facet normal 0 0 -1
    outer loop
      vertex 81.4375 141.371 0
      vertex 87.6958 141.371 0
      vertex 81.509 141.085 0
    endloop
  endfacet
  facet normal 0 0 -1
    outer loop
      vertex 87.6958 141.371 0
      vertex 81.4375 141.371 0
      vertex 87.795 141.648 0
    endloop
  endfacet
  facet normal 0 0 -1
    outer loop
      vertex 81.3383 141.648 0
      vertex 87.795 141.648 0
      vertex 81.4375 141.371 0
    endloop
  endfacet
  facet normal 0 0 -1
    outer loop
      vertex 87.795 141.648 0
      vertex 81.3383 141.648 0
      vertex 87.9209 141.914 0
    endloop
  endfacet
  facet normal 0 0 -1
    outer loop
      vertex 81.2124 141.914 0
      vertex 87.9209 141.914 0
      vertex 81.3383 141.648 0
    endloop
  endfacet
  facet normal 0 0 -1
    outer loop
      vertex 81.0611 142.167 0
      vertex 87.9209 141.914 0
      vertex 81.2124 141.914 0
    endloop
  endfacet
  facet normal 0 0 -1
    outer loop
      vertex 88.0723 142.167 0
      vertex 81.0611 142.167 0
      vertex 80.8857 142.403 0
    endloop
  endfacet
  facet normal 0 0 -1
    outer loop
      vertex 88.2476 142.403 0
      vertex 80.8857 142.403 0
      vertex 80.688 142.621 0
    endloop
  endfacet
  facet normal 0 0 -1
    outer loop
      vertex 88.4453 142.621 0
      vertex 80.688 142.621 0
      vertex 80.4698 142.819 0
    endloop
  endfacet
  facet normal 0 0 -1
    outer loop
      vertex 88.6635 142.819 0
      vertex 80.4698 142.819 0
      vertex 80.2334 142.994 0
    endloop
  endfacet
  facet normal 0 0 -1
    outer loop
      vertex 88.8999 142.994 0
      vertex 80.2334 142.994 0
      vertex 79.9808 143.146 0
    endloop
  endfacet
  facet normal 0 0 -1
    outer loop
      vertex 89.1525 143.146 0
      vertex 79.9808 143.146 0
      vertex 79.7147 143.272 0
    endloop
  endfacet
  facet normal 0 0 -1
    outer loop
      vertex 89.4186 143.272 0
      vertex 79.7147 143.272 0
      vertex 79.4375 143.371 0
    endloop
  endfacet
  facet normal 0 0 -1
    outer loop
      vertex 89.6958 143.371 0
      vertex 79.4375 143.371 0
      vertex 104.107 174.9 0
    endloop
  endfacet
  facet normal 0 0 -1
    outer loop
      vertex 79.1519 143.442 0
      vertex 104.107 174.9 0
      vertex 79.4375 143.371 0
    endloop
  endfacet
  facet normal 0 0 -1
    outer loop
      vertex 78.8607 143.486 0
      vertex 104.107 174.9 0
      vertex 79.1519 143.442 0
    endloop
  endfacet
  facet normal 0 0 -1
    outer loop
      vertex 78.5667 143.5 0
      vertex 104.107 174.9 0
      vertex 78.8607 143.486 0
    endloop
  endfacet
  facet normal 0 0 -1
    outer loop
      vertex 54.7833 143.5 0
      vertex 104.107 174.9 0
      vertex 78.5667 143.5 0
    endloop
  endfacet
  facet normal 0 0 -1
    outer loop
      vertex 29.2426 174.9 0
      vertex 54.7833 143.5 0
      vertex 54.4893 143.486 0
    endloop
  endfacet
  facet normal 0 0 -1
    outer loop
      vertex 29.2426 174.9 0
      vertex 54.4893 143.486 0
      vertex 54.1981 143.442 0
    endloop
  endfacet
  facet normal 0 0 -1
    outer loop
      vertex 29.2426 174.9 0
      vertex 54.1981 143.442 0
      vertex 53.9125 143.371 0
    endloop
  endfacet
  facet normal 0 0 -1
    outer loop
      vertex 43.6542 143.371 0
      vertex 53.9125 143.371 0
      vertex 53.6353 143.272 0
    endloop
  endfacet
  facet normal 0 0 -1
    outer loop
      vertex 43.9314 143.272 0
      vertex 53.6353 143.272 0
      vertex 53.3691 143.146 0
    endloop
  endfacet
  facet normal 0 0 -1
    outer loop
      vertex 44.1975 143.146 0
      vertex 53.3691 143.146 0
      vertex 53.1166 142.994 0
    endloop
  endfacet
  facet normal 0 0 -1
    outer loop
      vertex 51.7978 40.9559 0
      vertex 45.7833 41.25 0
      vertex 51.7833 41.25 0
    endloop
  endfacet
  facet normal 0 0 -1
    outer loop
      vertex 51.841 62.9147 0
      vertex 45.7833 63.5 0
      vertex 51.7978 63.2059 0
    endloop
  endfacet
  facet normal 0 0 -1
    outer loop
      vertex 45.7833 73.75 0
      vertex 51.7833 73.75 0
      vertex 45.7833 63.5 0
    endloop
  endfacet
  facet normal 0 0 -1
    outer loop
      vertex 51.7833 85.75 0
      vertex 45.7833 85.75 0
      vertex 51.7833 96 0
    endloop
  endfacet
  facet normal 0 0 -1
    outer loop
      vertex 51.7978 107.706 0
      vertex 45.7833 108 0
      vertex 51.7833 108 0
    endloop
  endfacet
  facet normal 0 0 -1
    outer loop
      vertex 51.7833 108 0
      vertex 45.7833 108 0
      vertex 51.7833 118.25 0
    endloop
  endfacet
  facet normal 0 0 -1
    outer loop
      vertex 45.7833 118.25 0
      vertex 51.7833 118.25 0
      vertex 45.7833 108 0
    endloop
  endfacet
  facet normal 0 0 -1
    outer loop
      vertex 51.841 129.665 0
      vertex 45.7833 130.25 0
      vertex 51.7978 129.956 0
    endloop
  endfacet
  facet normal 0 0 -1
    outer loop
      vertex 51.7978 129.956 0
      vertex 45.7833 130.25 0
      vertex 51.7833 130.25 0
    endloop
  endfacet
  facet normal 0 0 -1
    outer loop
      vertex 51.7833 130.25 0
      vertex 45.7833 130.25 0
      vertex 51.7833 140.5 0
    endloop
  endfacet
  facet normal 0 0 -1
    outer loop
      vertex 45.7833 140.5 0
      vertex 51.7833 140.5 0
      vertex 45.7833 130.25 0
    endloop
  endfacet
  facet normal 0 0 -1
    outer loop
      vertex 51.7833 140.5 0
      vertex 45.7833 140.5 0
      vertex 51.7978 140.794 0
    endloop
  endfacet
  facet normal 0 0 -1
    outer loop
      vertex 45.7689 140.794 0
      vertex 51.7978 140.794 0
      vertex 45.7833 140.5 0
    endloop
  endfacet
  facet normal 0 0 -1
    outer loop
      vertex 51.7978 140.794 0
      vertex 45.7689 140.794 0
      vertex 51.841 141.085 0
    endloop
  endfacet
  facet normal 0 0 -1
    outer loop
      vertex 45.7257 141.085 0
      vertex 51.841 141.085 0
      vertex 45.7689 140.794 0
    endloop
  endfacet
  facet normal 0 0 -1
    outer loop
      vertex 51.841 141.085 0
      vertex 45.7257 141.085 0
      vertex 51.9125 141.371 0
    endloop
  endfacet
  facet normal 0 0 -1
    outer loop
      vertex 45.6541 141.371 0
      vertex 51.9125 141.371 0
      vertex 45.7257 141.085 0
    endloop
  endfacet
  facet normal 0 0 -1
    outer loop
      vertex 51.9125 141.371 0
      vertex 45.6541 141.371 0
      vertex 52.0117 141.648 0
    endloop
  endfacet
  facet normal 0 0 -1
    outer loop
      vertex 45.555 141.648 0
      vertex 52.0117 141.648 0
      vertex 45.6541 141.371 0
    endloop
  endfacet
  facet normal 0 0 -1
    outer loop
      vertex 52.0117 141.648 0
      vertex 45.555 141.648 0
      vertex 52.1376 141.914 0
    endloop
  endfacet
  facet normal 0 0 -1
    outer loop
      vertex 45.4291 141.914 0
      vertex 52.1376 141.914 0
      vertex 45.555 141.648 0
    endloop
  endfacet
  facet normal 0 0 -1
    outer loop
      vertex 52.1376 141.914 0
      vertex 45.4291 141.914 0
      vertex 52.2889 142.167 0
    endloop
  endfacet
  facet normal 0 0 -1
    outer loop
      vertex 45.2777 142.167 0
      vertex 52.2889 142.167 0
      vertex 45.4291 141.914 0
    endloop
  endfacet
  facet normal 0 0 -1
    outer loop
      vertex 52.2889 142.167 0
      vertex 45.2777 142.167 0
      vertex 52.4643 142.403 0
    endloop
  endfacet
  facet normal 0 0 -1
    outer loop
      vertex 45.1024 142.403 0
      vertex 52.4643 142.403 0
      vertex 45.2777 142.167 0
    endloop
  endfacet
  facet normal 0 0 -1
    outer loop
      vertex 52.4643 142.403 0
      vertex 45.1024 142.403 0
      vertex 52.662 142.621 0
    endloop
  endfacet
  facet normal 0 0 -1
    outer loop
      vertex 44.9046 142.621 0
      vertex 52.662 142.621 0
      vertex 45.1024 142.403 0
    endloop
  endfacet
  facet normal 0 0 -1
    outer loop
      vertex 52.662 142.621 0
      vertex 44.9046 142.621 0
      vertex 52.8801 142.819 0
    endloop
  endfacet
  facet normal 0 0 -1
    outer loop
      vertex 44.6865 142.819 0
      vertex 52.8801 142.819 0
      vertex 44.9046 142.621 0
    endloop
  endfacet
  facet normal 0 0 -1
    outer loop
      vertex 52.8801 142.819 0
      vertex 44.6865 142.819 0
      vertex 53.1166 142.994 0
    endloop
  endfacet
  facet normal 0 0 -1
    outer loop
      vertex 44.45 142.994 0
      vertex 53.1166 142.994 0
      vertex 44.6865 142.819 0
    endloop
  endfacet
  facet normal 0 0 -1
    outer loop
      vertex 44.1975 143.146 0
      vertex 53.1166 142.994 0
      vertex 44.45 142.994 0
    endloop
  endfacet
  facet normal 0 0 -1
    outer loop
      vertex 53.3691 143.146 0
      vertex 44.1975 143.146 0
      vertex 43.9314 143.272 0
    endloop
  endfacet
  facet normal 0 0 -1
    outer loop
      vertex 53.6353 143.272 0
      vertex 43.9314 143.272 0
      vertex 43.6542 143.371 0
    endloop
  endfacet
  facet normal 0 0 -1
    outer loop
      vertex 53.9125 143.371 0
      vertex 43.6542 143.371 0
      vertex 29.2426 174.9 0
    endloop
  endfacet
  facet normal 0 0 -1
    outer loop
      vertex 29.2426 174.9 0
      vertex 43.6542 143.371 0
      vertex 43.3686 143.442 0
    endloop
  endfacet
  facet normal 0 0 -1
    outer loop
      vertex 29.2426 174.9 0
      vertex 43.3686 143.442 0
      vertex 43.0774 143.486 0
    endloop
  endfacet
  facet normal 0 0 -1
    outer loop
      vertex 29.2426 174.9 0
      vertex 43.0774 143.486 0
      vertex 42.7833 143.5 0
    endloop
  endfacet
  facet normal 0 0 -1
    outer loop
      vertex 54.7833 143.5 0
      vertex 29.2426 174.9 0
      vertex 104.107 174.9 0
    endloop
  endfacet
  facet normal 0 0 -1
    outer loop
      vertex 27.1213 174.021 0
      vertex 29.2426 174.9 0
      vertex 42.7833 143.5 0
    endloop
  endfacet
  facet normal 0 0 -1
    outer loop
      vertex 29.2426 174.9 0
      vertex 27.1213 174.021 0
      vertex 28.9486 174.886 0
    endloop
  endfacet
  facet normal 0 0 -1
    outer loop
      vertex 28.9486 174.886 0
      vertex 27.1213 174.021 0
      vertex 28.6574 174.842 0
    endloop
  endfacet
  facet normal 0 0 -1
    outer loop
      vertex 28.6574 174.842 0
      vertex 27.1213 174.021 0
      vertex 28.3718 174.771 0
    endloop
  endfacet
  facet normal 0 0 -1
    outer loop
      vertex 28.3718 174.771 0
      vertex 27.1213 174.021 0
      vertex 28.0946 174.672 0
    endloop
  endfacet
  facet normal 0 0 -1
    outer loop
      vertex 28.0946 174.672 0
      vertex 27.1213 174.021 0
      vertex 27.8285 174.546 0
    endloop
  endfacet
  facet normal 0 0 -1
    outer loop
      vertex 27.8285 174.546 0
      vertex 27.1213 174.021 0
      vertex 27.5759 174.394 0
    endloop
  endfacet
  facet normal 0 0 -1
    outer loop
      vertex 27.5759 174.394 0
      vertex 27.1213 174.021 0
      vertex 27.3395 174.219 0
    endloop
  endfacet
  facet normal 0 0 -1
    outer loop
      vertex 19 143.5 0
      vertex 27.1213 174.021 0
      vertex 42.7833 143.5 0
    endloop
  endfacet
  facet normal 0 0 -1
    outer loop
      vertex 18.7059 143.486 0
      vertex 27.1213 174.021 0
      vertex 19 143.5 0
    endloop
  endfacet
  facet normal 0 0 -1
    outer loop
      vertex 18.4147 143.442 0
      vertex 27.1213 174.021 0
      vertex 18.7059 143.486 0
    endloop
  endfacet
  facet normal 0 0 -1
    outer loop
      vertex 18.1292 143.371 0
      vertex 27.1213 174.021 0
      vertex 18.4147 143.442 0
    endloop
  endfacet
  facet normal 0 0 -1
    outer loop
      vertex 0.878677 147.779 0
      vertex 18.1292 143.371 0
      vertex 17.8519 143.272 0
    endloop
  endfacet
  facet normal 0 0 -1
    outer loop
      vertex 0.878677 147.779 0
      vertex 17.8519 143.272 0
      vertex 17.5858 143.146 0
    endloop
  endfacet
  facet normal 0 0 -1
    outer loop
      vertex 0.878677 147.779 0
      vertex 17.5858 143.146 0
      vertex 17.3333 142.994 0
    endloop
  endfacet
  facet normal 0 0 -1
    outer loop
      vertex 0.878677 147.779 0
      vertex 17.3333 142.994 0
      vertex 17.0968 142.819 0
    endloop
  endfacet
  facet normal 0 0 -1
    outer loop
      vertex 0.878677 147.779 0
      vertex 17.0968 142.819 0
      vertex 16.8787 142.621 0
    endloop
  endfacet
  facet normal 0 0 -1
    outer loop
      vertex 0.878677 147.779 0
      vertex 16.8787 142.621 0
      vertex 16.681 142.403 0
    endloop
  endfacet
  facet normal 0 0 -1
    outer loop
      vertex 0.878677 147.779 0
      vertex 16.681 142.403 0
      vertex 16.5056 142.167 0
    endloop
  endfacet
  facet normal 0 0 -1
    outer loop
      vertex 0.878677 147.779 0
      vertex 16.5056 142.167 0
      vertex 16.3542 141.914 0
    endloop
  endfacet
  facet normal 0 0 -1
    outer loop
      vertex 0.878677 147.779 0
      vertex 16.3542 141.914 0
      vertex 16.2284 141.648 0
    endloop
  endfacet
  facet normal 0 0 -1
    outer loop
      vertex 0.878677 147.779 0
      vertex 16.2284 141.648 0
      vertex 16.1292 141.371 0
    endloop
  endfacet
  facet normal 0 0 -1
    outer loop
      vertex 16 108 0
      vertex 0 145.657 0
      vertex 16 118.25 0
    endloop
  endfacet
  facet normal 0 0 -1
    outer loop
      vertex 0 3 0
      vertex 3 0 0
      vertex 2.70595 0.0144501 0
    endloop
  endfacet
  facet normal 0 0 -1
    outer loop
      vertex 0 3 0
      vertex 2.70595 0.0144501 0
      vertex 2.41473 0.0576477 0
    endloop
  endfacet
  facet normal 0 0 -1
    outer loop
      vertex 0 3 0
      vertex 2.41473 0.0576477 0
      vertex 2.12915 0.129181 0
    endloop
  endfacet
  facet normal 0 0 -1
    outer loop
      vertex 0 3 0
      vertex 2.12915 0.129181 0
      vertex 1.85194 0.228363 0
    endloop
  endfacet
  facet normal 0 0 -1
    outer loop
      vertex 0 3 0
      vertex 1.85194 0.228363 0
      vertex 1.58582 0.354233 0
    endloop
  endfacet
  facet normal 0 0 -1
    outer loop
      vertex 0 3 0
      vertex 1.58582 0.354233 0
      vertex 1.33328 0.505585 0
    endloop
  endfacet
  facet normal 0 0 -1
    outer loop
      vertex 0 3 0
      vertex 1.33328 0.505585 0
      vertex 1.09682 0.680969 0
    endloop
  endfacet
  facet normal 0 0 -1
    outer loop
      vertex 0 3 0
      vertex 1.09682 0.680969 0
      vertex 0.878677 0.878677 0
    endloop
  endfacet
  facet normal 0 0 -1
    outer loop
      vertex 18.1292 143.371 0
      vertex 0.878677 147.779 0
      vertex 27.1213 174.021 0
    endloop
  endfacet
  facet normal 0 0 -1
    outer loop
      vertex 0 145.657 0
      vertex 16.1292 141.371 0
      vertex 16.0576 141.085 0
    endloop
  endfacet
  facet normal 0 0 -1
    outer loop
      vertex 0 145.657 0
      vertex 16.0576 141.085 0
      vertex 16.0145 140.794 0
    endloop
  endfacet
  facet normal 0 0 -1
    outer loop
      vertex 16 130.25 0
      vertex 0 145.657 0
      vertex 16 140.5 0
    endloop
  endfacet
  facet normal 0 0 -1
    outer loop
      vertex 0 3 0
      vertex 0.878677 0.878677 0
      vertex 0.680969 1.09682 0
    endloop
  endfacet
  facet normal 0 0 -1
    outer loop
      vertex 16 140.5 0
      vertex 0 145.657 0
      vertex 16.0145 140.794 0
    endloop
  endfacet
  facet normal 0 0 -1
    outer loop
      vertex 0 3 0
      vertex 0.680969 1.09682 0
      vertex 0.505585 1.33328 0
    endloop
  endfacet
  facet normal 0 0 -1
    outer loop
      vertex 16.1292 141.371 0
      vertex 0 145.657 0
      vertex 0.878677 147.779 0
    endloop
  endfacet
  facet normal 0 0 -1
    outer loop
      vertex 0 3 0
      vertex 0.505585 1.33328 0
      vertex 0.354233 1.58582 0
    endloop
  endfacet
  facet normal 0 0 -1
    outer loop
      vertex 0.878677 147.779 0
      vertex 0 145.657 0
      vertex 0.680969 147.561 0
    endloop
  endfacet
  facet normal 0 0 -1
    outer loop
      vertex 0 3 0
      vertex 0.354233 1.58582 0
      vertex 0.228363 1.85194 0
    endloop
  endfacet
  facet normal 0 0 -1
    outer loop
      vertex 0.680969 147.561 0
      vertex 0 145.657 0
      vertex 0.505585 147.324 0
    endloop
  endfacet
  facet normal 0 0 -1
    outer loop
      vertex 0 3 0
      vertex 0.228363 1.85194 0
      vertex 0.129181 2.12915 0
    endloop
  endfacet
  facet normal 0 0 -1
    outer loop
      vertex 0.505585 147.324 0
      vertex 0 145.657 0
      vertex 0.354233 147.072 0
    endloop
  endfacet
  facet normal 0 0 -1
    outer loop
      vertex 0 3 0
      vertex 0.129181 2.12915 0
      vertex 0.0576477 2.41473 0
    endloop
  endfacet
  facet normal 0 0 -1
    outer loop
      vertex 0.354233 147.072 0
      vertex 0 145.657 0
      vertex 0.228363 146.805 0
    endloop
  endfacet
  facet normal 0 0 -1
    outer loop
      vertex 0 3 0
      vertex 0.0576477 2.41473 0
      vertex 0.0144501 2.70595 0
    endloop
  endfacet
  facet normal 0 0 -1
    outer loop
      vertex 0.228363 146.805 0
      vertex 0 145.657 0
      vertex 0.129181 146.528 0
    endloop
  endfacet
  facet normal 0 0 -1
    outer loop
      vertex 0.129181 146.528 0
      vertex 0 145.657 0
      vertex 0.0576477 146.243 0
    endloop
  endfacet
  facet normal 0 0 -1
    outer loop
      vertex 0.0576477 146.243 0
      vertex 0 145.657 0
      vertex 0.0144501 145.951 0
    endloop
  endfacet
  facet normal 0.146836 -0.989161 0
    outer loop
      vertex 130.644 0.0144501 0
      vertex 130.935 0.0576477 4
      vertex 130.644 0.0144501 4
    endloop
  endfacet
  facet normal 0.146836 -0.989161 0
    outer loop
      vertex 130.935 0.0576477 4
      vertex 130.644 0.0144501 0
      vertex 130.935 0.0576477 0
    endloop
  endfacet
  facet normal 0.242642 -0.970116 0
    outer loop
      vertex 130.935 0.0576477 0
      vertex 131.221 0.129181 4
      vertex 130.935 0.0576477 4
    endloop
  endfacet
  facet normal 0.242642 -0.970116 0
    outer loop
      vertex 131.221 0.129181 4
      vertex 130.935 0.0576477 0
      vertex 131.221 0.129181 0
    endloop
  endfacet
  facet normal 0.3371 -0.941469 0
    outer loop
      vertex 131.221 0.129181 0
      vertex 131.498 0.228363 4
      vertex 131.221 0.129181 4
    endloop
  endfacet
  facet normal 0.3371 -0.941469 0
    outer loop
      vertex 131.498 0.228363 4
      vertex 131.221 0.129181 0
      vertex 131.498 0.228363 0
    endloop
  endfacet
  facet normal 0.427726 -0.903909 0
    outer loop
      vertex 131.498 0.228363 0
      vertex 131.764 0.354233 4
      vertex 131.498 0.228363 4
    endloop
  endfacet
  facet normal 0.427726 -0.903909 0
    outer loop
      vertex 131.764 0.354233 4
      vertex 131.498 0.228363 0
      vertex 131.764 0.354233 0
    endloop
  endfacet
  facet normal 0.513378 -0.858163 0
    outer loop
      vertex 131.764 0.354233 0
      vertex 132.017 0.505585 4
      vertex 131.764 0.354233 4
    endloop
  endfacet
  facet normal 0.513378 -0.858163 0
    outer loop
      vertex 132.017 0.505585 4
      vertex 131.764 0.354233 0
      vertex 132.017 0.505585 0
    endloop
  endfacet
  facet normal 0.596477 -0.80263 0
    outer loop
      vertex 132.017 0.505585 0
      vertex 132.253 0.680969 4
      vertex 132.017 0.505585 4
    endloop
  endfacet
  facet normal 0.596477 -0.80263 0
    outer loop
      vertex 132.253 0.680969 4
      vertex 132.017 0.505585 0
      vertex 132.253 0.680969 0
    endloop
  endfacet
  facet normal 0.671791 -0.740741 0
    outer loop
      vertex 132.253 0.680969 0
      vertex 132.471 0.878677 4
      vertex 132.253 0.680969 4
    endloop
  endfacet
  facet normal 0.671791 -0.740741 0
    outer loop
      vertex 132.471 0.878677 4
      vertex 132.253 0.680969 0
      vertex 132.471 0.878677 0
    endloop
  endfacet
  facet normal 0.740467 -0.672093 0
    outer loop
      vertex 132.471 0.878677 4
      vertex 132.669 1.09682 0
      vertex 132.669 1.09682 4
    endloop
  endfacet
  facet normal 0.740467 -0.672093 0
    outer loop
      vertex 132.669 1.09682 0
      vertex 132.471 0.878677 4
      vertex 132.471 0.878677 0
    endloop
  endfacet
  facet normal 0.80381 -0.594886 0
    outer loop
      vertex 132.669 1.09682 4
      vertex 132.844 1.33328 0
      vertex 132.844 1.33328 4
    endloop
  endfacet
  facet normal 0.80381 -0.594886 0
    outer loop
      vertex 132.844 1.33328 0
      vertex 132.669 1.09682 4
      vertex 132.669 1.09682 0
    endloop
  endfacet
  facet normal 0.85678 -0.515683 0
    outer loop
      vertex 132.844 1.33328 4
      vertex 132.996 1.58582 0
      vertex 132.996 1.58582 4
    endloop
  endfacet
  facet normal 0.85678 -0.515683 0
    outer loop
      vertex 132.996 1.58582 0
      vertex 132.844 1.33328 4
      vertex 132.844 1.33328 0
    endloop
  endfacet
  facet normal 0.903813 -0.427929 0
    outer loop
      vertex 132.996 1.58582 4
      vertex 133.122 1.85194 0
      vertex 133.122 1.85194 4
    endloop
  endfacet
  facet normal 0.903813 -0.427929 0
    outer loop
      vertex 133.122 1.85194 0
      vertex 132.996 1.58582 4
      vertex 132.996 1.58582 0
    endloop
  endfacet
  facet normal 0.941746 -0.336326 0
    outer loop
      vertex 133.122 1.85194 4
      vertex 133.221 2.12915 0
      vertex 133.221 2.12915 4
    endloop
  endfacet
  facet normal 0.941746 -0.336326 0
    outer loop
      vertex 133.221 2.12915 0
      vertex 133.122 1.85194 4
      vertex 133.122 1.85194 0
    endloop
  endfacet
  facet normal 0.970458 -0.241272 0
    outer loop
      vertex 133.221 2.12915 4
      vertex 133.292 2.41473 0
      vertex 133.292 2.41473 4
    endloop
  endfacet
  facet normal 0.970458 -0.241272 0
    outer loop
      vertex 133.292 2.41473 0
      vertex 133.221 2.12915 4
      vertex 133.221 2.12915 0
    endloop
  endfacet
  facet normal 0.988778 -0.149393 0
    outer loop
      vertex 133.292 2.41473 4
      vertex 133.336 2.70595 0
      vertex 133.336 2.70595 4
    endloop
  endfacet
  facet normal 0.988778 -0.149393 0
    outer loop
      vertex 133.336 2.70595 0
      vertex 133.292 2.41473 4
      vertex 133.292 2.41473 0
    endloop
  endfacet
  facet normal 0.998869 -0.0475571 0
    outer loop
      vertex 133.336 2.70595 4
      vertex 133.35 3 0
      vertex 133.35 3 4
    endloop
  endfacet
  facet normal 0.998869 -0.0475571 0
    outer loop
      vertex 133.35 3 0
      vertex 133.336 2.70595 4
      vertex 133.336 2.70595 0
    endloop
  endfacet
  facet normal 1 -0 0
    outer loop
      vertex 133.35 3 4
      vertex 133.35 145.657 0
      vertex 133.35 145.657 4
    endloop
  endfacet
  facet normal 1 0 0
    outer loop
      vertex 133.35 145.657 0
      vertex 133.35 3 4
      vertex 133.35 3 0
    endloop
  endfacet
  facet normal 0.998868 0.0475651 0
    outer loop
      vertex 133.35 145.657 4
      vertex 133.336 145.951 0
      vertex 133.336 145.951 4
    endloop
  endfacet
  facet normal 0.998868 0.0475651 0
    outer loop
      vertex 133.336 145.951 0
      vertex 133.35 145.657 4
      vertex 133.35 145.657 0
    endloop
  endfacet
  facet normal 0.988837 0.149003 0
    outer loop
      vertex 133.336 145.951 4
      vertex 133.292 146.243 0
      vertex 133.292 146.243 4
    endloop
  endfacet
  facet normal 0.988837 0.149003 0
    outer loop
      vertex 133.292 146.243 0
      vertex 133.336 145.951 4
      vertex 133.336 145.951 0
    endloop
  endfacet
  facet normal 0.970342 0.241734 0
    outer loop
      vertex 133.292 146.243 4
      vertex 133.221 146.528 0
      vertex 133.221 146.528 4
    endloop
  endfacet
  facet normal 0.970342 0.241734 0
    outer loop
      vertex 133.221 146.528 0
      vertex 133.292 146.243 4
      vertex 133.292 146.243 0
    endloop
  endfacet
  facet normal 0.941665 0.336552 0
    outer loop
      vertex 133.221 146.528 4
      vertex 133.122 146.805 0
      vertex 133.122 146.805 4
    endloop
  endfacet
  facet normal 0.941665 0.336552 0
    outer loop
      vertex 133.122 146.805 0
      vertex 133.221 146.528 4
      vertex 133.221 146.528 0
    endloop
  endfacet
  facet normal 0.904358 0.426775 0
    outer loop
      vertex 133.122 146.805 4
      vertex 132.996 147.072 0
      vertex 132.996 147.072 4
    endloop
  endfacet
  facet normal 0.904358 0.426775 0
    outer loop
      vertex 132.996 147.072 0
      vertex 133.122 146.805 4
      vertex 133.122 146.805 0
    endloop
  endfacet
  facet normal 0.856291 0.516493 0
    outer loop
      vertex 132.996 147.072 4
      vertex 132.844 147.324 0
      vertex 132.844 147.324 4
    endloop
  endfacet
  facet normal 0.856291 0.516493 0
    outer loop
      vertex 132.844 147.324 0
      vertex 132.996 147.072 4
      vertex 132.996 147.072 0
    endloop
  endfacet
  facet normal 0.804458 0.594009 0
    outer loop
      vertex 132.844 147.324 4
      vertex 132.669 147.561 0
      vertex 132.669 147.561 4
    endloop
  endfacet
  facet normal 0.804458 0.594009 0
    outer loop
      vertex 132.669 147.561 0
      vertex 132.844 147.324 4
      vertex 132.844 147.324 0
    endloop
  endfacet
  facet normal 0.740247 0.672335 0
    outer loop
      vertex 132.669 147.561 4
      vertex 132.471 147.779 0
      vertex 132.471 147.779 4
    endloop
  endfacet
  facet normal 0.740247 0.672335 0
    outer loop
      vertex 132.471 147.779 0
      vertex 132.669 147.561 4
      vertex 132.669 147.561 0
    endloop
  endfacet
  facet normal 0.707107 0.707107 0
    outer loop
      vertex 132.471 147.779 4
      vertex 106.229 174.021 0
      vertex 106.229 174.021 4
    endloop
  endfacet
  facet normal 0.707107 0.707107 0
    outer loop
      vertex 106.229 174.021 0
      vertex 132.471 147.779 4
      vertex 132.471 147.779 0
    endloop
  endfacet
  facet normal 0.672335 0.740247 -0
    outer loop
      vertex 106.229 174.021 0
      vertex 106.011 174.219 4
      vertex 106.229 174.021 4
    endloop
  endfacet
  facet normal 0.672335 0.740247 0
    outer loop
      vertex 106.011 174.219 4
      vertex 106.229 174.021 0
      vertex 106.011 174.219 0
    endloop
  endfacet
  facet normal 0.594009 0.804458 -0
    outer loop
      vertex 106.011 174.219 0
      vertex 105.774 174.394 4
      vertex 106.011 174.219 4
    endloop
  endfacet
  facet normal 0.594009 0.804458 0
    outer loop
      vertex 105.774 174.394 4
      vertex 106.011 174.219 0
      vertex 105.774 174.394 0
    endloop
  endfacet
  facet normal 0.516493 0.856291 -0
    outer loop
      vertex 105.774 174.394 0
      vertex 105.522 174.546 4
      vertex 105.774 174.394 4
    endloop
  endfacet
  facet normal 0.516493 0.856291 0
    outer loop
      vertex 105.522 174.546 4
      vertex 105.774 174.394 0
      vertex 105.522 174.546 0
    endloop
  endfacet
  facet normal 0.426775 0.904358 -0
    outer loop
      vertex 105.522 174.546 0
      vertex 105.255 174.672 4
      vertex 105.522 174.546 4
    endloop
  endfacet
  facet normal 0.426775 0.904358 0
    outer loop
      vertex 105.255 174.672 4
      vertex 105.522 174.546 0
      vertex 105.255 174.672 0
    endloop
  endfacet
  facet normal 0.336552 0.941665 -0
    outer loop
      vertex 105.255 174.672 0
      vertex 104.978 174.771 4
      vertex 105.255 174.672 4
    endloop
  endfacet
  facet normal 0.336552 0.941665 0
    outer loop
      vertex 104.978 174.771 4
      vertex 105.255 174.672 0
      vertex 104.978 174.771 0
    endloop
  endfacet
  facet normal 0.241734 0.970342 -0
    outer loop
      vertex 104.978 174.771 0
      vertex 104.693 174.842 4
      vertex 104.978 174.771 4
    endloop
  endfacet
  facet normal 0.241734 0.970342 0
    outer loop
      vertex 104.693 174.842 4
      vertex 104.978 174.771 0
      vertex 104.693 174.842 0
    endloop
  endfacet
  facet normal 0.149003 0.988837 -0
    outer loop
      vertex 104.693 174.842 0
      vertex 104.401 174.886 4
      vertex 104.693 174.842 4
    endloop
  endfacet
  facet normal 0.149003 0.988837 0
    outer loop
      vertex 104.401 174.886 4
      vertex 104.693 174.842 0
      vertex 104.401 174.886 0
    endloop
  endfacet
  facet normal 0.0475651 0.998868 -0
    outer loop
      vertex 104.401 174.886 0
      vertex 104.107 174.9 4
      vertex 104.401 174.886 4
    endloop
  endfacet
  facet normal 0.0475651 0.998868 0
    outer loop
      vertex 104.107 174.9 4
      vertex 104.401 174.886 0
      vertex 104.107 174.9 0
    endloop
  endfacet
  facet normal 0 1 -0
    outer loop
      vertex 104.107 174.9 0
      vertex 29.2426 174.9 4
      vertex 104.107 174.9 4
    endloop
  endfacet
  facet normal 0 1 0
    outer loop
      vertex 29.2426 174.9 4
      vertex 104.107 174.9 0
      vertex 29.2426 174.9 0
    endloop
  endfacet
  facet normal -0.0475651 0.998868 0
    outer loop
      vertex 29.2426 174.9 0
      vertex 28.9486 174.886 4
      vertex 29.2426 174.9 4
    endloop
  endfacet
  facet normal -0.0475651 0.998868 0
    outer loop
      vertex 28.9486 174.886 4
      vertex 29.2426 174.9 0
      vertex 28.9486 174.886 0
    endloop
  endfacet
  facet normal -0.149403 0.988776 0
    outer loop
      vertex 28.9486 174.886 0
      vertex 28.6574 174.842 4
      vertex 28.9486 174.886 4
    endloop
  endfacet
  facet normal -0.149403 0.988776 0
    outer loop
      vertex 28.6574 174.842 4
      vertex 28.9486 174.886 0
      vertex 28.6574 174.842 0
    endloop
  endfacet
  facet normal -0.241256 0.970461 0
    outer loop
      vertex 28.6574 174.842 0
      vertex 28.3718 174.771 4
      vertex 28.6574 174.842 4
    endloop
  endfacet
  facet normal -0.241256 0.970461 0
    outer loop
      vertex 28.3718 174.771 4
      vertex 28.6574 174.842 0
      vertex 28.3718 174.771 0
    endloop
  endfacet
  facet normal -0.336336 0.941742 0
    outer loop
      vertex 28.3718 174.771 0
      vertex 28.0946 174.672 4
      vertex 28.3718 174.771 4
    endloop
  endfacet
  facet normal -0.336336 0.941742 0
    outer loop
      vertex 28.0946 174.672 4
      vertex 28.3718 174.771 0
      vertex 28.0946 174.672 0
    endloop
  endfacet
  facet normal -0.427955 0.9038 0
    outer loop
      vertex 28.0946 174.672 0
      vertex 27.8285 174.546 4
      vertex 28.0946 174.672 4
    endloop
  endfacet
  facet normal -0.427955 0.9038 0
    outer loop
      vertex 27.8285 174.546 4
      vertex 28.0946 174.672 0
      vertex 27.8285 174.546 0
    endloop
  endfacet
  facet normal -0.515593 0.856834 0
    outer loop
      vertex 27.8285 174.546 0
      vertex 27.5759 174.394 4
      vertex 27.8285 174.546 4
    endloop
  endfacet
  facet normal -0.515593 0.856834 0
    outer loop
      vertex 27.5759 174.394 4
      vertex 27.8285 174.546 0
      vertex 27.5759 174.394 0
    endloop
  endfacet
  facet normal -0.594984 0.803738 0
    outer loop
      vertex 27.5759 174.394 0
      vertex 27.3395 174.219 4
      vertex 27.5759 174.394 4
    endloop
  endfacet
  facet normal -0.594984 0.803738 0
    outer loop
      vertex 27.3395 174.219 4
      vertex 27.5759 174.394 0
      vertex 27.3395 174.219 0
    endloop
  endfacet
  facet normal -0.671997 0.740554 0
    outer loop
      vertex 27.3395 174.219 0
      vertex 27.1213 174.021 4
      vertex 27.3395 174.219 4
    endloop
  endfacet
  facet normal -0.671997 0.740554 0
    outer loop
      vertex 27.1213 174.021 4
      vertex 27.3395 174.219 0
      vertex 27.1213 174.021 0
    endloop
  endfacet
  facet normal -0.707098 0.707115 0
    outer loop
      vertex 0.878677 147.779 0
      vertex 27.1213 174.021 4
      vertex 27.1213 174.021 0
    endloop
  endfacet
  facet normal -0.707098 0.707115 0
    outer loop
      vertex 27.1213 174.021 4
      vertex 0.878677 147.779 0
      vertex 0.878677 147.779 4
    endloop
  endfacet
  facet normal -0.740741 0.671791 0
    outer loop
      vertex 0.680969 147.561 0
      vertex 0.878677 147.779 4
      vertex 0.878677 147.779 0
    endloop
  endfacet
  facet normal -0.740741 0.671791 0
    outer loop
      vertex 0.878677 147.779 4
      vertex 0.680969 147.561 0
      vertex 0.680969 147.561 4
    endloop
  endfacet
  facet normal -0.803835 0.594852 0
    outer loop
      vertex 0.505585 147.324 0
      vertex 0.680969 147.561 4
      vertex 0.680969 147.561 0
    endloop
  endfacet
  facet normal -0.803835 0.594852 0
    outer loop
      vertex 0.680969 147.561 4
      vertex 0.505585 147.324 0
      vertex 0.505585 147.324 4
    endloop
  endfacet
  facet normal -0.857265 0.514876 0
    outer loop
      vertex 0.354233 147.072 0
      vertex 0.505585 147.324 4
      vertex 0.505585 147.324 0
    endloop
  endfacet
  facet normal -0.857265 0.514876 0
    outer loop
      vertex 0.505585 147.324 4
      vertex 0.354233 147.072 0
      vertex 0.354233 147.072 4
    endloop
  endfacet
  facet normal -0.904528 0.426415 0
    outer loop
      vertex 0.228363 146.805 0
      vertex 0.354233 147.072 4
      vertex 0.354233 147.072 0
    endloop
  endfacet
  facet normal -0.904528 0.426415 0
    outer loop
      vertex 0.354233 147.072 4
      vertex 0.228363 146.805 0
      vertex 0.228363 146.805 4
    endloop
  endfacet
  facet normal -0.941469 0.3371 0
    outer loop
      vertex 0.129181 146.528 0
      vertex 0.228363 146.805 4
      vertex 0.228363 146.805 0
    endloop
  endfacet
  facet normal -0.941469 0.3371 0
    outer loop
      vertex 0.228363 146.805 4
      vertex 0.129181 146.528 0
      vertex 0.129181 146.528 4
    endloop
  endfacet
  facet normal -0.969915 0.243443 0
    outer loop
      vertex 0.0576477 146.243 0
      vertex 0.129181 146.528 4
      vertex 0.129181 146.528 0
    endloop
  endfacet
  facet normal -0.969915 0.243443 0
    outer loop
      vertex 0.129181 146.528 4
      vertex 0.0576477 146.243 0
      vertex 0.0576477 146.243 4
    endloop
  endfacet
  facet normal -0.989234 0.146344 0
    outer loop
      vertex 0.0144501 145.951 0
      vertex 0.0576477 146.243 4
      vertex 0.0576477 146.243 0
    endloop
  endfacet
  facet normal -0.989234 0.146344 0
    outer loop
      vertex 0.0576477 146.243 4
      vertex 0.0144501 145.951 0
      vertex 0.0144501 145.951 4
    endloop
  endfacet
  facet normal -0.998794 0.0490907 0
    outer loop
      vertex 0 145.657 0
      vertex 0.0144501 145.951 4
      vertex 0.0144501 145.951 0
    endloop
  endfacet
  facet normal -0.998794 0.0490907 0
    outer loop
      vertex 0.0144501 145.951 4
      vertex 0 145.657 0
      vertex 0 145.657 4
    endloop
  endfacet
  facet normal -1 0 0
    outer loop
      vertex 0 3 0
      vertex 0 145.657 4
      vertex 0 145.657 0
    endloop
  endfacet
  facet normal -1 -0 0
    outer loop
      vertex 0 145.657 4
      vertex 0 3 0
      vertex 0 3 4
    endloop
  endfacet
  facet normal -0.998795 -0.0490824 0
    outer loop
      vertex 0.0144501 2.70595 0
      vertex 0 3 4
      vertex 0 3 0
    endloop
  endfacet
  facet normal -0.998795 -0.0490824 0
    outer loop
      vertex 0 3 4
      vertex 0.0144501 2.70595 0
      vertex 0.0144501 2.70595 4
    endloop
  endfacet
  facet normal -0.989177 -0.146728 0
    outer loop
      vertex 0.0576477 2.41473 0
      vertex 0.0144501 2.70595 4
      vertex 0.0144501 2.70595 0
    endloop
  endfacet
  facet normal -0.989177 -0.146728 0
    outer loop
      vertex 0.0144501 2.70595 4
      vertex 0.0576477 2.41473 0
      vertex 0.0576477 2.41473 4
    endloop
  endfacet
  facet normal -0.970032 -0.242978 0
    outer loop
      vertex 0.129181 2.12915 0
      vertex 0.0576477 2.41473 4
      vertex 0.0576477 2.41473 0
    endloop
  endfacet
  facet normal -0.970032 -0.242978 0
    outer loop
      vertex 0.0576477 2.41473 4
      vertex 0.129181 2.12915 0
      vertex 0.129181 2.12915 4
    endloop
  endfacet
  facet normal -0.94155 -0.336874 0
    outer loop
      vertex 0.228363 1.85194 0
      vertex 0.129181 2.12915 4
      vertex 0.129181 2.12915 0
    endloop
  endfacet
  facet normal -0.94155 -0.336874 0
    outer loop
      vertex 0.129181 2.12915 4
      vertex 0.228363 1.85194 0
      vertex 0.228363 1.85194 4
    endloop
  endfacet
  facet normal -0.903983 -0.427568 0
    outer loop
      vertex 0.354233 1.58582 0
      vertex 0.228363 1.85194 4
      vertex 0.228363 1.85194 0
    endloop
  endfacet
  facet normal -0.903983 -0.427568 0
    outer loop
      vertex 0.228363 1.85194 4
      vertex 0.354233 1.58582 0
      vertex 0.354233 1.58582 4
    endloop
  endfacet
  facet normal -0.857751 -0.514066 0
    outer loop
      vertex 0.505585 1.33328 0
      vertex 0.354233 1.58582 4
      vertex 0.354233 1.58582 0
    endloop
  endfacet
  facet normal -0.857751 -0.514066 0
    outer loop
      vertex 0.354233 1.58582 4
      vertex 0.505585 1.33328 0
      vertex 0.505585 1.33328 4
    endloop
  endfacet
  facet normal -0.803186 -0.595728 0
    outer loop
      vertex 0.680969 1.09682 0
      vertex 0.505585 1.33328 4
      vertex 0.505585 1.33328 0
    endloop
  endfacet
  facet normal -0.803186 -0.595728 0
    outer loop
      vertex 0.505585 1.33328 4
      vertex 0.680969 1.09682 0
      vertex 0.680969 1.09682 4
    endloop
  endfacet
  facet normal -0.74096 -0.671549 0
    outer loop
      vertex 0.878677 0.878677 0
      vertex 0.680969 1.09682 4
      vertex 0.680969 1.09682 0
    endloop
  endfacet
  facet normal -0.74096 -0.671549 0
    outer loop
      vertex 0.680969 1.09682 4
      vertex 0.878677 0.878677 0
      vertex 0.878677 0.878677 4
    endloop
  endfacet
  facet normal -0.671549 -0.74096 0
    outer loop
      vertex 0.878677 0.878677 0
      vertex 1.09682 0.680969 4
      vertex 0.878677 0.878677 4
    endloop
  endfacet
  facet normal -0.671549 -0.74096 -0
    outer loop
      vertex 1.09682 0.680969 4
      vertex 0.878677 0.878677 0
      vertex 1.09682 0.680969 0
    endloop
  endfacet
  facet normal -0.595728 -0.803186 0
    outer loop
      vertex 1.09682 0.680969 0
      vertex 1.33328 0.505585 4
      vertex 1.09682 0.680969 4
    endloop
  endfacet
  facet normal -0.595728 -0.803186 -0
    outer loop
      vertex 1.33328 0.505585 4
      vertex 1.09682 0.680969 0
      vertex 1.33328 0.505585 0
    endloop
  endfacet
  facet normal -0.514066 -0.857751 0
    outer loop
      vertex 1.33328 0.505585 0
      vertex 1.58582 0.354233 4
      vertex 1.33328 0.505585 4
    endloop
  endfacet
  facet normal -0.514066 -0.857751 -0
    outer loop
      vertex 1.58582 0.354233 4
      vertex 1.33328 0.505585 0
      vertex 1.58582 0.354233 0
    endloop
  endfacet
  facet normal -0.427568 -0.903983 0
    outer loop
      vertex 1.58582 0.354233 0
      vertex 1.85194 0.228363 4
      vertex 1.58582 0.354233 4
    endloop
  endfacet
  facet normal -0.427568 -0.903983 -0
    outer loop
      vertex 1.85194 0.228363 4
      vertex 1.58582 0.354233 0
      vertex 1.85194 0.228363 0
    endloop
  endfacet
  facet normal -0.336874 -0.94155 0
    outer loop
      vertex 1.85194 0.228363 0
      vertex 2.12915 0.129181 4
      vertex 1.85194 0.228363 4
    endloop
  endfacet
  facet normal -0.336874 -0.94155 -0
    outer loop
      vertex 2.12915 0.129181 4
      vertex 1.85194 0.228363 0
      vertex 2.12915 0.129181 0
    endloop
  endfacet
  facet normal -0.242978 -0.970032 0
    outer loop
      vertex 2.12915 0.129181 0
      vertex 2.41473 0.0576477 4
      vertex 2.12915 0.129181 4
    endloop
  endfacet
  facet normal -0.242978 -0.970032 -0
    outer loop
      vertex 2.41473 0.0576477 4
      vertex 2.12915 0.129181 0
      vertex 2.41473 0.0576477 0
    endloop
  endfacet
  facet normal -0.146728 -0.989177 0
    outer loop
      vertex 2.41473 0.0576477 0
      vertex 2.70595 0.0144501 4
      vertex 2.41473 0.0576477 4
    endloop
  endfacet
  facet normal -0.146728 -0.989177 -0
    outer loop
      vertex 2.70595 0.0144501 4
      vertex 2.41473 0.0576477 0
      vertex 2.70595 0.0144501 0
    endloop
  endfacet
  facet normal -0.0490824 -0.998795 0
    outer loop
      vertex 2.70595 0.0144501 0
      vertex 3 0 4
      vertex 2.70595 0.0144501 4
    endloop
  endfacet
  facet normal -0.0490824 -0.998795 -0
    outer loop
      vertex 3 0 4
      vertex 2.70595 0.0144501 0
      vertex 3 0 0
    endloop
  endfacet
  facet normal 0 -1 0
    outer loop
      vertex 3 0 0
      vertex 130.35 0 4
      vertex 3 0 4
    endloop
  endfacet
  facet normal 0 -1 -0
    outer loop
      vertex 130.35 0 4
      vertex 3 0 0
      vertex 130.35 0 0
    endloop
  endfacet
  facet normal 0.0490907 -0.998794 0
    outer loop
      vertex 130.35 0 0
      vertex 130.644 0.0144501 4
      vertex 130.35 0 4
    endloop
  endfacet
  facet normal 0.0490907 -0.998794 0
    outer loop
      vertex 130.644 0.0144501 4
      vertex 130.35 0 0
      vertex 130.644 0.0144501 0
    endloop
  endfacet
  facet normal 0.0475651 0.998868 -0
    outer loop
      vertex 54.7833 127.25 0
      vertex 54.4893 127.264 4
      vertex 54.7833 127.25 4
    endloop
  endfacet
  facet normal 0.0475651 0.998868 0
    outer loop
      vertex 54.4893 127.264 4
      vertex 54.7833 127.25 0
      vertex 54.4893 127.264 0
    endloop
  endfacet
  facet normal 0.149403 0.988776 -0
    outer loop
      vertex 54.4893 127.264 0
      vertex 54.1981 127.308 4
      vertex 54.4893 127.264 4
    endloop
  endfacet
  facet normal 0.149403 0.988776 0
    outer loop
      vertex 54.1981 127.308 4
      vertex 54.4893 127.264 0
      vertex 54.1981 127.308 0
    endloop
  endfacet
  facet normal 0.241256 0.970461 -0
    outer loop
      vertex 54.1981 127.308 0
      vertex 53.9125 127.379 4
      vertex 54.1981 127.308 4
    endloop
  endfacet
  facet normal 0.241256 0.970461 0
    outer loop
      vertex 53.9125 127.379 4
      vertex 54.1981 127.308 0
      vertex 53.9125 127.379 0
    endloop
  endfacet
  facet normal 0.336336 0.941742 -0
    outer loop
      vertex 53.9125 127.379 0
      vertex 53.6353 127.478 4
      vertex 53.9125 127.379 4
    endloop
  endfacet
  facet normal 0.336336 0.941742 0
    outer loop
      vertex 53.6353 127.478 4
      vertex 53.9125 127.379 0
      vertex 53.6353 127.478 0
    endloop
  endfacet
  facet normal 0.427824 0.903862 -0
    outer loop
      vertex 53.6353 127.478 0
      vertex 53.3691 127.604 4
      vertex 53.6353 127.478 4
    endloop
  endfacet
  facet normal 0.427824 0.903862 0
    outer loop
      vertex 53.3691 127.604 4
      vertex 53.6353 127.478 0
      vertex 53.3691 127.604 0
    endloop
  endfacet
  facet normal 0.515743 0.856744 -0
    outer loop
      vertex 53.3691 127.604 0
      vertex 53.1166 127.756 4
      vertex 53.3691 127.604 4
    endloop
  endfacet
  facet normal 0.515743 0.856744 0
    outer loop
      vertex 53.1166 127.756 4
      vertex 53.3691 127.604 0
      vertex 53.1166 127.756 0
    endloop
  endfacet
  facet normal 0.594821 0.803858 -0
    outer loop
      vertex 53.1166 127.756 0
      vertex 52.8801 127.931 4
      vertex 53.1166 127.756 4
    endloop
  endfacet
  facet normal 0.594821 0.803858 0
    outer loop
      vertex 52.8801 127.931 4
      vertex 53.1166 127.756 0
      vertex 52.8801 127.931 0
    endloop
  endfacet
  facet normal 0.672166 0.740401 -0
    outer loop
      vertex 52.8801 127.931 0
      vertex 52.662 128.129 4
      vertex 52.8801 127.931 4
    endloop
  endfacet
  facet normal 0.672166 0.740401 0
    outer loop
      vertex 52.662 128.129 4
      vertex 52.8801 127.931 0
      vertex 52.662 128.129 0
    endloop
  endfacet
  facet normal 0.740754 0.671776 0
    outer loop
      vertex 52.662 128.129 4
      vertex 52.4643 128.347 0
      vertex 52.4643 128.347 4
    endloop
  endfacet
  facet normal 0.740754 0.671776 0
    outer loop
      vertex 52.4643 128.347 0
      vertex 52.662 128.129 4
      vertex 52.662 128.129 0
    endloop
  endfacet
  facet normal 0.802604 0.596512 0
    outer loop
      vertex 52.4643 128.347 4
      vertex 52.2889 128.583 0
      vertex 52.2889 128.583 4
    endloop
  endfacet
  facet normal 0.802604 0.596512 0
    outer loop
      vertex 52.2889 128.583 0
      vertex 52.4643 128.347 4
      vertex 52.4643 128.347 0
    endloop
  endfacet
  facet normal 0.85824 0.513248 0
    outer loop
      vertex 52.2889 128.583 4
      vertex 52.1376 128.836 0
      vertex 52.1376 128.836 4
    endloop
  endfacet
  facet normal 0.85824 0.513248 0
    outer loop
      vertex 52.1376 128.836 0
      vertex 52.2889 128.583 4
      vertex 52.2889 128.583 0
    endloop
  endfacet
  facet normal 0.903869 0.427809 0
    outer loop
      vertex 52.1376 128.836 4
      vertex 52.0117 129.102 0
      vertex 52.0117 129.102 4
    endloop
  endfacet
  facet normal 0.903869 0.427809 0
    outer loop
      vertex 52.0117 129.102 0
      vertex 52.1376 128.836 4
      vertex 52.1376 128.836 0
    endloop
  endfacet
  facet normal 0.941449 0.337154 0
    outer loop
      vertex 52.0117 129.102 4
      vertex 51.9125 129.379 0
      vertex 51.9125 129.379 4
    endloop
  endfacet
  facet normal 0.941449 0.337154 0
    outer loop
      vertex 51.9125 129.379 0
      vertex 52.0117 129.102 4
      vertex 52.0117 129.102 0
    endloop
  endfacet
  facet normal 0.970143 0.242536 0
    outer loop
      vertex 51.9125 129.379 4
      vertex 51.841 129.665 0
      vertex 51.841 129.665 4
    endloop
  endfacet
  facet normal 0.970143 0.242536 0
    outer loop
      vertex 51.841 129.665 0
      vertex 51.9125 129.379 4
      vertex 51.9125 129.379 0
    endloop
  endfacet
  facet normal 0.98916 0.146844 0
    outer loop
      vertex 51.841 129.665 4
      vertex 51.7978 129.956 0
      vertex 51.7978 129.956 4
    endloop
  endfacet
  facet normal 0.98916 0.146844 0
    outer loop
      vertex 51.7978 129.956 0
      vertex 51.841 129.665 4
      vertex 51.841 129.665 0
    endloop
  endfacet
  facet normal 0.998786 0.0492599 0
    outer loop
      vertex 51.7978 129.956 4
      vertex 51.7833 130.25 0
      vertex 51.7833 130.25 4
    endloop
  endfacet
  facet normal 0.998786 0.0492599 0
    outer loop
      vertex 51.7833 130.25 0
      vertex 51.7978 129.956 4
      vertex 51.7978 129.956 0
    endloop
  endfacet
  facet normal 1 -0 0
    outer loop
      vertex 51.7833 130.25 4
      vertex 51.7833 140.5 0
      vertex 51.7833 140.5 4
    endloop
  endfacet
  facet normal 1 0 0
    outer loop
      vertex 51.7833 140.5 0
      vertex 51.7833 130.25 4
      vertex 51.7833 130.25 0
    endloop
  endfacet
  facet normal 0.998786 -0.0492599 0
    outer loop
      vertex 51.7833 140.5 4
      vertex 51.7978 140.794 0
      vertex 51.7978 140.794 4
    endloop
  endfacet
  facet normal 0.998786 -0.0492599 0
    outer loop
      vertex 51.7978 140.794 0
      vertex 51.7833 140.5 4
      vertex 51.7833 140.5 0
    endloop
  endfacet
  facet normal 0.98916 -0.146844 0
    outer loop
      vertex 51.7978 140.794 4
      vertex 51.841 141.085 0
      vertex 51.841 141.085 4
    endloop
  endfacet
  facet normal 0.98916 -0.146844 0
    outer loop
      vertex 51.841 141.085 0
      vertex 51.7978 140.794 4
      vertex 51.7978 140.794 0
    endloop
  endfacet
  facet normal 0.970143 -0.242536 0
    outer loop
      vertex 51.841 141.085 4
      vertex 51.9125 141.371 0
      vertex 51.9125 141.371 4
    endloop
  endfacet
  facet normal 0.970143 -0.242536 0
    outer loop
      vertex 51.9125 141.371 0
      vertex 51.841 141.085 4
      vertex 51.841 141.085 0
    endloop
  endfacet
  facet normal 0.941449 -0.337154 0
    outer loop
      vertex 51.9125 141.371 4
      vertex 52.0117 141.648 0
      vertex 52.0117 141.648 4
    endloop
  endfacet
  facet normal 0.941449 -0.337154 0
    outer loop
      vertex 52.0117 141.648 0
      vertex 51.9125 141.371 4
      vertex 51.9125 141.371 0
    endloop
  endfacet
  facet normal 0.903869 -0.427809 0
    outer loop
      vertex 52.0117 141.648 4
      vertex 52.1376 141.914 0
      vertex 52.1376 141.914 4
    endloop
  endfacet
  facet normal 0.903869 -0.427809 0
    outer loop
      vertex 52.1376 141.914 0
      vertex 52.0117 141.648 4
      vertex 52.0117 141.648 0
    endloop
  endfacet
  facet normal 0.85824 -0.513248 0
    outer loop
      vertex 52.1376 141.914 4
      vertex 52.2889 142.167 0
      vertex 52.2889 142.167 4
    endloop
  endfacet
  facet normal 0.85824 -0.513248 0
    outer loop
      vertex 52.2889 142.167 0
      vertex 52.1376 141.914 4
      vertex 52.1376 141.914 0
    endloop
  endfacet
  facet normal 0.802604 -0.596512 0
    outer loop
      vertex 52.2889 142.167 4
      vertex 52.4643 142.403 0
      vertex 52.4643 142.403 4
    endloop
  endfacet
  facet normal 0.802604 -0.596512 0
    outer loop
      vertex 52.4643 142.403 0
      vertex 52.2889 142.167 4
      vertex 52.2889 142.167 0
    endloop
  endfacet
  facet normal 0.740754 -0.671776 0
    outer loop
      vertex 52.4643 142.403 4
      vertex 52.662 142.621 0
      vertex 52.662 142.621 4
    endloop
  endfacet
  facet normal 0.740754 -0.671776 0
    outer loop
      vertex 52.662 142.621 0
      vertex 52.4643 142.403 4
      vertex 52.4643 142.403 0
    endloop
  endfacet
  facet normal 0.672166 -0.740401 0
    outer loop
      vertex 52.662 142.621 0
      vertex 52.8801 142.819 4
      vertex 52.662 142.621 4
    endloop
  endfacet
  facet normal 0.672166 -0.740401 0
    outer loop
      vertex 52.8801 142.819 4
      vertex 52.662 142.621 0
      vertex 52.8801 142.819 0
    endloop
  endfacet
  facet normal 0.594821 -0.803858 0
    outer loop
      vertex 52.8801 142.819 0
      vertex 53.1166 142.994 4
      vertex 52.8801 142.819 4
    endloop
  endfacet
  facet normal 0.594821 -0.803858 0
    outer loop
      vertex 53.1166 142.994 4
      vertex 52.8801 142.819 0
      vertex 53.1166 142.994 0
    endloop
  endfacet
  facet normal 0.515743 -0.856744 0
    outer loop
      vertex 53.1166 142.994 0
      vertex 53.3691 143.146 4
      vertex 53.1166 142.994 4
    endloop
  endfacet
  facet normal 0.515743 -0.856744 0
    outer loop
      vertex 53.3691 143.146 4
      vertex 53.1166 142.994 0
      vertex 53.3691 143.146 0
    endloop
  endfacet
  facet normal 0.427824 -0.903862 0
    outer loop
      vertex 53.3691 143.146 0
      vertex 53.6353 143.272 4
      vertex 53.3691 143.146 4
    endloop
  endfacet
  facet normal 0.427824 -0.903862 0
    outer loop
      vertex 53.6353 143.272 4
      vertex 53.3691 143.146 0
      vertex 53.6353 143.272 0
    endloop
  endfacet
  facet normal 0.336336 -0.941742 0
    outer loop
      vertex 53.6353 143.272 0
      vertex 53.9125 143.371 4
      vertex 53.6353 143.272 4
    endloop
  endfacet
  facet normal 0.336336 -0.941742 0
    outer loop
      vertex 53.9125 143.371 4
      vertex 53.6353 143.272 0
      vertex 53.9125 143.371 0
    endloop
  endfacet
  facet normal 0.241256 -0.970461 0
    outer loop
      vertex 53.9125 143.371 0
      vertex 54.1981 143.442 4
      vertex 53.9125 143.371 4
    endloop
  endfacet
  facet normal 0.241256 -0.970461 0
    outer loop
      vertex 54.1981 143.442 4
      vertex 53.9125 143.371 0
      vertex 54.1981 143.442 0
    endloop
  endfacet
  facet normal 0.149403 -0.988776 0
    outer loop
      vertex 54.1981 143.442 0
      vertex 54.4893 143.486 4
      vertex 54.1981 143.442 4
    endloop
  endfacet
  facet normal 0.149403 -0.988776 0
    outer loop
      vertex 54.4893 143.486 4
      vertex 54.1981 143.442 0
      vertex 54.4893 143.486 0
    endloop
  endfacet
  facet normal 0.0475651 -0.998868 0
    outer loop
      vertex 54.4893 143.486 0
      vertex 54.7833 143.5 4
      vertex 54.4893 143.486 4
    endloop
  endfacet
  facet normal 0.0475651 -0.998868 0
    outer loop
      vertex 54.7833 143.5 4
      vertex 54.4893 143.486 0
      vertex 54.7833 143.5 0
    endloop
  endfacet
  facet normal 0 -1 0
    outer loop
      vertex 54.7833 143.5 0
      vertex 78.5667 143.5 4
      vertex 54.7833 143.5 4
    endloop
  endfacet
  facet normal 0 -1 -0
    outer loop
      vertex 78.5667 143.5 4
      vertex 54.7833 143.5 0
      vertex 78.5667 143.5 0
    endloop
  endfacet
  facet normal -0.0475651 -0.998868 0
    outer loop
      vertex 78.5667 143.5 0
      vertex 78.8607 143.486 4
      vertex 78.5667 143.5 4
    endloop
  endfacet
  facet normal -0.0475651 -0.998868 -0
    outer loop
      vertex 78.8607 143.486 4
      vertex 78.5667 143.5 0
      vertex 78.8607 143.486 0
    endloop
  endfacet
  facet normal -0.149403 -0.988776 0
    outer loop
      vertex 78.8607 143.486 0
      vertex 79.1519 143.442 4
      vertex 78.8607 143.486 4
    endloop
  endfacet
  facet normal -0.149403 -0.988776 -0
    outer loop
      vertex 79.1519 143.442 4
      vertex 78.8607 143.486 0
      vertex 79.1519 143.442 0
    endloop
  endfacet
  facet normal -0.241256 -0.970461 0
    outer loop
      vertex 79.1519 143.442 0
      vertex 79.4375 143.371 4
      vertex 79.1519 143.442 4
    endloop
  endfacet
  facet normal -0.241256 -0.970461 -0
    outer loop
      vertex 79.4375 143.371 4
      vertex 79.1519 143.442 0
      vertex 79.4375 143.371 0
    endloop
  endfacet
  facet normal -0.336336 -0.941742 0
    outer loop
      vertex 79.4375 143.371 0
      vertex 79.7147 143.272 4
      vertex 79.4375 143.371 4
    endloop
  endfacet
  facet normal -0.336336 -0.941742 -0
    outer loop
      vertex 79.7147 143.272 4
      vertex 79.4375 143.371 0
      vertex 79.7147 143.272 0
    endloop
  endfacet
  facet normal -0.427955 -0.9038 0
    outer loop
      vertex 79.7147 143.272 0
      vertex 79.9808 143.146 4
      vertex 79.7147 143.272 4
    endloop
  endfacet
  facet normal -0.427955 -0.9038 -0
    outer loop
      vertex 79.9808 143.146 4
      vertex 79.7147 143.272 0
      vertex 79.9808 143.146 0
    endloop
  endfacet
  facet normal -0.515593 -0.856834 0
    outer loop
      vertex 79.9808 143.146 0
      vertex 80.2334 142.994 4
      vertex 79.9808 143.146 4
    endloop
  endfacet
  facet normal -0.515593 -0.856834 -0
    outer loop
      vertex 80.2334 142.994 4
      vertex 79.9808 143.146 0
      vertex 80.2334 142.994 0
    endloop
  endfacet
  facet normal -0.594984 -0.803738 0
    outer loop
      vertex 80.2334 142.994 0
      vertex 80.4698 142.819 4
      vertex 80.2334 142.994 4
    endloop
  endfacet
  facet normal -0.594984 -0.803738 -0
    outer loop
      vertex 80.4698 142.819 4
      vertex 80.2334 142.994 0
      vertex 80.4698 142.819 0
    endloop
  endfacet
  facet normal -0.671997 -0.740554 0
    outer loop
      vertex 80.4698 142.819 0
      vertex 80.688 142.621 4
      vertex 80.4698 142.819 4
    endloop
  endfacet
  facet normal -0.671997 -0.740554 -0
    outer loop
      vertex 80.688 142.621 4
      vertex 80.4698 142.819 0
      vertex 80.688 142.621 0
    endloop
  endfacet
  facet normal -0.740754 -0.671776 0
    outer loop
      vertex 80.8857 142.403 0
      vertex 80.688 142.621 4
      vertex 80.688 142.621 0
    endloop
  endfacet
  facet normal -0.740754 -0.671776 0
    outer loop
      vertex 80.688 142.621 4
      vertex 80.8857 142.403 0
      vertex 80.8857 142.403 4
    endloop
  endfacet
  facet normal -0.802604 -0.596512 0
    outer loop
      vertex 81.0611 142.167 0
      vertex 80.8857 142.403 4
      vertex 80.8857 142.403 0
    endloop
  endfacet
  facet normal -0.802604 -0.596512 0
    outer loop
      vertex 80.8857 142.403 4
      vertex 81.0611 142.167 0
      vertex 81.0611 142.167 4
    endloop
  endfacet
  facet normal -0.85824 -0.513248 0
    outer loop
      vertex 81.2124 141.914 0
      vertex 81.0611 142.167 4
      vertex 81.0611 142.167 0
    endloop
  endfacet
  facet normal -0.85824 -0.513248 0
    outer loop
      vertex 81.0611 142.167 4
      vertex 81.2124 141.914 0
      vertex 81.2124 141.914 4
    endloop
  endfacet
  facet normal -0.903869 -0.427809 0
    outer loop
      vertex 81.3383 141.648 0
      vertex 81.2124 141.914 4
      vertex 81.2124 141.914 0
    endloop
  endfacet
  facet normal -0.903869 -0.427809 0
    outer loop
      vertex 81.2124 141.914 4
      vertex 81.3383 141.648 0
      vertex 81.3383 141.648 4
    endloop
  endfacet
  facet normal -0.941449 -0.337154 0
    outer loop
      vertex 81.4375 141.371 0
      vertex 81.3383 141.648 4
      vertex 81.3383 141.648 0
    endloop
  endfacet
  facet normal -0.941449 -0.337154 0
    outer loop
      vertex 81.3383 141.648 4
      vertex 81.4375 141.371 0
      vertex 81.4375 141.371 4
    endloop
  endfacet
  facet normal -0.970143 -0.242536 0
    outer loop
      vertex 81.509 141.085 0
      vertex 81.4375 141.371 4
      vertex 81.4375 141.371 0
    endloop
  endfacet
  facet normal -0.970143 -0.242536 0
    outer loop
      vertex 81.4375 141.371 4
      vertex 81.509 141.085 0
      vertex 81.509 141.085 4
    endloop
  endfacet
  facet normal -0.98916 -0.146844 0
    outer loop
      vertex 81.5522 140.794 0
      vertex 81.509 141.085 4
      vertex 81.509 141.085 0
    endloop
  endfacet
  facet normal -0.98916 -0.146844 0
    outer loop
      vertex 81.509 141.085 4
      vertex 81.5522 140.794 0
      vertex 81.5522 140.794 4
    endloop
  endfacet
  facet normal -0.998786 -0.0492599 0
    outer loop
      vertex 81.5667 140.5 0
      vertex 81.5522 140.794 4
      vertex 81.5522 140.794 0
    endloop
  endfacet
  facet normal -0.998786 -0.0492599 0
    outer loop
      vertex 81.5522 140.794 4
      vertex 81.5667 140.5 0
      vertex 81.5667 140.5 4
    endloop
  endfacet
  facet normal -1 0 0
    outer loop
      vertex 81.5667 130.25 0
      vertex 81.5667 140.5 4
      vertex 81.5667 140.5 0
    endloop
  endfacet
  facet normal -1 -0 0
    outer loop
      vertex 81.5667 140.5 4
      vertex 81.5667 130.25 0
      vertex 81.5667 130.25 4
    endloop
  endfacet
  facet normal -0.998786 0.0492599 0
    outer loop
      vertex 81.5522 129.956 0
      vertex 81.5667 130.25 4
      vertex 81.5667 130.25 0
    endloop
  endfacet
  facet normal -0.998786 0.0492599 0
    outer loop
      vertex 81.5667 130.25 4
      vertex 81.5522 129.956 0
      vertex 81.5522 129.956 4
    endloop
  endfacet
  facet normal -0.98916 0.146844 0
    outer loop
      vertex 81.509 129.665 0
      vertex 81.5522 129.956 4
      vertex 81.5522 129.956 0
    endloop
  endfacet
  facet normal -0.98916 0.146844 0
    outer loop
      vertex 81.5522 129.956 4
      vertex 81.509 129.665 0
      vertex 81.509 129.665 4
    endloop
  endfacet
  facet normal -0.970143 0.242536 0
    outer loop
      vertex 81.4375 129.379 0
      vertex 81.509 129.665 4
      vertex 81.509 129.665 0
    endloop
  endfacet
  facet normal -0.970143 0.242536 0
    outer loop
      vertex 81.509 129.665 4
      vertex 81.4375 129.379 0
      vertex 81.4375 129.379 4
    endloop
  endfacet
  facet normal -0.941449 0.337154 0
    outer loop
      vertex 81.3383 129.102 0
      vertex 81.4375 129.379 4
      vertex 81.4375 129.379 0
    endloop
  endfacet
  facet normal -0.941449 0.337154 0
    outer loop
      vertex 81.4375 129.379 4
      vertex 81.3383 129.102 0
      vertex 81.3383 129.102 4
    endloop
  endfacet
  facet normal -0.903869 0.427809 0
    outer loop
      vertex 81.2124 128.836 0
      vertex 81.3383 129.102 4
      vertex 81.3383 129.102 0
    endloop
  endfacet
  facet normal -0.903869 0.427809 0
    outer loop
      vertex 81.3383 129.102 4
      vertex 81.2124 128.836 0
      vertex 81.2124 128.836 4
    endloop
  endfacet
  facet normal -0.85824 0.513248 0
    outer loop
      vertex 81.0611 128.583 0
      vertex 81.2124 128.836 4
      vertex 81.2124 128.836 0
    endloop
  endfacet
  facet normal -0.85824 0.513248 0
    outer loop
      vertex 81.2124 128.836 4
      vertex 81.0611 128.583 0
      vertex 81.0611 128.583 4
    endloop
  endfacet
  facet normal -0.802604 0.596512 0
    outer loop
      vertex 80.8857 128.347 0
      vertex 81.0611 128.583 4
      vertex 81.0611 128.583 0
    endloop
  endfacet
  facet normal -0.802604 0.596512 0
    outer loop
      vertex 81.0611 128.583 4
      vertex 80.8857 128.347 0
      vertex 80.8857 128.347 4
    endloop
  endfacet
  facet normal -0.740754 0.671776 0
    outer loop
      vertex 80.688 128.129 0
      vertex 80.8857 128.347 4
      vertex 80.8857 128.347 0
    endloop
  endfacet
  facet normal -0.740754 0.671776 0
    outer loop
      vertex 80.8857 128.347 4
      vertex 80.688 128.129 0
      vertex 80.688 128.129 4
    endloop
  endfacet
  facet normal -0.671997 0.740554 0
    outer loop
      vertex 80.688 128.129 0
      vertex 80.4698 127.931 4
      vertex 80.688 128.129 4
    endloop
  endfacet
  facet normal -0.671997 0.740554 0
    outer loop
      vertex 80.4698 127.931 4
      vertex 80.688 128.129 0
      vertex 80.4698 127.931 0
    endloop
  endfacet
  facet normal -0.594984 0.803738 0
    outer loop
      vertex 80.4698 127.931 0
      vertex 80.2334 127.756 4
      vertex 80.4698 127.931 4
    endloop
  endfacet
  facet normal -0.594984 0.803738 0
    outer loop
      vertex 80.2334 127.756 4
      vertex 80.4698 127.931 0
      vertex 80.2334 127.756 0
    endloop
  endfacet
  facet normal -0.515593 0.856834 0
    outer loop
      vertex 80.2334 127.756 0
      vertex 79.9808 127.604 4
      vertex 80.2334 127.756 4
    endloop
  endfacet
  facet normal -0.515593 0.856834 0
    outer loop
      vertex 79.9808 127.604 4
      vertex 80.2334 127.756 0
      vertex 79.9808 127.604 0
    endloop
  endfacet
  facet normal -0.427955 0.9038 0
    outer loop
      vertex 79.9808 127.604 0
      vertex 79.7147 127.478 4
      vertex 79.9808 127.604 4
    endloop
  endfacet
  facet normal -0.427955 0.9038 0
    outer loop
      vertex 79.7147 127.478 4
      vertex 79.9808 127.604 0
      vertex 79.7147 127.478 0
    endloop
  endfacet
  facet normal -0.336336 0.941742 0
    outer loop
      vertex 79.7147 127.478 0
      vertex 79.4375 127.379 4
      vertex 79.7147 127.478 4
    endloop
  endfacet
  facet normal -0.336336 0.941742 0
    outer loop
      vertex 79.4375 127.379 4
      vertex 79.7147 127.478 0
      vertex 79.4375 127.379 0
    endloop
  endfacet
  facet normal -0.241256 0.970461 0
    outer loop
      vertex 79.4375 127.379 0
      vertex 79.1519 127.308 4
      vertex 79.4375 127.379 4
    endloop
  endfacet
  facet normal -0.241256 0.970461 0
    outer loop
      vertex 79.1519 127.308 4
      vertex 79.4375 127.379 0
      vertex 79.1519 127.308 0
    endloop
  endfacet
  facet normal -0.149403 0.988776 0
    outer loop
      vertex 79.1519 127.308 0
      vertex 78.8607 127.264 4
      vertex 79.1519 127.308 4
    endloop
  endfacet
  facet normal -0.149403 0.988776 0
    outer loop
      vertex 78.8607 127.264 4
      vertex 79.1519 127.308 0
      vertex 78.8607 127.264 0
    endloop
  endfacet
  facet normal -0.0475651 0.998868 0
    outer loop
      vertex 78.8607 127.264 0
      vertex 78.5667 127.25 4
      vertex 78.8607 127.264 4
    endloop
  endfacet
  facet normal -0.0475651 0.998868 0
    outer loop
      vertex 78.5667 127.25 4
      vertex 78.8607 127.264 0
      vertex 78.5667 127.25 0
    endloop
  endfacet
  facet normal 0 1 -0
    outer loop
      vertex 78.5667 127.25 0
      vertex 54.7833 127.25 4
      vertex 78.5667 127.25 4
    endloop
  endfacet
  facet normal 0 1 0
    outer loop
      vertex 54.7833 127.25 4
      vertex 78.5667 127.25 0
      vertex 54.7833 127.25 0
    endloop
  endfacet
  facet normal 0.047549 0.998869 -0
    outer loop
      vertex 19 127.25 0
      vertex 18.7059 127.264 4
      vertex 19 127.25 4
    endloop
  endfacet
  facet normal 0.047549 0.998869 0
    outer loop
      vertex 18.7059 127.264 4
      vertex 19 127.25 0
      vertex 18.7059 127.264 0
    endloop
  endfacet
  facet normal 0.149403 0.988776 -0
    outer loop
      vertex 18.7059 127.264 0
      vertex 18.4147 127.308 4
      vertex 18.7059 127.264 4
    endloop
  endfacet
  facet normal 0.149403 0.988776 0
    outer loop
      vertex 18.4147 127.308 4
      vertex 18.7059 127.264 0
      vertex 18.4147 127.308 0
    endloop
  endfacet
  facet normal 0.241336 0.970442 -0
    outer loop
      vertex 18.4147 127.308 0
      vertex 18.1292 127.379 4
      vertex 18.4147 127.308 4
    endloop
  endfacet
  facet normal 0.241336 0.970442 0
    outer loop
      vertex 18.1292 127.379 4
      vertex 18.4147 127.308 0
      vertex 18.1292 127.379 0
    endloop
  endfacet
  facet normal 0.336229 0.94178 -0
    outer loop
      vertex 18.1292 127.379 0
      vertex 17.8519 127.478 4
      vertex 18.1292 127.379 4
    endloop
  endfacet
  facet normal 0.336229 0.94178 0
    outer loop
      vertex 17.8519 127.478 4
      vertex 18.1292 127.379 0
      vertex 17.8519 127.478 0
    endloop
  endfacet
  facet normal 0.427955 0.9038 -0
    outer loop
      vertex 17.8519 127.478 0
      vertex 17.5858 127.604 4
      vertex 17.8519 127.478 4
    endloop
  endfacet
  facet normal 0.427955 0.9038 0
    outer loop
      vertex 17.5858 127.604 4
      vertex 17.8519 127.478 0
      vertex 17.5858 127.604 0
    endloop
  endfacet
  facet normal 0.515743 0.856744 -0
    outer loop
      vertex 17.5858 127.604 0
      vertex 17.3333 127.756 4
      vertex 17.5858 127.604 4
    endloop
  endfacet
  facet normal 0.515743 0.856744 0
    outer loop
      vertex 17.3333 127.756 4
      vertex 17.5858 127.604 0
      vertex 17.3333 127.756 0
    endloop
  endfacet
  facet normal 0.594821 0.803858 -0
    outer loop
      vertex 17.3333 127.756 0
      vertex 17.0968 127.931 4
      vertex 17.3333 127.756 4
    endloop
  endfacet
  facet normal 0.594821 0.803858 0
    outer loop
      vertex 17.0968 127.931 4
      vertex 17.3333 127.756 0
      vertex 17.0968 127.931 0
    endloop
  endfacet
  facet normal 0.672166 0.740401 -0
    outer loop
      vertex 17.0968 127.931 0
      vertex 16.8787 128.129 4
      vertex 17.0968 127.931 4
    endloop
  endfacet
  facet normal 0.672166 0.740401 0
    outer loop
      vertex 16.8787 128.129 4
      vertex 17.0968 127.931 0
      vertex 16.8787 128.129 0
    endloop
  endfacet
  facet normal 0.740754 0.671776 0
    outer loop
      vertex 16.8787 128.129 4
      vertex 16.681 128.347 0
      vertex 16.681 128.347 4
    endloop
  endfacet
  facet normal 0.740754 0.671776 0
    outer loop
      vertex 16.681 128.347 0
      vertex 16.8787 128.129 4
      vertex 16.8787 128.129 0
    endloop
  endfacet
  facet normal 0.802604 0.596512 0
    outer loop
      vertex 16.681 128.347 4
      vertex 16.5056 128.583 0
      vertex 16.5056 128.583 4
    endloop
  endfacet
  facet normal 0.802604 0.596512 0
    outer loop
      vertex 16.5056 128.583 0
      vertex 16.681 128.347 4
      vertex 16.681 128.347 0
    endloop
  endfacet
  facet normal 0.858091 0.513498 0
    outer loop
      vertex 16.5056 128.583 4
      vertex 16.3542 128.836 0
      vertex 16.3542 128.836 4
    endloop
  endfacet
  facet normal 0.858091 0.513498 0
    outer loop
      vertex 16.3542 128.836 0
      vertex 16.5056 128.583 4
      vertex 16.5056 128.583 0
    endloop
  endfacet
  facet normal 0.904001 0.427531 0
    outer loop
      vertex 16.3542 128.836 4
      vertex 16.2284 129.102 0
      vertex 16.2284 129.102 4
    endloop
  endfacet
  facet normal 0.904001 0.427531 0
    outer loop
      vertex 16.2284 129.102 0
      vertex 16.3542 128.836 4
      vertex 16.3542 128.836 0
    endloop
  endfacet
  facet normal 0.941449 0.337154 0
    outer loop
      vertex 16.2284 129.102 4
      vertex 16.1292 129.379 0
      vertex 16.1292 129.379 4
    endloop
  endfacet
  facet normal 0.941449 0.337154 0
    outer loop
      vertex 16.1292 129.379 0
      vertex 16.2284 129.102 4
      vertex 16.2284 129.102 0
    endloop
  endfacet
  facet normal 0.970063 0.242855 0
    outer loop
      vertex 16.1292 129.379 4
      vertex 16.0576 129.665 0
      vertex 16.0576 129.665 4
    endloop
  endfacet
  facet normal 0.970063 0.242855 0
    outer loop
      vertex 16.0576 129.665 0
      vertex 16.1292 129.379 4
      vertex 16.1292 129.379 0
    endloop
  endfacet
  facet normal 0.989209 0.146512 0
    outer loop
      vertex 16.0576 129.665 4
      vertex 16.0145 129.956 0
      vertex 16.0145 129.956 4
    endloop
  endfacet
  facet normal 0.989209 0.146512 0
    outer loop
      vertex 16.0145 129.956 0
      vertex 16.0576 129.665 4
      vertex 16.0576 129.665 0
    endloop
  endfacet
  facet normal 0.998786 0.0492599 0
    outer loop
      vertex 16.0145 129.956 4
      vertex 16 130.25 0
      vertex 16 130.25 4
    endloop
  endfacet
  facet normal 0.998786 0.0492599 0
    outer loop
      vertex 16 130.25 0
      vertex 16.0145 129.956 4
      vertex 16.0145 129.956 0
    endloop
  endfacet
  facet normal 1 -0 0
    outer loop
      vertex 16 130.25 4
      vertex 16 140.5 0
      vertex 16 140.5 4
    endloop
  endfacet
  facet normal 1 0 0
    outer loop
      vertex 16 140.5 0
      vertex 16 130.25 4
      vertex 16 130.25 0
    endloop
  endfacet
  facet normal 0.998786 -0.0492599 0
    outer loop
      vertex 16 140.5 4
      vertex 16.0145 140.794 0
      vertex 16.0145 140.794 4
    endloop
  endfacet
  facet normal 0.998786 -0.0492599 0
    outer loop
      vertex 16.0145 140.794 0
      vertex 16 140.5 4
      vertex 16 140.5 0
    endloop
  endfacet
  facet normal 0.989209 -0.146512 0
    outer loop
      vertex 16.0145 140.794 4
      vertex 16.0576 141.085 0
      vertex 16.0576 141.085 4
    endloop
  endfacet
  facet normal 0.989209 -0.146512 0
    outer loop
      vertex 16.0576 141.085 0
      vertex 16.0145 140.794 4
      vertex 16.0145 140.794 0
    endloop
  endfacet
  facet normal 0.970063 -0.242855 0
    outer loop
      vertex 16.0576 141.085 4
      vertex 16.1292 141.371 0
      vertex 16.1292 141.371 4
    endloop
  endfacet
  facet normal 0.970063 -0.242855 0
    outer loop
      vertex 16.1292 141.371 0
      vertex 16.0576 141.085 4
      vertex 16.0576 141.085 0
    endloop
  endfacet
  facet normal 0.941449 -0.337154 0
    outer loop
      vertex 16.1292 141.371 4
      vertex 16.2284 141.648 0
      vertex 16.2284 141.648 4
    endloop
  endfacet
  facet normal 0.941449 -0.337154 0
    outer loop
      vertex 16.2284 141.648 0
      vertex 16.1292 141.371 4
      vertex 16.1292 141.371 0
    endloop
  endfacet
  facet normal 0.904001 -0.427531 0
    outer loop
      vertex 16.2284 141.648 4
      vertex 16.3542 141.914 0
      vertex 16.3542 141.914 4
    endloop
  endfacet
  facet normal 0.904001 -0.427531 0
    outer loop
      vertex 16.3542 141.914 0
      vertex 16.2284 141.648 4
      vertex 16.2284 141.648 0
    endloop
  endfacet
  facet normal 0.858091 -0.513498 0
    outer loop
      vertex 16.3542 141.914 4
      vertex 16.5056 142.167 0
      vertex 16.5056 142.167 4
    endloop
  endfacet
  facet normal 0.858091 -0.513498 0
    outer loop
      vertex 16.5056 142.167 0
      vertex 16.3542 141.914 4
      vertex 16.3542 141.914 0
    endloop
  endfacet
  facet normal 0.802604 -0.596512 0
    outer loop
      vertex 16.5056 142.167 4
      vertex 16.681 142.403 0
      vertex 16.681 142.403 4
    endloop
  endfacet
  facet normal 0.802604 -0.596512 0
    outer loop
      vertex 16.681 142.403 0
      vertex 16.5056 142.167 4
      vertex 16.5056 142.167 0
    endloop
  endfacet
  facet normal 0.740754 -0.671776 0
    outer loop
      vertex 16.681 142.403 4
      vertex 16.8787 142.621 0
      vertex 16.8787 142.621 4
    endloop
  endfacet
  facet normal 0.740754 -0.671776 0
    outer loop
      vertex 16.8787 142.621 0
      vertex 16.681 142.403 4
      vertex 16.681 142.403 0
    endloop
  endfacet
  facet normal 0.672166 -0.740401 0
    outer loop
      vertex 16.8787 142.621 0
      vertex 17.0968 142.819 4
      vertex 16.8787 142.621 4
    endloop
  endfacet
  facet normal 0.672166 -0.740401 0
    outer loop
      vertex 17.0968 142.819 4
      vertex 16.8787 142.621 0
      vertex 17.0968 142.819 0
    endloop
  endfacet
  facet normal 0.594821 -0.803858 0
    outer loop
      vertex 17.0968 142.819 0
      vertex 17.3333 142.994 4
      vertex 17.0968 142.819 4
    endloop
  endfacet
  facet normal 0.594821 -0.803858 0
    outer loop
      vertex 17.3333 142.994 4
      vertex 17.0968 142.819 0
      vertex 17.3333 142.994 0
    endloop
  endfacet
  facet normal 0.515743 -0.856744 0
    outer loop
      vertex 17.3333 142.994 0
      vertex 17.5858 143.146 4
      vertex 17.3333 142.994 4
    endloop
  endfacet
  facet normal 0.515743 -0.856744 0
    outer loop
      vertex 17.5858 143.146 4
      vertex 17.3333 142.994 0
      vertex 17.5858 143.146 0
    endloop
  endfacet
  facet normal 0.427955 -0.9038 0
    outer loop
      vertex 17.5858 143.146 0
      vertex 17.8519 143.272 4
      vertex 17.5858 143.146 4
    endloop
  endfacet
  facet normal 0.427955 -0.9038 0
    outer loop
      vertex 17.8519 143.272 4
      vertex 17.5858 143.146 0
      vertex 17.8519 143.272 0
    endloop
  endfacet
  facet normal 0.336229 -0.94178 0
    outer loop
      vertex 17.8519 143.272 0
      vertex 18.1292 143.371 4
      vertex 17.8519 143.272 4
    endloop
  endfacet
  facet normal 0.336229 -0.94178 0
    outer loop
      vertex 18.1292 143.371 4
      vertex 17.8519 143.272 0
      vertex 18.1292 143.371 0
    endloop
  endfacet
  facet normal 0.241336 -0.970442 0
    outer loop
      vertex 18.1292 143.371 0
      vertex 18.4147 143.442 4
      vertex 18.1292 143.371 4
    endloop
  endfacet
  facet normal 0.241336 -0.970442 0
    outer loop
      vertex 18.4147 143.442 4
      vertex 18.1292 143.371 0
      vertex 18.4147 143.442 0
    endloop
  endfacet
  facet normal 0.149403 -0.988776 0
    outer loop
      vertex 18.4147 143.442 0
      vertex 18.7059 143.486 4
      vertex 18.4147 143.442 4
    endloop
  endfacet
  facet normal 0.149403 -0.988776 0
    outer loop
      vertex 18.7059 143.486 4
      vertex 18.4147 143.442 0
      vertex 18.7059 143.486 0
    endloop
  endfacet
  facet normal 0.047549 -0.998869 0
    outer loop
      vertex 18.7059 143.486 0
      vertex 19 143.5 4
      vertex 18.7059 143.486 4
    endloop
  endfacet
  facet normal 0.047549 -0.998869 0
    outer loop
      vertex 19 143.5 4
      vertex 18.7059 143.486 0
      vertex 19 143.5 0
    endloop
  endfacet
  facet normal 0 -1 0
    outer loop
      vertex 19 143.5 0
      vertex 42.7833 143.5 4
      vertex 19 143.5 4
    endloop
  endfacet
  facet normal 0 -1 -0
    outer loop
      vertex 42.7833 143.5 4
      vertex 19 143.5 0
      vertex 42.7833 143.5 0
    endloop
  endfacet
  facet normal -0.047549 -0.998869 0
    outer loop
      vertex 42.7833 143.5 0
      vertex 43.0774 143.486 4
      vertex 42.7833 143.5 4
    endloop
  endfacet
  facet normal -0.047549 -0.998869 -0
    outer loop
      vertex 43.0774 143.486 4
      vertex 42.7833 143.5 0
      vertex 43.0774 143.486 0
    endloop
  endfacet
  facet normal -0.149403 -0.988776 0
    outer loop
      vertex 43.0774 143.486 0
      vertex 43.3686 143.442 4
      vertex 43.0774 143.486 4
    endloop
  endfacet
  facet normal -0.149403 -0.988776 -0
    outer loop
      vertex 43.3686 143.442 4
      vertex 43.0774 143.486 0
      vertex 43.3686 143.442 0
    endloop
  endfacet
  facet normal -0.241256 -0.970461 0
    outer loop
      vertex 43.3686 143.442 0
      vertex 43.6542 143.371 4
      vertex 43.3686 143.442 4
    endloop
  endfacet
  facet normal -0.241256 -0.970461 -0
    outer loop
      vertex 43.6542 143.371 4
      vertex 43.3686 143.442 0
      vertex 43.6542 143.371 0
    endloop
  endfacet
  facet normal -0.336336 -0.941742 0
    outer loop
      vertex 43.6542 143.371 0
      vertex 43.9314 143.272 4
      vertex 43.6542 143.371 4
    endloop
  endfacet
  facet normal -0.336336 -0.941742 -0
    outer loop
      vertex 43.9314 143.272 4
      vertex 43.6542 143.371 0
      vertex 43.9314 143.272 0
    endloop
  endfacet
  facet normal -0.427955 -0.9038 0
    outer loop
      vertex 43.9314 143.272 0
      vertex 44.1975 143.146 4
      vertex 43.9314 143.272 4
    endloop
  endfacet
  facet normal -0.427955 -0.9038 -0
    outer loop
      vertex 44.1975 143.146 4
      vertex 43.9314 143.272 0
      vertex 44.1975 143.146 0
    endloop
  endfacet
  facet normal -0.515743 -0.856744 0
    outer loop
      vertex 44.1975 143.146 0
      vertex 44.45 142.994 4
      vertex 44.1975 143.146 4
    endloop
  endfacet
  facet normal -0.515743 -0.856744 -0
    outer loop
      vertex 44.45 142.994 4
      vertex 44.1975 143.146 0
      vertex 44.45 142.994 0
    endloop
  endfacet
  facet normal -0.594821 -0.803858 0
    outer loop
      vertex 44.45 142.994 0
      vertex 44.6865 142.819 4
      vertex 44.45 142.994 4
    endloop
  endfacet
  facet normal -0.594821 -0.803858 -0
    outer loop
      vertex 44.6865 142.819 4
      vertex 44.45 142.994 0
      vertex 44.6865 142.819 0
    endloop
  endfacet
  facet normal -0.672166 -0.740401 0
    outer loop
      vertex 44.6865 142.819 0
      vertex 44.9046 142.621 4
      vertex 44.6865 142.819 4
    endloop
  endfacet
  facet normal -0.672166 -0.740401 -0
    outer loop
      vertex 44.9046 142.621 4
      vertex 44.6865 142.819 0
      vertex 44.9046 142.621 0
    endloop
  endfacet
  facet normal -0.740585 -0.671962 0
    outer loop
      vertex 45.1024 142.403 0
      vertex 44.9046 142.621 4
      vertex 44.9046 142.621 0
    endloop
  endfacet
  facet normal -0.740585 -0.671962 0
    outer loop
      vertex 44.9046 142.621 4
      vertex 45.1024 142.403 0
      vertex 45.1024 142.403 4
    endloop
  endfacet
  facet normal -0.802767 -0.596293 0
    outer loop
      vertex 45.2777 142.167 0
      vertex 45.1024 142.403 4
      vertex 45.1024 142.403 0
    endloop
  endfacet
  facet normal -0.802767 -0.596293 0
    outer loop
      vertex 45.1024 142.403 4
      vertex 45.2777 142.167 0
      vertex 45.2777 142.167 4
    endloop
  endfacet
  facet normal -0.858091 -0.513498 0
    outer loop
      vertex 45.4291 141.914 0
      vertex 45.2777 142.167 4
      vertex 45.2777 142.167 0
    endloop
  endfacet
  facet normal -0.858091 -0.513498 0
    outer loop
      vertex 45.2777 142.167 4
      vertex 45.4291 141.914 0
      vertex 45.4291 141.914 4
    endloop
  endfacet
  facet normal -0.903869 -0.427809 0
    outer loop
      vertex 45.555 141.648 0
      vertex 45.4291 141.914 4
      vertex 45.4291 141.914 0
    endloop
  endfacet
  facet normal -0.903869 -0.427809 0
    outer loop
      vertex 45.4291 141.914 4
      vertex 45.555 141.648 0
      vertex 45.555 141.648 4
    endloop
  endfacet
  facet normal -0.941557 -0.336853 0
    outer loop
      vertex 45.6541 141.371 0
      vertex 45.555 141.648 4
      vertex 45.555 141.648 0
    endloop
  endfacet
  facet normal -0.941557 -0.336853 0
    outer loop
      vertex 45.555 141.648 4
      vertex 45.6541 141.371 0
      vertex 45.6541 141.371 4
    endloop
  endfacet
  facet normal -0.970063 -0.242855 0
    outer loop
      vertex 45.7257 141.085 0
      vertex 45.6541 141.371 4
      vertex 45.6541 141.371 0
    endloop
  endfacet
  facet normal -0.970063 -0.242855 0
    outer loop
      vertex 45.6541 141.371 4
      vertex 45.7257 141.085 0
      vertex 45.7257 141.085 4
    endloop
  endfacet
  facet normal -0.98916 -0.146844 0
    outer loop
      vertex 45.7689 140.794 0
      vertex 45.7257 141.085 4
      vertex 45.7257 141.085 0
    endloop
  endfacet
  facet normal -0.98916 -0.146844 0
    outer loop
      vertex 45.7257 141.085 4
      vertex 45.7689 140.794 0
      vertex 45.7689 140.794 4
    endloop
  endfacet
  facet normal -0.998803 -0.0489209 0
    outer loop
      vertex 45.7833 140.5 0
      vertex 45.7689 140.794 4
      vertex 45.7689 140.794 0
    endloop
  endfacet
  facet normal -0.998803 -0.0489209 0
    outer loop
      vertex 45.7689 140.794 4
      vertex 45.7833 140.5 0
      vertex 45.7833 140.5 4
    endloop
  endfacet
  facet normal -1 0 0
    outer loop
      vertex 45.7833 130.25 0
      vertex 45.7833 140.5 4
      vertex 45.7833 140.5 0
    endloop
  endfacet
  facet normal -1 -0 0
    outer loop
      vertex 45.7833 140.5 4
      vertex 45.7833 130.25 0
      vertex 45.7833 130.25 4
    endloop
  endfacet
  facet normal -0.998803 0.0489209 0
    outer loop
      vertex 45.7689 129.956 0
      vertex 45.7833 130.25 4
      vertex 45.7833 130.25 0
    endloop
  endfacet
  facet normal -0.998803 0.0489209 0
    outer loop
      vertex 45.7833 130.25 4
      vertex 45.7689 129.956 0
      vertex 45.7689 129.956 4
    endloop
  endfacet
  facet normal -0.98916 0.146844 0
    outer loop
      vertex 45.7257 129.665 0
      vertex 45.7689 129.956 4
      vertex 45.7689 129.956 0
    endloop
  endfacet
  facet normal -0.98916 0.146844 0
    outer loop
      vertex 45.7689 129.956 4
      vertex 45.7257 129.665 0
      vertex 45.7257 129.665 4
    endloop
  endfacet
  facet normal -0.970063 0.242855 0
    outer loop
      vertex 45.6541 129.379 0
      vertex 45.7257 129.665 4
      vertex 45.7257 129.665 0
    endloop
  endfacet
  facet normal -0.970063 0.242855 0
    outer loop
      vertex 45.7257 129.665 4
      vertex 45.6541 129.379 0
      vertex 45.6541 129.379 4
    endloop
  endfacet
  facet normal -0.941557 0.336853 0
    outer loop
      vertex 45.555 129.102 0
      vertex 45.6541 129.379 4
      vertex 45.6541 129.379 0
    endloop
  endfacet
  facet normal -0.941557 0.336853 0
    outer loop
      vertex 45.6541 129.379 4
      vertex 45.555 129.102 0
      vertex 45.555 129.102 4
    endloop
  endfacet
  facet normal -0.903869 0.427809 0
    outer loop
      vertex 45.4291 128.836 0
      vertex 45.555 129.102 4
      vertex 45.555 129.102 0
    endloop
  endfacet
  facet normal -0.903869 0.427809 0
    outer loop
      vertex 45.555 129.102 4
      vertex 45.4291 128.836 0
      vertex 45.4291 128.836 4
    endloop
  endfacet
  facet normal -0.858091 0.513498 0
    outer loop
      vertex 45.2777 128.583 0
      vertex 45.4291 128.836 4
      vertex 45.4291 128.836 0
    endloop
  endfacet
  facet normal -0.858091 0.513498 0
    outer loop
      vertex 45.4291 128.836 4
      vertex 45.2777 128.583 0
      vertex 45.2777 128.583 4
    endloop
  endfacet
  facet normal -0.802767 0.596293 0
    outer loop
      vertex 45.1024 128.347 0
      vertex 45.2777 128.583 4
      vertex 45.2777 128.583 0
    endloop
  endfacet
  facet normal -0.802767 0.596293 0
    outer loop
      vertex 45.2777 128.583 4
      vertex 45.1024 128.347 0
      vertex 45.1024 128.347 4
    endloop
  endfacet
  facet normal -0.740585 0.671962 0
    outer loop
      vertex 44.9046 128.129 0
      vertex 45.1024 128.347 4
      vertex 45.1024 128.347 0
    endloop
  endfacet
  facet normal -0.740585 0.671962 0
    outer loop
      vertex 45.1024 128.347 4
      vertex 44.9046 128.129 0
      vertex 44.9046 128.129 4
    endloop
  endfacet
  facet normal -0.672166 0.740401 0
    outer loop
      vertex 44.9046 128.129 0
      vertex 44.6865 127.931 4
      vertex 44.9046 128.129 4
    endloop
  endfacet
  facet normal -0.672166 0.740401 0
    outer loop
      vertex 44.6865 127.931 4
      vertex 44.9046 128.129 0
      vertex 44.6865 127.931 0
    endloop
  endfacet
  facet normal -0.594821 0.803858 0
    outer loop
      vertex 44.6865 127.931 0
      vertex 44.45 127.756 4
      vertex 44.6865 127.931 4
    endloop
  endfacet
  facet normal -0.594821 0.803858 0
    outer loop
      vertex 44.45 127.756 4
      vertex 44.6865 127.931 0
      vertex 44.45 127.756 0
    endloop
  endfacet
  facet normal -0.515743 0.856744 0
    outer loop
      vertex 44.45 127.756 0
      vertex 44.1975 127.604 4
      vertex 44.45 127.756 4
    endloop
  endfacet
  facet normal -0.515743 0.856744 0
    outer loop
      vertex 44.1975 127.604 4
      vertex 44.45 127.756 0
      vertex 44.1975 127.604 0
    endloop
  endfacet
  facet normal -0.427955 0.9038 0
    outer loop
      vertex 44.1975 127.604 0
      vertex 43.9314 127.478 4
      vertex 44.1975 127.604 4
    endloop
  endfacet
  facet normal -0.427955 0.9038 0
    outer loop
      vertex 43.9314 127.478 4
      vertex 44.1975 127.604 0
      vertex 43.9314 127.478 0
    endloop
  endfacet
  facet normal -0.336336 0.941742 0
    outer loop
      vertex 43.9314 127.478 0
      vertex 43.6542 127.379 4
      vertex 43.9314 127.478 4
    endloop
  endfacet
  facet normal -0.336336 0.941742 0
    outer loop
      vertex 43.6542 127.379 4
      vertex 43.9314 127.478 0
      vertex 43.6542 127.379 0
    endloop
  endfacet
  facet normal -0.241256 0.970461 0
    outer loop
      vertex 43.6542 127.379 0
      vertex 43.3686 127.308 4
      vertex 43.6542 127.379 4
    endloop
  endfacet
  facet normal -0.241256 0.970461 0
    outer loop
      vertex 43.3686 127.308 4
      vertex 43.6542 127.379 0
      vertex 43.3686 127.308 0
    endloop
  endfacet
  facet normal -0.149403 0.988776 0
    outer loop
      vertex 43.3686 127.308 0
      vertex 43.0774 127.264 4
      vertex 43.3686 127.308 4
    endloop
  endfacet
  facet normal -0.149403 0.988776 0
    outer loop
      vertex 43.0774 127.264 4
      vertex 43.3686 127.308 0
      vertex 43.0774 127.264 0
    endloop
  endfacet
  facet normal -0.047549 0.998869 0
    outer loop
      vertex 43.0774 127.264 0
      vertex 42.7833 127.25 4
      vertex 43.0774 127.264 4
    endloop
  endfacet
  facet normal -0.047549 0.998869 0
    outer loop
      vertex 42.7833 127.25 4
      vertex 43.0774 127.264 0
      vertex 42.7833 127.25 0
    endloop
  endfacet
  facet normal 0 1 -0
    outer loop
      vertex 42.7833 127.25 0
      vertex 19 127.25 4
      vertex 42.7833 127.25 4
    endloop
  endfacet
  facet normal 0 1 0
    outer loop
      vertex 19 127.25 4
      vertex 42.7833 127.25 0
      vertex 19 127.25 0
    endloop
  endfacet
  facet normal 0.047549 0.998869 -0
    outer loop
      vertex 90.5667 127.25 0
      vertex 90.2726 127.264 4
      vertex 90.5667 127.25 4
    endloop
  endfacet
  facet normal 0.047549 0.998869 0
    outer loop
      vertex 90.2726 127.264 4
      vertex 90.5667 127.25 0
      vertex 90.2726 127.264 0
    endloop
  endfacet
  facet normal 0.149403 0.988776 -0
    outer loop
      vertex 90.2726 127.264 0
      vertex 89.9814 127.308 4
      vertex 90.2726 127.264 4
    endloop
  endfacet
  facet normal 0.149403 0.988776 0
    outer loop
      vertex 89.9814 127.308 4
      vertex 90.2726 127.264 0
      vertex 89.9814 127.308 0
    endloop
  endfacet
  facet normal 0.241256 0.970461 -0
    outer loop
      vertex 89.9814 127.308 0
      vertex 89.6958 127.379 4
      vertex 89.9814 127.308 4
    endloop
  endfacet
  facet normal 0.241256 0.970461 0
    outer loop
      vertex 89.6958 127.379 4
      vertex 89.9814 127.308 0
      vertex 89.6958 127.379 0
    endloop
  endfacet
  facet normal 0.336336 0.941742 -0
    outer loop
      vertex 89.6958 127.379 0
      vertex 89.4186 127.478 4
      vertex 89.6958 127.379 4
    endloop
  endfacet
  facet normal 0.336336 0.941742 0
    outer loop
      vertex 89.4186 127.478 4
      vertex 89.6958 127.379 0
      vertex 89.4186 127.478 0
    endloop
  endfacet
  facet normal 0.427955 0.9038 -0
    outer loop
      vertex 89.4186 127.478 0
      vertex 89.1525 127.604 4
      vertex 89.4186 127.478 4
    endloop
  endfacet
  facet normal 0.427955 0.9038 0
    outer loop
      vertex 89.1525 127.604 4
      vertex 89.4186 127.478 0
      vertex 89.1525 127.604 0
    endloop
  endfacet
  facet normal 0.515593 0.856834 -0
    outer loop
      vertex 89.1525 127.604 0
      vertex 88.8999 127.756 4
      vertex 89.1525 127.604 4
    endloop
  endfacet
  facet normal 0.515593 0.856834 0
    outer loop
      vertex 88.8999 127.756 4
      vertex 89.1525 127.604 0
      vertex 88.8999 127.756 0
    endloop
  endfacet
  facet normal 0.594984 0.803738 -0
    outer loop
      vertex 88.8999 127.756 0
      vertex 88.6635 127.931 4
      vertex 88.8999 127.756 4
    endloop
  endfacet
  facet normal 0.594984 0.803738 0
    outer loop
      vertex 88.6635 127.931 4
      vertex 88.8999 127.756 0
      vertex 88.6635 127.931 0
    endloop
  endfacet
  facet normal 0.671997 0.740554 -0
    outer loop
      vertex 88.6635 127.931 0
      vertex 88.4453 128.129 4
      vertex 88.6635 127.931 4
    endloop
  endfacet
  facet normal 0.671997 0.740554 0
    outer loop
      vertex 88.4453 128.129 4
      vertex 88.6635 127.931 0
      vertex 88.4453 128.129 0
    endloop
  endfacet
  facet normal 0.740754 0.671776 0
    outer loop
      vertex 88.4453 128.129 4
      vertex 88.2476 128.347 0
      vertex 88.2476 128.347 4
    endloop
  endfacet
  facet normal 0.740754 0.671776 0
    outer loop
      vertex 88.2476 128.347 0
      vertex 88.4453 128.129 4
      vertex 88.4453 128.129 0
    endloop
  endfacet
  facet normal 0.802767 0.596293 0
    outer loop
      vertex 88.2476 128.347 4
      vertex 88.0723 128.583 0
      vertex 88.0723 128.583 4
    endloop
  endfacet
  facet normal 0.802767 0.596293 0
    outer loop
      vertex 88.0723 128.583 0
      vertex 88.2476 128.347 4
      vertex 88.2476 128.347 0
    endloop
  endfacet
  facet normal 0.858091 0.513498 0
    outer loop
      vertex 88.0723 128.583 4
      vertex 87.9209 128.836 0
      vertex 87.9209 128.836 4
    endloop
  endfacet
  facet normal 0.858091 0.513498 0
    outer loop
      vertex 87.9209 128.836 0
      vertex 88.0723 128.583 4
      vertex 88.0723 128.583 0
    endloop
  endfacet
  facet normal 0.903869 0.427809 0
    outer loop
      vertex 87.9209 128.836 4
      vertex 87.795 129.102 0
      vertex 87.795 129.102 4
    endloop
  endfacet
  facet normal 0.903869 0.427809 0
    outer loop
      vertex 87.795 129.102 0
      vertex 87.9209 128.836 4
      vertex 87.9209 128.836 0
    endloop
  endfacet
  facet normal 0.941449 0.337154 0
    outer loop
      vertex 87.795 129.102 4
      vertex 87.6958 129.379 0
      vertex 87.6958 129.379 4
    endloop
  endfacet
  facet normal 0.941449 0.337154 0
    outer loop
      vertex 87.6958 129.379 0
      vertex 87.795 129.102 4
      vertex 87.795 129.102 0
    endloop
  endfacet
  facet normal 0.970143 0.242536 0
    outer loop
      vertex 87.6958 129.379 4
      vertex 87.6243 129.665 0
      vertex 87.6243 129.665 4
    endloop
  endfacet
  facet normal 0.970143 0.242536 0
    outer loop
      vertex 87.6243 129.665 0
      vertex 87.6958 129.379 4
      vertex 87.6958 129.379 0
    endloop
  endfacet
  facet normal 0.98916 0.146844 0
    outer loop
      vertex 87.6243 129.665 4
      vertex 87.5811 129.956 0
      vertex 87.5811 129.956 4
    endloop
  endfacet
  facet normal 0.98916 0.146844 0
    outer loop
      vertex 87.5811 129.956 0
      vertex 87.6243 129.665 4
      vertex 87.6243 129.665 0
    endloop
  endfacet
  facet normal 0.998803 0.0489209 0
    outer loop
      vertex 87.5811 129.956 4
      vertex 87.5667 130.25 0
      vertex 87.5667 130.25 4
    endloop
  endfacet
  facet normal 0.998803 0.0489209 0
    outer loop
      vertex 87.5667 130.25 0
      vertex 87.5811 129.956 4
      vertex 87.5811 129.956 0
    endloop
  endfacet
  facet normal 1 -0 0
    outer loop
      vertex 87.5667 130.25 4
      vertex 87.5667 140.5 0
      vertex 87.5667 140.5 4
    endloop
  endfacet
  facet normal 1 0 0
    outer loop
      vertex 87.5667 140.5 0
      vertex 87.5667 130.25 4
      vertex 87.5667 130.25 0
    endloop
  endfacet
  facet normal 0.998803 -0.0489209 0
    outer loop
      vertex 87.5667 140.5 4
      vertex 87.5811 140.794 0
      vertex 87.5811 140.794 4
    endloop
  endfacet
  facet normal 0.998803 -0.0489209 0
    outer loop
      vertex 87.5811 140.794 0
      vertex 87.5667 140.5 4
      vertex 87.5667 140.5 0
    endloop
  endfacet
  facet normal 0.98916 -0.146844 0
    outer loop
      vertex 87.5811 140.794 4
      vertex 87.6243 141.085 0
      vertex 87.6243 141.085 4
    endloop
  endfacet
  facet normal 0.98916 -0.146844 0
    outer loop
      vertex 87.6243 141.085 0
      vertex 87.5811 140.794 4
      vertex 87.5811 140.794 0
    endloop
  endfacet
  facet normal 0.970143 -0.242536 0
    outer loop
      vertex 87.6243 141.085 4
      vertex 87.6958 141.371 0
      vertex 87.6958 141.371 4
    endloop
  endfacet
  facet normal 0.970143 -0.242536 0
    outer loop
      vertex 87.6958 141.371 0
      vertex 87.6243 141.085 4
      vertex 87.6243 141.085 0
    endloop
  endfacet
  facet normal 0.941449 -0.337154 0
    outer loop
      vertex 87.6958 141.371 4
      vertex 87.795 141.648 0
      vertex 87.795 141.648 4
    endloop
  endfacet
  facet normal 0.941449 -0.337154 0
    outer loop
      vertex 87.795 141.648 0
      vertex 87.6958 141.371 4
      vertex 87.6958 141.371 0
    endloop
  endfacet
  facet normal 0.903869 -0.427809 0
    outer loop
      vertex 87.795 141.648 4
      vertex 87.9209 141.914 0
      vertex 87.9209 141.914 4
    endloop
  endfacet
  facet normal 0.903869 -0.427809 0
    outer loop
      vertex 87.9209 141.914 0
      vertex 87.795 141.648 4
      vertex 87.795 141.648 0
    endloop
  endfacet
  facet normal 0.858091 -0.513498 0
    outer loop
      vertex 87.9209 141.914 4
      vertex 88.0723 142.167 0
      vertex 88.0723 142.167 4
    endloop
  endfacet
  facet normal 0.858091 -0.513498 0
    outer loop
      vertex 88.0723 142.167 0
      vertex 87.9209 141.914 4
      vertex 87.9209 141.914 0
    endloop
  endfacet
  facet normal 0.802767 -0.596293 0
    outer loop
      vertex 88.0723 142.167 4
      vertex 88.2476 142.403 0
      vertex 88.2476 142.403 4
    endloop
  endfacet
  facet normal 0.802767 -0.596293 0
    outer loop
      vertex 88.2476 142.403 0
      vertex 88.0723 142.167 4
      vertex 88.0723 142.167 0
    endloop
  endfacet
  facet normal 0.740754 -0.671776 0
    outer loop
      vertex 88.2476 142.403 4
      vertex 88.4453 142.621 0
      vertex 88.4453 142.621 4
    endloop
  endfacet
  facet normal 0.740754 -0.671776 0
    outer loop
      vertex 88.4453 142.621 0
      vertex 88.2476 142.403 4
      vertex 88.2476 142.403 0
    endloop
  endfacet
  facet normal 0.671997 -0.740554 0
    outer loop
      vertex 88.4453 142.621 0
      vertex 88.6635 142.819 4
      vertex 88.4453 142.621 4
    endloop
  endfacet
  facet normal 0.671997 -0.740554 0
    outer loop
      vertex 88.6635 142.819 4
      vertex 88.4453 142.621 0
      vertex 88.6635 142.819 0
    endloop
  endfacet
  facet normal 0.594984 -0.803738 0
    outer loop
      vertex 88.6635 142.819 0
      vertex 88.8999 142.994 4
      vertex 88.6635 142.819 4
    endloop
  endfacet
  facet normal 0.594984 -0.803738 0
    outer loop
      vertex 88.8999 142.994 4
      vertex 88.6635 142.819 0
      vertex 88.8999 142.994 0
    endloop
  endfacet
  facet normal 0.515593 -0.856834 0
    outer loop
      vertex 88.8999 142.994 0
      vertex 89.1525 143.146 4
      vertex 88.8999 142.994 4
    endloop
  endfacet
  facet normal 0.515593 -0.856834 0
    outer loop
      vertex 89.1525 143.146 4
      vertex 88.8999 142.994 0
      vertex 89.1525 143.146 0
    endloop
  endfacet
  facet normal 0.427955 -0.9038 0
    outer loop
      vertex 89.1525 143.146 0
      vertex 89.4186 143.272 4
      vertex 89.1525 143.146 4
    endloop
  endfacet
  facet normal 0.427955 -0.9038 0
    outer loop
      vertex 89.4186 143.272 4
      vertex 89.1525 143.146 0
      vertex 89.4186 143.272 0
    endloop
  endfacet
  facet normal 0.336336 -0.941742 0
    outer loop
      vertex 89.4186 143.272 0
      vertex 89.6958 143.371 4
      vertex 89.4186 143.272 4
    endloop
  endfacet
  facet normal 0.336336 -0.941742 0
    outer loop
      vertex 89.6958 143.371 4
      vertex 89.4186 143.272 0
      vertex 89.6958 143.371 0
    endloop
  endfacet
  facet normal 0.241256 -0.970461 0
    outer loop
      vertex 89.6958 143.371 0
      vertex 89.9814 143.442 4
      vertex 89.6958 143.371 4
    endloop
  endfacet
  facet normal 0.241256 -0.970461 0
    outer loop
      vertex 89.9814 143.442 4
      vertex 89.6958 143.371 0
      vertex 89.9814 143.442 0
    endloop
  endfacet
  facet normal 0.149403 -0.988776 0
    outer loop
      vertex 89.9814 143.442 0
      vertex 90.2726 143.486 4
      vertex 89.9814 143.442 4
    endloop
  endfacet
  facet normal 0.149403 -0.988776 0
    outer loop
      vertex 90.2726 143.486 4
      vertex 89.9814 143.442 0
      vertex 90.2726 143.486 0
    endloop
  endfacet
  facet normal 0.047549 -0.998869 0
    outer loop
      vertex 90.2726 143.486 0
      vertex 90.5667 143.5 4
      vertex 90.2726 143.486 4
    endloop
  endfacet
  facet normal 0.047549 -0.998869 0
    outer loop
      vertex 90.5667 143.5 4
      vertex 90.2726 143.486 0
      vertex 90.5667 143.5 0
    endloop
  endfacet
  facet normal 0 -1 0
    outer loop
      vertex 90.5667 143.5 0
      vertex 114.35 143.5 4
      vertex 90.5667 143.5 4
    endloop
  endfacet
  facet normal 0 -1 -0
    outer loop
      vertex 114.35 143.5 4
      vertex 90.5667 143.5 0
      vertex 114.35 143.5 0
    endloop
  endfacet
  facet normal -0.0475651 -0.998868 0
    outer loop
      vertex 114.35 143.5 0
      vertex 114.644 143.486 4
      vertex 114.35 143.5 4
    endloop
  endfacet
  facet normal -0.0475651 -0.998868 -0
    outer loop
      vertex 114.644 143.486 4
      vertex 114.35 143.5 0
      vertex 114.644 143.486 0
    endloop
  endfacet
  facet normal -0.149503 -0.988761 0
    outer loop
      vertex 114.644 143.486 0
      vertex 114.935 143.442 4
      vertex 114.644 143.486 4
    endloop
  endfacet
  facet normal -0.149503 -0.988761 -0
    outer loop
      vertex 114.935 143.442 4
      vertex 114.644 143.486 0
      vertex 114.935 143.442 0
    endloop
  endfacet
  facet normal -0.240938 -0.97054 0
    outer loop
      vertex 114.935 143.442 0
      vertex 115.221 143.371 4
      vertex 114.935 143.442 4
    endloop
  endfacet
  facet normal -0.240938 -0.97054 -0
    outer loop
      vertex 115.221 143.371 4
      vertex 114.935 143.442 0
      vertex 115.221 143.371 0
    endloop
  endfacet
  facet normal -0.336552 -0.941665 0
    outer loop
      vertex 115.221 143.371 0
      vertex 115.498 143.272 4
      vertex 115.221 143.371 4
    endloop
  endfacet
  facet normal -0.336552 -0.941665 -0
    outer loop
      vertex 115.498 143.272 4
      vertex 115.221 143.371 0
      vertex 115.498 143.272 0
    endloop
  endfacet
  facet normal -0.428086 -0.903738 0
    outer loop
      vertex 115.498 143.272 0
      vertex 115.764 143.146 4
      vertex 115.498 143.272 4
    endloop
  endfacet
  facet normal -0.428086 -0.903738 -0
    outer loop
      vertex 115.764 143.146 4
      vertex 115.498 143.272 0
      vertex 115.764 143.146 0
    endloop
  endfacet
  facet normal -0.514994 -0.857194 0
    outer loop
      vertex 115.764 143.146 0
      vertex 116.017 142.994 4
      vertex 115.764 143.146 4
    endloop
  endfacet
  facet normal -0.514994 -0.857194 -0
    outer loop
      vertex 116.017 142.994 4
      vertex 115.764 143.146 0
      vertex 116.017 142.994 0
    endloop
  endfacet
  facet normal -0.595634 -0.803256 0
    outer loop
      vertex 116.017 142.994 0
      vertex 116.253 142.819 4
      vertex 116.017 142.994 4
    endloop
  endfacet
  facet normal -0.595634 -0.803256 -0
    outer loop
      vertex 116.253 142.819 4
      vertex 116.017 142.994 0
      vertex 116.253 142.819 0
    endloop
  endfacet
  facet normal -0.672335 -0.740247 0
    outer loop
      vertex 116.253 142.819 0
      vertex 116.471 142.621 4
      vertex 116.253 142.819 4
    endloop
  endfacet
  facet normal -0.672335 -0.740247 -0
    outer loop
      vertex 116.471 142.621 4
      vertex 116.253 142.819 0
      vertex 116.471 142.621 0
    endloop
  endfacet
  facet normal -0.740247 -0.672335 0
    outer loop
      vertex 116.669 142.403 0
      vertex 116.471 142.621 4
      vertex 116.471 142.621 0
    endloop
  endfacet
  facet normal -0.740247 -0.672335 0
    outer loop
      vertex 116.471 142.621 4
      vertex 116.669 142.403 0
      vertex 116.669 142.403 4
    endloop
  endfacet
  facet normal -0.803256 -0.595634 0
    outer loop
      vertex 116.844 142.167 0
      vertex 116.669 142.403 4
      vertex 116.669 142.403 0
    endloop
  endfacet
  facet normal -0.803256 -0.595634 0
    outer loop
      vertex 116.669 142.403 4
      vertex 116.844 142.167 0
      vertex 116.844 142.167 4
    endloop
  endfacet
  facet normal -0.857194 -0.514994 0
    outer loop
      vertex 116.996 141.914 0
      vertex 116.844 142.167 4
      vertex 116.844 142.167 0
    endloop
  endfacet
  facet normal -0.857194 -0.514994 0
    outer loop
      vertex 116.844 142.167 4
      vertex 116.996 141.914 0
      vertex 116.996 141.914 4
    endloop
  endfacet
  facet normal -0.903738 -0.428086 0
    outer loop
      vertex 117.122 141.648 0
      vertex 116.996 141.914 4
      vertex 116.996 141.914 0
    endloop
  endfacet
  facet normal -0.903738 -0.428086 0
    outer loop
      vertex 116.996 141.914 4
      vertex 117.122 141.648 0
      vertex 117.122 141.648 4
    endloop
  endfacet
  facet normal -0.941665 -0.336552 0
    outer loop
      vertex 117.221 141.371 0
      vertex 117.122 141.648 4
      vertex 117.122 141.648 0
    endloop
  endfacet
  facet normal -0.941665 -0.336552 0
    outer loop
      vertex 117.122 141.648 4
      vertex 117.221 141.371 0
      vertex 117.221 141.371 4
    endloop
  endfacet
  facet normal -0.97054 -0.240938 0
    outer loop
      vertex 117.292 141.085 0
      vertex 117.221 141.371 4
      vertex 117.221 141.371 0
    endloop
  endfacet
  facet normal -0.97054 -0.240938 0
    outer loop
      vertex 117.221 141.371 4
      vertex 117.292 141.085 0
      vertex 117.292 141.085 4
    endloop
  endfacet
  facet normal -0.988761 -0.149503 0
    outer loop
      vertex 117.336 140.794 0
      vertex 117.292 141.085 4
      vertex 117.292 141.085 0
    endloop
  endfacet
  facet normal -0.988761 -0.149503 0
    outer loop
      vertex 117.292 141.085 4
      vertex 117.336 140.794 0
      vertex 117.336 140.794 4
    endloop
  endfacet
  facet normal -0.998868 -0.0475651 0
    outer loop
      vertex 117.35 140.5 0
      vertex 117.336 140.794 4
      vertex 117.336 140.794 0
    endloop
  endfacet
  facet normal -0.998868 -0.0475651 0
    outer loop
      vertex 117.336 140.794 4
      vertex 117.35 140.5 0
      vertex 117.35 140.5 4
    endloop
  endfacet
  facet normal -1 0 0
    outer loop
      vertex 117.35 130.25 0
      vertex 117.35 140.5 4
      vertex 117.35 140.5 0
    endloop
  endfacet
  facet normal -1 -0 0
    outer loop
      vertex 117.35 140.5 4
      vertex 117.35 130.25 0
      vertex 117.35 130.25 4
    endloop
  endfacet
  facet normal -0.998868 0.0475651 0
    outer loop
      vertex 117.336 129.956 0
      vertex 117.35 130.25 4
      vertex 117.35 130.25 0
    endloop
  endfacet
  facet normal -0.998868 0.0475651 0
    outer loop
      vertex 117.35 130.25 4
      vertex 117.336 129.956 0
      vertex 117.336 129.956 4
    endloop
  endfacet
  facet normal -0.988761 0.149503 0
    outer loop
      vertex 117.292 129.665 0
      vertex 117.336 129.956 4
      vertex 117.336 129.956 0
    endloop
  endfacet
  facet normal -0.988761 0.149503 0
    outer loop
      vertex 117.336 129.956 4
      vertex 117.292 129.665 0
      vertex 117.292 129.665 4
    endloop
  endfacet
  facet normal -0.97054 0.240938 0
    outer loop
      vertex 117.221 129.379 0
      vertex 117.292 129.665 4
      vertex 117.292 129.665 0
    endloop
  endfacet
  facet normal -0.97054 0.240938 0
    outer loop
      vertex 117.292 129.665 4
      vertex 117.221 129.379 0
      vertex 117.221 129.379 4
    endloop
  endfacet
  facet normal -0.941665 0.336552 0
    outer loop
      vertex 117.122 129.102 0
      vertex 117.221 129.379 4
      vertex 117.221 129.379 0
    endloop
  endfacet
  facet normal -0.941665 0.336552 0
    outer loop
      vertex 117.221 129.379 4
      vertex 117.122 129.102 0
      vertex 117.122 129.102 4
    endloop
  endfacet
  facet normal -0.903738 0.428086 0
    outer loop
      vertex 116.996 128.836 0
      vertex 117.122 129.102 4
      vertex 117.122 129.102 0
    endloop
  endfacet
  facet normal -0.903738 0.428086 0
    outer loop
      vertex 117.122 129.102 4
      vertex 116.996 128.836 0
      vertex 116.996 128.836 4
    endloop
  endfacet
  facet normal -0.857194 0.514994 0
    outer loop
      vertex 116.844 128.583 0
      vertex 116.996 128.836 4
      vertex 116.996 128.836 0
    endloop
  endfacet
  facet normal -0.857194 0.514994 0
    outer loop
      vertex 116.996 128.836 4
      vertex 116.844 128.583 0
      vertex 116.844 128.583 4
    endloop
  endfacet
  facet normal -0.803256 0.595634 0
    outer loop
      vertex 116.669 128.347 0
      vertex 116.844 128.583 4
      vertex 116.844 128.583 0
    endloop
  endfacet
  facet normal -0.803256 0.595634 0
    outer loop
      vertex 116.844 128.583 4
      vertex 116.669 128.347 0
      vertex 116.669 128.347 4
    endloop
  endfacet
  facet normal -0.740247 0.672335 0
    outer loop
      vertex 116.471 128.129 0
      vertex 116.669 128.347 4
      vertex 116.669 128.347 0
    endloop
  endfacet
  facet normal -0.740247 0.672335 0
    outer loop
      vertex 116.669 128.347 4
      vertex 116.471 128.129 0
      vertex 116.471 128.129 4
    endloop
  endfacet
  facet normal -0.672335 0.740247 0
    outer loop
      vertex 116.471 128.129 0
      vertex 116.253 127.931 4
      vertex 116.471 128.129 4
    endloop
  endfacet
  facet normal -0.672335 0.740247 0
    outer loop
      vertex 116.253 127.931 4
      vertex 116.471 128.129 0
      vertex 116.253 127.931 0
    endloop
  endfacet
  facet normal -0.595634 0.803256 0
    outer loop
      vertex 116.253 127.931 0
      vertex 116.017 127.756 4
      vertex 116.253 127.931 4
    endloop
  endfacet
  facet normal -0.595634 0.803256 0
    outer loop
      vertex 116.017 127.756 4
      vertex 116.253 127.931 0
      vertex 116.017 127.756 0
    endloop
  endfacet
  facet normal -0.514994 0.857194 0
    outer loop
      vertex 116.017 127.756 0
      vertex 115.764 127.604 4
      vertex 116.017 127.756 4
    endloop
  endfacet
  facet normal -0.514994 0.857194 0
    outer loop
      vertex 115.764 127.604 4
      vertex 116.017 127.756 0
      vertex 115.764 127.604 0
    endloop
  endfacet
  facet normal -0.428086 0.903738 0
    outer loop
      vertex 115.764 127.604 0
      vertex 115.498 127.478 4
      vertex 115.764 127.604 4
    endloop
  endfacet
  facet normal -0.428086 0.903738 0
    outer loop
      vertex 115.498 127.478 4
      vertex 115.764 127.604 0
      vertex 115.498 127.478 0
    endloop
  endfacet
  facet normal -0.336552 0.941665 0
    outer loop
      vertex 115.498 127.478 0
      vertex 115.221 127.379 4
      vertex 115.498 127.478 4
    endloop
  endfacet
  facet normal -0.336552 0.941665 0
    outer loop
      vertex 115.221 127.379 4
      vertex 115.498 127.478 0
      vertex 115.221 127.379 0
    endloop
  endfacet
  facet normal -0.240938 0.97054 0
    outer loop
      vertex 115.221 127.379 0
      vertex 114.935 127.308 4
      vertex 115.221 127.379 4
    endloop
  endfacet
  facet normal -0.240938 0.97054 0
    outer loop
      vertex 114.935 127.308 4
      vertex 115.221 127.379 0
      vertex 114.935 127.308 0
    endloop
  endfacet
  facet normal -0.149503 0.988761 0
    outer loop
      vertex 114.935 127.308 0
      vertex 114.644 127.264 4
      vertex 114.935 127.308 4
    endloop
  endfacet
  facet normal -0.149503 0.988761 0
    outer loop
      vertex 114.644 127.264 4
      vertex 114.935 127.308 0
      vertex 114.644 127.264 0
    endloop
  endfacet
  facet normal -0.0475651 0.998868 0
    outer loop
      vertex 114.644 127.264 0
      vertex 114.35 127.25 4
      vertex 114.644 127.264 4
    endloop
  endfacet
  facet normal -0.0475651 0.998868 0
    outer loop
      vertex 114.35 127.25 4
      vertex 114.644 127.264 0
      vertex 114.35 127.25 0
    endloop
  endfacet
  facet normal 0 1 -0
    outer loop
      vertex 114.35 127.25 0
      vertex 90.5667 127.25 4
      vertex 114.35 127.25 4
    endloop
  endfacet
  facet normal 0 1 0
    outer loop
      vertex 90.5667 127.25 4
      vertex 114.35 127.25 0
      vertex 90.5667 127.25 0
    endloop
  endfacet
  facet normal 0.047549 0.998869 -0
    outer loop
      vertex 19 105 0
      vertex 18.7059 105.014 4
      vertex 19 105 4
    endloop
  endfacet
  facet normal 0.047549 0.998869 0
    outer loop
      vertex 18.7059 105.014 4
      vertex 19 105 0
      vertex 18.7059 105.014 0
    endloop
  endfacet
  facet normal 0.149403 0.988776 -0
    outer loop
      vertex 18.7059 105.014 0
      vertex 18.4147 105.058 4
      vertex 18.7059 105.014 4
    endloop
  endfacet
  facet normal 0.149403 0.988776 0
    outer loop
      vertex 18.4147 105.058 4
      vertex 18.7059 105.014 0
      vertex 18.4147 105.058 0
    endloop
  endfacet
  facet normal 0.241336 0.970442 -0
    outer loop
      vertex 18.4147 105.058 0
      vertex 18.1292 105.129 4
      vertex 18.4147 105.058 4
    endloop
  endfacet
  facet normal 0.241336 0.970442 0
    outer loop
      vertex 18.1292 105.129 4
      vertex 18.4147 105.058 0
      vertex 18.1292 105.129 0
    endloop
  endfacet
  facet normal 0.336229 0.94178 -0
    outer loop
      vertex 18.1292 105.129 0
      vertex 17.8519 105.228 4
      vertex 18.1292 105.129 4
    endloop
  endfacet
  facet normal 0.336229 0.94178 0
    outer loop
      vertex 17.8519 105.228 4
      vertex 18.1292 105.129 0
      vertex 17.8519 105.228 0
    endloop
  endfacet
  facet normal 0.427955 0.9038 -0
    outer loop
      vertex 17.8519 105.228 0
      vertex 17.5858 105.354 4
      vertex 17.8519 105.228 4
    endloop
  endfacet
  facet normal 0.427955 0.9038 0
    outer loop
      vertex 17.5858 105.354 4
      vertex 17.8519 105.228 0
      vertex 17.5858 105.354 0
    endloop
  endfacet
  facet normal 0.515743 0.856744 -0
    outer loop
      vertex 17.5858 105.354 0
      vertex 17.3333 105.506 4
      vertex 17.5858 105.354 4
    endloop
  endfacet
  facet normal 0.515743 0.856744 0
    outer loop
      vertex 17.3333 105.506 4
      vertex 17.5858 105.354 0
      vertex 17.3333 105.506 0
    endloop
  endfacet
  facet normal 0.594821 0.803858 -0
    outer loop
      vertex 17.3333 105.506 0
      vertex 17.0968 105.681 4
      vertex 17.3333 105.506 4
    endloop
  endfacet
  facet normal 0.594821 0.803858 0
    outer loop
      vertex 17.0968 105.681 4
      vertex 17.3333 105.506 0
      vertex 17.0968 105.681 0
    endloop
  endfacet
  facet normal 0.672166 0.740401 -0
    outer loop
      vertex 17.0968 105.681 0
      vertex 16.8787 105.879 4
      vertex 17.0968 105.681 4
    endloop
  endfacet
  facet normal 0.672166 0.740401 0
    outer loop
      vertex 16.8787 105.879 4
      vertex 17.0968 105.681 0
      vertex 16.8787 105.879 0
    endloop
  endfacet
  facet normal 0.740754 0.671776 0
    outer loop
      vertex 16.8787 105.879 4
      vertex 16.681 106.097 0
      vertex 16.681 106.097 4
    endloop
  endfacet
  facet normal 0.740754 0.671776 0
    outer loop
      vertex 16.681 106.097 0
      vertex 16.8787 105.879 4
      vertex 16.8787 105.879 0
    endloop
  endfacet
  facet normal 0.802604 0.596512 0
    outer loop
      vertex 16.681 106.097 4
      vertex 16.5056 106.333 0
      vertex 16.5056 106.333 4
    endloop
  endfacet
  facet normal 0.802604 0.596512 0
    outer loop
      vertex 16.5056 106.333 0
      vertex 16.681 106.097 4
      vertex 16.681 106.097 0
    endloop
  endfacet
  facet normal 0.858091 0.513498 0
    outer loop
      vertex 16.5056 106.333 4
      vertex 16.3542 106.586 0
      vertex 16.3542 106.586 4
    endloop
  endfacet
  facet normal 0.858091 0.513498 0
    outer loop
      vertex 16.3542 106.586 0
      vertex 16.5056 106.333 4
      vertex 16.5056 106.333 0
    endloop
  endfacet
  facet normal 0.904001 0.427531 0
    outer loop
      vertex 16.3542 106.586 4
      vertex 16.2284 106.852 0
      vertex 16.2284 106.852 4
    endloop
  endfacet
  facet normal 0.904001 0.427531 0
    outer loop
      vertex 16.2284 106.852 0
      vertex 16.3542 106.586 4
      vertex 16.3542 106.586 0
    endloop
  endfacet
  facet normal 0.941449 0.337154 0
    outer loop
      vertex 16.2284 106.852 4
      vertex 16.1292 107.129 0
      vertex 16.1292 107.129 4
    endloop
  endfacet
  facet normal 0.941449 0.337154 0
    outer loop
      vertex 16.1292 107.129 0
      vertex 16.2284 106.852 4
      vertex 16.2284 106.852 0
    endloop
  endfacet
  facet normal 0.970063 0.242855 0
    outer loop
      vertex 16.1292 107.129 4
      vertex 16.0576 107.415 0
      vertex 16.0576 107.415 4
    endloop
  endfacet
  facet normal 0.970063 0.242855 0
    outer loop
      vertex 16.0576 107.415 0
      vertex 16.1292 107.129 4
      vertex 16.1292 107.129 0
    endloop
  endfacet
  facet normal 0.989209 0.146512 0
    outer loop
      vertex 16.0576 107.415 4
      vertex 16.0145 107.706 0
      vertex 16.0145 107.706 4
    endloop
  endfacet
  facet normal 0.989209 0.146512 0
    outer loop
      vertex 16.0145 107.706 0
      vertex 16.0576 107.415 4
      vertex 16.0576 107.415 0
    endloop
  endfacet
  facet normal 0.998786 0.0492599 0
    outer loop
      vertex 16.0145 107.706 4
      vertex 16 108 0
      vertex 16 108 4
    endloop
  endfacet
  facet normal 0.998786 0.0492599 0
    outer loop
      vertex 16 108 0
      vertex 16.0145 107.706 4
      vertex 16.0145 107.706 0
    endloop
  endfacet
  facet normal 1 -0 0
    outer loop
      vertex 16 108 4
      vertex 16 118.25 0
      vertex 16 118.25 4
    endloop
  endfacet
  facet normal 1 0 0
    outer loop
      vertex 16 118.25 0
      vertex 16 108 4
      vertex 16 108 0
    endloop
  endfacet
  facet normal 0.998786 -0.0492599 0
    outer loop
      vertex 16 118.25 4
      vertex 16.0145 118.544 0
      vertex 16.0145 118.544 4
    endloop
  endfacet
  facet normal 0.998786 -0.0492599 0
    outer loop
      vertex 16.0145 118.544 0
      vertex 16 118.25 4
      vertex 16 118.25 0
    endloop
  endfacet
  facet normal 0.989209 -0.146512 0
    outer loop
      vertex 16.0145 118.544 4
      vertex 16.0576 118.835 0
      vertex 16.0576 118.835 4
    endloop
  endfacet
  facet normal 0.989209 -0.146512 0
    outer loop
      vertex 16.0576 118.835 0
      vertex 16.0145 118.544 4
      vertex 16.0145 118.544 0
    endloop
  endfacet
  facet normal 0.970063 -0.242855 0
    outer loop
      vertex 16.0576 118.835 4
      vertex 16.1292 119.121 0
      vertex 16.1292 119.121 4
    endloop
  endfacet
  facet normal 0.970063 -0.242855 0
    outer loop
      vertex 16.1292 119.121 0
      vertex 16.0576 118.835 4
      vertex 16.0576 118.835 0
    endloop
  endfacet
  facet normal 0.941449 -0.337154 0
    outer loop
      vertex 16.1292 119.121 4
      vertex 16.2284 119.398 0
      vertex 16.2284 119.398 4
    endloop
  endfacet
  facet normal 0.941449 -0.337154 0
    outer loop
      vertex 16.2284 119.398 0
      vertex 16.1292 119.121 4
      vertex 16.1292 119.121 0
    endloop
  endfacet
  facet normal 0.904001 -0.427531 0
    outer loop
      vertex 16.2284 119.398 4
      vertex 16.3542 119.664 0
      vertex 16.3542 119.664 4
    endloop
  endfacet
  facet normal 0.904001 -0.427531 0
    outer loop
      vertex 16.3542 119.664 0
      vertex 16.2284 119.398 4
      vertex 16.2284 119.398 0
    endloop
  endfacet
  facet normal 0.858091 -0.513498 0
    outer loop
      vertex 16.3542 119.664 4
      vertex 16.5056 119.917 0
      vertex 16.5056 119.917 4
    endloop
  endfacet
  facet normal 0.858091 -0.513498 0
    outer loop
      vertex 16.5056 119.917 0
      vertex 16.3542 119.664 4
      vertex 16.3542 119.664 0
    endloop
  endfacet
  facet normal 0.802604 -0.596512 0
    outer loop
      vertex 16.5056 119.917 4
      vertex 16.681 120.153 0
      vertex 16.681 120.153 4
    endloop
  endfacet
  facet normal 0.802604 -0.596512 0
    outer loop
      vertex 16.681 120.153 0
      vertex 16.5056 119.917 4
      vertex 16.5056 119.917 0
    endloop
  endfacet
  facet normal 0.740754 -0.671776 0
    outer loop
      vertex 16.681 120.153 4
      vertex 16.8787 120.371 0
      vertex 16.8787 120.371 4
    endloop
  endfacet
  facet normal 0.740754 -0.671776 0
    outer loop
      vertex 16.8787 120.371 0
      vertex 16.681 120.153 4
      vertex 16.681 120.153 0
    endloop
  endfacet
  facet normal 0.672166 -0.740401 0
    outer loop
      vertex 16.8787 120.371 0
      vertex 17.0968 120.569 4
      vertex 16.8787 120.371 4
    endloop
  endfacet
  facet normal 0.672166 -0.740401 0
    outer loop
      vertex 17.0968 120.569 4
      vertex 16.8787 120.371 0
      vertex 17.0968 120.569 0
    endloop
  endfacet
  facet normal 0.594821 -0.803858 0
    outer loop
      vertex 17.0968 120.569 0
      vertex 17.3333 120.744 4
      vertex 17.0968 120.569 4
    endloop
  endfacet
  facet normal 0.594821 -0.803858 0
    outer loop
      vertex 17.3333 120.744 4
      vertex 17.0968 120.569 0
      vertex 17.3333 120.744 0
    endloop
  endfacet
  facet normal 0.515743 -0.856744 0
    outer loop
      vertex 17.3333 120.744 0
      vertex 17.5858 120.896 4
      vertex 17.3333 120.744 4
    endloop
  endfacet
  facet normal 0.515743 -0.856744 0
    outer loop
      vertex 17.5858 120.896 4
      vertex 17.3333 120.744 0
      vertex 17.5858 120.896 0
    endloop
  endfacet
  facet normal 0.427955 -0.9038 0
    outer loop
      vertex 17.5858 120.896 0
      vertex 17.8519 121.022 4
      vertex 17.5858 120.896 4
    endloop
  endfacet
  facet normal 0.427955 -0.9038 0
    outer loop
      vertex 17.8519 121.022 4
      vertex 17.5858 120.896 0
      vertex 17.8519 121.022 0
    endloop
  endfacet
  facet normal 0.336229 -0.94178 0
    outer loop
      vertex 17.8519 121.022 0
      vertex 18.1292 121.121 4
      vertex 17.8519 121.022 4
    endloop
  endfacet
  facet normal 0.336229 -0.94178 0
    outer loop
      vertex 18.1292 121.121 4
      vertex 17.8519 121.022 0
      vertex 18.1292 121.121 0
    endloop
  endfacet
  facet normal 0.241336 -0.970442 0
    outer loop
      vertex 18.1292 121.121 0
      vertex 18.4147 121.192 4
      vertex 18.1292 121.121 4
    endloop
  endfacet
  facet normal 0.241336 -0.970442 0
    outer loop
      vertex 18.4147 121.192 4
      vertex 18.1292 121.121 0
      vertex 18.4147 121.192 0
    endloop
  endfacet
  facet normal 0.149403 -0.988776 0
    outer loop
      vertex 18.4147 121.192 0
      vertex 18.7059 121.236 4
      vertex 18.4147 121.192 4
    endloop
  endfacet
  facet normal 0.149403 -0.988776 0
    outer loop
      vertex 18.7059 121.236 4
      vertex 18.4147 121.192 0
      vertex 18.7059 121.236 0
    endloop
  endfacet
  facet normal 0.047549 -0.998869 0
    outer loop
      vertex 18.7059 121.236 0
      vertex 19 121.25 4
      vertex 18.7059 121.236 4
    endloop
  endfacet
  facet normal 0.047549 -0.998869 0
    outer loop
      vertex 19 121.25 4
      vertex 18.7059 121.236 0
      vertex 19 121.25 0
    endloop
  endfacet
  facet normal 0 -1 0
    outer loop
      vertex 19 121.25 0
      vertex 42.7833 121.25 4
      vertex 19 121.25 4
    endloop
  endfacet
  facet normal 0 -1 -0
    outer loop
      vertex 42.7833 121.25 4
      vertex 19 121.25 0
      vertex 42.7833 121.25 0
    endloop
  endfacet
  facet normal -0.047549 -0.998869 0
    outer loop
      vertex 42.7833 121.25 0
      vertex 43.0774 121.236 4
      vertex 42.7833 121.25 4
    endloop
  endfacet
  facet normal -0.047549 -0.998869 -0
    outer loop
      vertex 43.0774 121.236 4
      vertex 42.7833 121.25 0
      vertex 43.0774 121.236 0
    endloop
  endfacet
  facet normal -0.149403 -0.988776 0
    outer loop
      vertex 43.0774 121.236 0
      vertex 43.3686 121.192 4
      vertex 43.0774 121.236 4
    endloop
  endfacet
  facet normal -0.149403 -0.988776 -0
    outer loop
      vertex 43.3686 121.192 4
      vertex 43.0774 121.236 0
      vertex 43.3686 121.192 0
    endloop
  endfacet
  facet normal -0.241256 -0.970461 0
    outer loop
      vertex 43.3686 121.192 0
      vertex 43.6542 121.121 4
      vertex 43.3686 121.192 4
    endloop
  endfacet
  facet normal -0.241256 -0.970461 -0
    outer loop
      vertex 43.6542 121.121 4
      vertex 43.3686 121.192 0
      vertex 43.6542 121.121 0
    endloop
  endfacet
  facet normal -0.336336 -0.941742 0
    outer loop
      vertex 43.6542 121.121 0
      vertex 43.9314 121.022 4
      vertex 43.6542 121.121 4
    endloop
  endfacet
  facet normal -0.336336 -0.941742 -0
    outer loop
      vertex 43.9314 121.022 4
      vertex 43.6542 121.121 0
      vertex 43.9314 121.022 0
    endloop
  endfacet
  facet normal -0.427955 -0.9038 0
    outer loop
      vertex 43.9314 121.022 0
      vertex 44.1975 120.896 4
      vertex 43.9314 121.022 4
    endloop
  endfacet
  facet normal -0.427955 -0.9038 -0
    outer loop
      vertex 44.1975 120.896 4
      vertex 43.9314 121.022 0
      vertex 44.1975 120.896 0
    endloop
  endfacet
  facet normal -0.515743 -0.856744 0
    outer loop
      vertex 44.1975 120.896 0
      vertex 44.45 120.744 4
      vertex 44.1975 120.896 4
    endloop
  endfacet
  facet normal -0.515743 -0.856744 -0
    outer loop
      vertex 44.45 120.744 4
      vertex 44.1975 120.896 0
      vertex 44.45 120.744 0
    endloop
  endfacet
  facet normal -0.594821 -0.803858 0
    outer loop
      vertex 44.45 120.744 0
      vertex 44.6865 120.569 4
      vertex 44.45 120.744 4
    endloop
  endfacet
  facet normal -0.594821 -0.803858 -0
    outer loop
      vertex 44.6865 120.569 4
      vertex 44.45 120.744 0
      vertex 44.6865 120.569 0
    endloop
  endfacet
  facet normal -0.672166 -0.740401 0
    outer loop
      vertex 44.6865 120.569 0
      vertex 44.9046 120.371 4
      vertex 44.6865 120.569 4
    endloop
  endfacet
  facet normal -0.672166 -0.740401 -0
    outer loop
      vertex 44.9046 120.371 4
      vertex 44.6865 120.569 0
      vertex 44.9046 120.371 0
    endloop
  endfacet
  facet normal -0.740585 -0.671962 0
    outer loop
      vertex 45.1024 120.153 0
      vertex 44.9046 120.371 4
      vertex 44.9046 120.371 0
    endloop
  endfacet
  facet normal -0.740585 -0.671962 0
    outer loop
      vertex 44.9046 120.371 4
      vertex 45.1024 120.153 0
      vertex 45.1024 120.153 4
    endloop
  endfacet
  facet normal -0.802767 -0.596293 0
    outer loop
      vertex 45.2777 119.917 0
      vertex 45.1024 120.153 4
      vertex 45.1024 120.153 0
    endloop
  endfacet
  facet normal -0.802767 -0.596293 0
    outer loop
      vertex 45.1024 120.153 4
      vertex 45.2777 119.917 0
      vertex 45.2777 119.917 4
    endloop
  endfacet
  facet normal -0.858091 -0.513498 0
    outer loop
      vertex 45.4291 119.664 0
      vertex 45.2777 119.917 4
      vertex 45.2777 119.917 0
    endloop
  endfacet
  facet normal -0.858091 -0.513498 0
    outer loop
      vertex 45.2777 119.917 4
      vertex 45.4291 119.664 0
      vertex 45.4291 119.664 4
    endloop
  endfacet
  facet normal -0.903869 -0.427809 0
    outer loop
      vertex 45.555 119.398 0
      vertex 45.4291 119.664 4
      vertex 45.4291 119.664 0
    endloop
  endfacet
  facet normal -0.903869 -0.427809 0
    outer loop
      vertex 45.4291 119.664 4
      vertex 45.555 119.398 0
      vertex 45.555 119.398 4
    endloop
  endfacet
  facet normal -0.941557 -0.336853 0
    outer loop
      vertex 45.6541 119.121 0
      vertex 45.555 119.398 4
      vertex 45.555 119.398 0
    endloop
  endfacet
  facet normal -0.941557 -0.336853 0
    outer loop
      vertex 45.555 119.398 4
      vertex 45.6541 119.121 0
      vertex 45.6541 119.121 4
    endloop
  endfacet
  facet normal -0.970063 -0.242855 0
    outer loop
      vertex 45.7257 118.835 0
      vertex 45.6541 119.121 4
      vertex 45.6541 119.121 0
    endloop
  endfacet
  facet normal -0.970063 -0.242855 0
    outer loop
      vertex 45.6541 119.121 4
      vertex 45.7257 118.835 0
      vertex 45.7257 118.835 4
    endloop
  endfacet
  facet normal -0.98916 -0.146844 0
    outer loop
      vertex 45.7689 118.544 0
      vertex 45.7257 118.835 4
      vertex 45.7257 118.835 0
    endloop
  endfacet
  facet normal -0.98916 -0.146844 0
    outer loop
      vertex 45.7257 118.835 4
      vertex 45.7689 118.544 0
      vertex 45.7689 118.544 4
    endloop
  endfacet
  facet normal -0.998803 -0.0489209 0
    outer loop
      vertex 45.7833 118.25 0
      vertex 45.7689 118.544 4
      vertex 45.7689 118.544 0
    endloop
  endfacet
  facet normal -0.998803 -0.0489209 0
    outer loop
      vertex 45.7689 118.544 4
      vertex 45.7833 118.25 0
      vertex 45.7833 118.25 4
    endloop
  endfacet
  facet normal -1 0 0
    outer loop
      vertex 45.7833 108 0
      vertex 45.7833 118.25 4
      vertex 45.7833 118.25 0
    endloop
  endfacet
  facet normal -1 -0 0
    outer loop
      vertex 45.7833 118.25 4
      vertex 45.7833 108 0
      vertex 45.7833 108 4
    endloop
  endfacet
  facet normal -0.998803 0.0489209 0
    outer loop
      vertex 45.7689 107.706 0
      vertex 45.7833 108 4
      vertex 45.7833 108 0
    endloop
  endfacet
  facet normal -0.998803 0.0489209 0
    outer loop
      vertex 45.7833 108 4
      vertex 45.7689 107.706 0
      vertex 45.7689 107.706 4
    endloop
  endfacet
  facet normal -0.98916 0.146844 0
    outer loop
      vertex 45.7257 107.415 0
      vertex 45.7689 107.706 4
      vertex 45.7689 107.706 0
    endloop
  endfacet
  facet normal -0.98916 0.146844 0
    outer loop
      vertex 45.7689 107.706 4
      vertex 45.7257 107.415 0
      vertex 45.7257 107.415 4
    endloop
  endfacet
  facet normal -0.970063 0.242855 0
    outer loop
      vertex 45.6541 107.129 0
      vertex 45.7257 107.415 4
      vertex 45.7257 107.415 0
    endloop
  endfacet
  facet normal -0.970063 0.242855 0
    outer loop
      vertex 45.7257 107.415 4
      vertex 45.6541 107.129 0
      vertex 45.6541 107.129 4
    endloop
  endfacet
  facet normal -0.941557 0.336853 0
    outer loop
      vertex 45.555 106.852 0
      vertex 45.6541 107.129 4
      vertex 45.6541 107.129 0
    endloop
  endfacet
  facet normal -0.941557 0.336853 0
    outer loop
      vertex 45.6541 107.129 4
      vertex 45.555 106.852 0
      vertex 45.555 106.852 4
    endloop
  endfacet
  facet normal -0.903869 0.427809 0
    outer loop
      vertex 45.4291 106.586 0
      vertex 45.555 106.852 4
      vertex 45.555 106.852 0
    endloop
  endfacet
  facet normal -0.903869 0.427809 0
    outer loop
      vertex 45.555 106.852 4
      vertex 45.4291 106.586 0
      vertex 45.4291 106.586 4
    endloop
  endfacet
  facet normal -0.858091 0.513498 0
    outer loop
      vertex 45.2777 106.333 0
      vertex 45.4291 106.586 4
      vertex 45.4291 106.586 0
    endloop
  endfacet
  facet normal -0.858091 0.513498 0
    outer loop
      vertex 45.4291 106.586 4
      vertex 45.2777 106.333 0
      vertex 45.2777 106.333 4
    endloop
  endfacet
  facet normal -0.802767 0.596293 0
    outer loop
      vertex 45.1024 106.097 0
      vertex 45.2777 106.333 4
      vertex 45.2777 106.333 0
    endloop
  endfacet
  facet normal -0.802767 0.596293 0
    outer loop
      vertex 45.2777 106.333 4
      vertex 45.1024 106.097 0
      vertex 45.1024 106.097 4
    endloop
  endfacet
  facet normal -0.740585 0.671962 0
    outer loop
      vertex 44.9046 105.879 0
      vertex 45.1024 106.097 4
      vertex 45.1024 106.097 0
    endloop
  endfacet
  facet normal -0.740585 0.671962 0
    outer loop
      vertex 45.1024 106.097 4
      vertex 44.9046 105.879 0
      vertex 44.9046 105.879 4
    endloop
  endfacet
  facet normal -0.672166 0.740401 0
    outer loop
      vertex 44.9046 105.879 0
      vertex 44.6865 105.681 4
      vertex 44.9046 105.879 4
    endloop
  endfacet
  facet normal -0.672166 0.740401 0
    outer loop
      vertex 44.6865 105.681 4
      vertex 44.9046 105.879 0
      vertex 44.6865 105.681 0
    endloop
  endfacet
  facet normal -0.594821 0.803858 0
    outer loop
      vertex 44.6865 105.681 0
      vertex 44.45 105.506 4
      vertex 44.6865 105.681 4
    endloop
  endfacet
  facet normal -0.594821 0.803858 0
    outer loop
      vertex 44.45 105.506 4
      vertex 44.6865 105.681 0
      vertex 44.45 105.506 0
    endloop
  endfacet
  facet normal -0.515743 0.856744 0
    outer loop
      vertex 44.45 105.506 0
      vertex 44.1975 105.354 4
      vertex 44.45 105.506 4
    endloop
  endfacet
  facet normal -0.515743 0.856744 0
    outer loop
      vertex 44.1975 105.354 4
      vertex 44.45 105.506 0
      vertex 44.1975 105.354 0
    endloop
  endfacet
  facet normal -0.427955 0.9038 0
    outer loop
      vertex 44.1975 105.354 0
      vertex 43.9314 105.228 4
      vertex 44.1975 105.354 4
    endloop
  endfacet
  facet normal -0.427955 0.9038 0
    outer loop
      vertex 43.9314 105.228 4
      vertex 44.1975 105.354 0
      vertex 43.9314 105.228 0
    endloop
  endfacet
  facet normal -0.336336 0.941742 0
    outer loop
      vertex 43.9314 105.228 0
      vertex 43.6542 105.129 4
      vertex 43.9314 105.228 4
    endloop
  endfacet
  facet normal -0.336336 0.941742 0
    outer loop
      vertex 43.6542 105.129 4
      vertex 43.9314 105.228 0
      vertex 43.6542 105.129 0
    endloop
  endfacet
  facet normal -0.241256 0.970461 0
    outer loop
      vertex 43.6542 105.129 0
      vertex 43.3686 105.058 4
      vertex 43.6542 105.129 4
    endloop
  endfacet
  facet normal -0.241256 0.970461 0
    outer loop
      vertex 43.3686 105.058 4
      vertex 43.6542 105.129 0
      vertex 43.3686 105.058 0
    endloop
  endfacet
  facet normal -0.149403 0.988776 0
    outer loop
      vertex 43.3686 105.058 0
      vertex 43.0774 105.014 4
      vertex 43.3686 105.058 4
    endloop
  endfacet
  facet normal -0.149403 0.988776 0
    outer loop
      vertex 43.0774 105.014 4
      vertex 43.3686 105.058 0
      vertex 43.0774 105.014 0
    endloop
  endfacet
  facet normal -0.047549 0.998869 0
    outer loop
      vertex 43.0774 105.014 0
      vertex 42.7833 105 4
      vertex 43.0774 105.014 4
    endloop
  endfacet
  facet normal -0.047549 0.998869 0
    outer loop
      vertex 42.7833 105 4
      vertex 43.0774 105.014 0
      vertex 42.7833 105 0
    endloop
  endfacet
  facet normal 0 1 -0
    outer loop
      vertex 42.7833 105 0
      vertex 19 105 4
      vertex 42.7833 105 4
    endloop
  endfacet
  facet normal 0 1 0
    outer loop
      vertex 19 105 4
      vertex 42.7833 105 0
      vertex 19 105 0
    endloop
  endfacet
  facet normal 0.047549 0.998869 -0
    outer loop
      vertex 90.5667 105 0
      vertex 90.2726 105.014 4
      vertex 90.5667 105 4
    endloop
  endfacet
  facet normal 0.047549 0.998869 0
    outer loop
      vertex 90.2726 105.014 4
      vertex 90.5667 105 0
      vertex 90.2726 105.014 0
    endloop
  endfacet
  facet normal 0.149403 0.988776 -0
    outer loop
      vertex 90.2726 105.014 0
      vertex 89.9814 105.058 4
      vertex 90.2726 105.014 4
    endloop
  endfacet
  facet normal 0.149403 0.988776 0
    outer loop
      vertex 89.9814 105.058 4
      vertex 90.2726 105.014 0
      vertex 89.9814 105.058 0
    endloop
  endfacet
  facet normal 0.241256 0.970461 -0
    outer loop
      vertex 89.9814 105.058 0
      vertex 89.6958 105.129 4
      vertex 89.9814 105.058 4
    endloop
  endfacet
  facet normal 0.241256 0.970461 0
    outer loop
      vertex 89.6958 105.129 4
      vertex 89.9814 105.058 0
      vertex 89.6958 105.129 0
    endloop
  endfacet
  facet normal 0.336336 0.941742 -0
    outer loop
      vertex 89.6958 105.129 0
      vertex 89.4186 105.228 4
      vertex 89.6958 105.129 4
    endloop
  endfacet
  facet normal 0.336336 0.941742 0
    outer loop
      vertex 89.4186 105.228 4
      vertex 89.6958 105.129 0
      vertex 89.4186 105.228 0
    endloop
  endfacet
  facet normal 0.427955 0.9038 -0
    outer loop
      vertex 89.4186 105.228 0
      vertex 89.1525 105.354 4
      vertex 89.4186 105.228 4
    endloop
  endfacet
  facet normal 0.427955 0.9038 0
    outer loop
      vertex 89.1525 105.354 4
      vertex 89.4186 105.228 0
      vertex 89.1525 105.354 0
    endloop
  endfacet
  facet normal 0.515593 0.856834 -0
    outer loop
      vertex 89.1525 105.354 0
      vertex 88.8999 105.506 4
      vertex 89.1525 105.354 4
    endloop
  endfacet
  facet normal 0.515593 0.856834 0
    outer loop
      vertex 88.8999 105.506 4
      vertex 89.1525 105.354 0
      vertex 88.8999 105.506 0
    endloop
  endfacet
  facet normal 0.594984 0.803738 -0
    outer loop
      vertex 88.8999 105.506 0
      vertex 88.6635 105.681 4
      vertex 88.8999 105.506 4
    endloop
  endfacet
  facet normal 0.594984 0.803738 0
    outer loop
      vertex 88.6635 105.681 4
      vertex 88.8999 105.506 0
      vertex 88.6635 105.681 0
    endloop
  endfacet
  facet normal 0.671997 0.740554 -0
    outer loop
      vertex 88.6635 105.681 0
      vertex 88.4453 105.879 4
      vertex 88.6635 105.681 4
    endloop
  endfacet
  facet normal 0.671997 0.740554 0
    outer loop
      vertex 88.4453 105.879 4
      vertex 88.6635 105.681 0
      vertex 88.4453 105.879 0
    endloop
  endfacet
  facet normal 0.740754 0.671776 0
    outer loop
      vertex 88.4453 105.879 4
      vertex 88.2476 106.097 0
      vertex 88.2476 106.097 4
    endloop
  endfacet
  facet normal 0.740754 0.671776 0
    outer loop
      vertex 88.2476 106.097 0
      vertex 88.4453 105.879 4
      vertex 88.4453 105.879 0
    endloop
  endfacet
  facet normal 0.802767 0.596293 0
    outer loop
      vertex 88.2476 106.097 4
      vertex 88.0723 106.333 0
      vertex 88.0723 106.333 4
    endloop
  endfacet
  facet normal 0.802767 0.596293 0
    outer loop
      vertex 88.0723 106.333 0
      vertex 88.2476 106.097 4
      vertex 88.2476 106.097 0
    endloop
  endfacet
  facet normal 0.858091 0.513498 0
    outer loop
      vertex 88.0723 106.333 4
      vertex 87.9209 106.586 0
      vertex 87.9209 106.586 4
    endloop
  endfacet
  facet normal 0.858091 0.513498 0
    outer loop
      vertex 87.9209 106.586 0
      vertex 88.0723 106.333 4
      vertex 88.0723 106.333 0
    endloop
  endfacet
  facet normal 0.903869 0.427809 0
    outer loop
      vertex 87.9209 106.586 4
      vertex 87.795 106.852 0
      vertex 87.795 106.852 4
    endloop
  endfacet
  facet normal 0.903869 0.427809 0
    outer loop
      vertex 87.795 106.852 0
      vertex 87.9209 106.586 4
      vertex 87.9209 106.586 0
    endloop
  endfacet
  facet normal 0.941449 0.337154 0
    outer loop
      vertex 87.795 106.852 4
      vertex 87.6958 107.129 0
      vertex 87.6958 107.129 4
    endloop
  endfacet
  facet normal 0.941449 0.337154 0
    outer loop
      vertex 87.6958 107.129 0
      vertex 87.795 106.852 4
      vertex 87.795 106.852 0
    endloop
  endfacet
  facet normal 0.970143 0.242536 0
    outer loop
      vertex 87.6958 107.129 4
      vertex 87.6243 107.415 0
      vertex 87.6243 107.415 4
    endloop
  endfacet
  facet normal 0.970143 0.242536 0
    outer loop
      vertex 87.6243 107.415 0
      vertex 87.6958 107.129 4
      vertex 87.6958 107.129 0
    endloop
  endfacet
  facet normal 0.98916 0.146844 0
    outer loop
      vertex 87.6243 107.415 4
      vertex 87.5811 107.706 0
      vertex 87.5811 107.706 4
    endloop
  endfacet
  facet normal 0.98916 0.146844 0
    outer loop
      vertex 87.5811 107.706 0
      vertex 87.6243 107.415 4
      vertex 87.6243 107.415 0
    endloop
  endfacet
  facet normal 0.998803 0.0489209 0
    outer loop
      vertex 87.5811 107.706 4
      vertex 87.5667 108 0
      vertex 87.5667 108 4
    endloop
  endfacet
  facet normal 0.998803 0.0489209 0
    outer loop
      vertex 87.5667 108 0
      vertex 87.5811 107.706 4
      vertex 87.5811 107.706 0
    endloop
  endfacet
  facet normal 1 -0 0
    outer loop
      vertex 87.5667 108 4
      vertex 87.5667 118.25 0
      vertex 87.5667 118.25 4
    endloop
  endfacet
  facet normal 1 0 0
    outer loop
      vertex 87.5667 118.25 0
      vertex 87.5667 108 4
      vertex 87.5667 108 0
    endloop
  endfacet
  facet normal 0.998803 -0.0489209 0
    outer loop
      vertex 87.5667 118.25 4
      vertex 87.5811 118.544 0
      vertex 87.5811 118.544 4
    endloop
  endfacet
  facet normal 0.998803 -0.0489209 0
    outer loop
      vertex 87.5811 118.544 0
      vertex 87.5667 118.25 4
      vertex 87.5667 118.25 0
    endloop
  endfacet
  facet normal 0.98916 -0.146844 0
    outer loop
      vertex 87.5811 118.544 4
      vertex 87.6243 118.835 0
      vertex 87.6243 118.835 4
    endloop
  endfacet
  facet normal 0.98916 -0.146844 0
    outer loop
      vertex 87.6243 118.835 0
      vertex 87.5811 118.544 4
      vertex 87.5811 118.544 0
    endloop
  endfacet
  facet normal 0.970143 -0.242536 0
    outer loop
      vertex 87.6243 118.835 4
      vertex 87.6958 119.121 0
      vertex 87.6958 119.121 4
    endloop
  endfacet
  facet normal 0.970143 -0.242536 0
    outer loop
      vertex 87.6958 119.121 0
      vertex 87.6243 118.835 4
      vertex 87.6243 118.835 0
    endloop
  endfacet
  facet normal 0.941449 -0.337154 0
    outer loop
      vertex 87.6958 119.121 4
      vertex 87.795 119.398 0
      vertex 87.795 119.398 4
    endloop
  endfacet
  facet normal 0.941449 -0.337154 0
    outer loop
      vertex 87.795 119.398 0
      vertex 87.6958 119.121 4
      vertex 87.6958 119.121 0
    endloop
  endfacet
  facet normal 0.903869 -0.427809 0
    outer loop
      vertex 87.795 119.398 4
      vertex 87.9209 119.664 0
      vertex 87.9209 119.664 4
    endloop
  endfacet
  facet normal 0.903869 -0.427809 0
    outer loop
      vertex 87.9209 119.664 0
      vertex 87.795 119.398 4
      vertex 87.795 119.398 0
    endloop
  endfacet
  facet normal 0.858091 -0.513498 0
    outer loop
      vertex 87.9209 119.664 4
      vertex 88.0723 119.917 0
      vertex 88.0723 119.917 4
    endloop
  endfacet
  facet normal 0.858091 -0.513498 0
    outer loop
      vertex 88.0723 119.917 0
      vertex 87.9209 119.664 4
      vertex 87.9209 119.664 0
    endloop
  endfacet
  facet normal 0.802767 -0.596293 0
    outer loop
      vertex 88.0723 119.917 4
      vertex 88.2476 120.153 0
      vertex 88.2476 120.153 4
    endloop
  endfacet
  facet normal 0.802767 -0.596293 0
    outer loop
      vertex 88.2476 120.153 0
      vertex 88.0723 119.917 4
      vertex 88.0723 119.917 0
    endloop
  endfacet
  facet normal 0.740754 -0.671776 0
    outer loop
      vertex 88.2476 120.153 4
      vertex 88.4453 120.371 0
      vertex 88.4453 120.371 4
    endloop
  endfacet
  facet normal 0.740754 -0.671776 0
    outer loop
      vertex 88.4453 120.371 0
      vertex 88.2476 120.153 4
      vertex 88.2476 120.153 0
    endloop
  endfacet
  facet normal 0.671997 -0.740554 0
    outer loop
      vertex 88.4453 120.371 0
      vertex 88.6635 120.569 4
      vertex 88.4453 120.371 4
    endloop
  endfacet
  facet normal 0.671997 -0.740554 0
    outer loop
      vertex 88.6635 120.569 4
      vertex 88.4453 120.371 0
      vertex 88.6635 120.569 0
    endloop
  endfacet
  facet normal 0.594984 -0.803738 0
    outer loop
      vertex 88.6635 120.569 0
      vertex 88.8999 120.744 4
      vertex 88.6635 120.569 4
    endloop
  endfacet
  facet normal 0.594984 -0.803738 0
    outer loop
      vertex 88.8999 120.744 4
      vertex 88.6635 120.569 0
      vertex 88.8999 120.744 0
    endloop
  endfacet
  facet normal 0.515593 -0.856834 0
    outer loop
      vertex 88.8999 120.744 0
      vertex 89.1525 120.896 4
      vertex 88.8999 120.744 4
    endloop
  endfacet
  facet normal 0.515593 -0.856834 0
    outer loop
      vertex 89.1525 120.896 4
      vertex 88.8999 120.744 0
      vertex 89.1525 120.896 0
    endloop
  endfacet
  facet normal 0.427955 -0.9038 0
    outer loop
      vertex 89.1525 120.896 0
      vertex 89.4186 121.022 4
      vertex 89.1525 120.896 4
    endloop
  endfacet
  facet normal 0.427955 -0.9038 0
    outer loop
      vertex 89.4186 121.022 4
      vertex 89.1525 120.896 0
      vertex 89.4186 121.022 0
    endloop
  endfacet
  facet normal 0.336336 -0.941742 0
    outer loop
      vertex 89.4186 121.022 0
      vertex 89.6958 121.121 4
      vertex 89.4186 121.022 4
    endloop
  endfacet
  facet normal 0.336336 -0.941742 0
    outer loop
      vertex 89.6958 121.121 4
      vertex 89.4186 121.022 0
      vertex 89.6958 121.121 0
    endloop
  endfacet
  facet normal 0.241256 -0.970461 0
    outer loop
      vertex 89.6958 121.121 0
      vertex 89.9814 121.192 4
      vertex 89.6958 121.121 4
    endloop
  endfacet
  facet normal 0.241256 -0.970461 0
    outer loop
      vertex 89.9814 121.192 4
      vertex 89.6958 121.121 0
      vertex 89.9814 121.192 0
    endloop
  endfacet
  facet normal 0.149403 -0.988776 0
    outer loop
      vertex 89.9814 121.192 0
      vertex 90.2726 121.236 4
      vertex 89.9814 121.192 4
    endloop
  endfacet
  facet normal 0.149403 -0.988776 0
    outer loop
      vertex 90.2726 121.236 4
      vertex 89.9814 121.192 0
      vertex 90.2726 121.236 0
    endloop
  endfacet
  facet normal 0.047549 -0.998869 0
    outer loop
      vertex 90.2726 121.236 0
      vertex 90.5667 121.25 4
      vertex 90.2726 121.236 4
    endloop
  endfacet
  facet normal 0.047549 -0.998869 0
    outer loop
      vertex 90.5667 121.25 4
      vertex 90.2726 121.236 0
      vertex 90.5667 121.25 0
    endloop
  endfacet
  facet normal 0 -1 0
    outer loop
      vertex 90.5667 121.25 0
      vertex 114.35 121.25 4
      vertex 90.5667 121.25 4
    endloop
  endfacet
  facet normal 0 -1 -0
    outer loop
      vertex 114.35 121.25 4
      vertex 90.5667 121.25 0
      vertex 114.35 121.25 0
    endloop
  endfacet
  facet normal -0.0475651 -0.998868 0
    outer loop
      vertex 114.35 121.25 0
      vertex 114.644 121.236 4
      vertex 114.35 121.25 4
    endloop
  endfacet
  facet normal -0.0475651 -0.998868 -0
    outer loop
      vertex 114.644 121.236 4
      vertex 114.35 121.25 0
      vertex 114.644 121.236 0
    endloop
  endfacet
  facet normal -0.149503 -0.988761 0
    outer loop
      vertex 114.644 121.236 0
      vertex 114.935 121.192 4
      vertex 114.644 121.236 4
    endloop
  endfacet
  facet normal -0.149503 -0.988761 -0
    outer loop
      vertex 114.935 121.192 4
      vertex 114.644 121.236 0
      vertex 114.935 121.192 0
    endloop
  endfacet
  facet normal -0.240938 -0.97054 0
    outer loop
      vertex 114.935 121.192 0
      vertex 115.221 121.121 4
      vertex 114.935 121.192 4
    endloop
  endfacet
  facet normal -0.240938 -0.97054 -0
    outer loop
      vertex 115.221 121.121 4
      vertex 114.935 121.192 0
      vertex 115.221 121.121 0
    endloop
  endfacet
  facet normal -0.336552 -0.941665 0
    outer loop
      vertex 115.221 121.121 0
      vertex 115.498 121.022 4
      vertex 115.221 121.121 4
    endloop
  endfacet
  facet normal -0.336552 -0.941665 -0
    outer loop
      vertex 115.498 121.022 4
      vertex 115.221 121.121 0
      vertex 115.498 121.022 0
    endloop
  endfacet
  facet normal -0.428086 -0.903738 0
    outer loop
      vertex 115.498 121.022 0
      vertex 115.764 120.896 4
      vertex 115.498 121.022 4
    endloop
  endfacet
  facet normal -0.428086 -0.903738 -0
    outer loop
      vertex 115.764 120.896 4
      vertex 115.498 121.022 0
      vertex 115.764 120.896 0
    endloop
  endfacet
  facet normal -0.514994 -0.857194 0
    outer loop
      vertex 115.764 120.896 0
      vertex 116.017 120.744 4
      vertex 115.764 120.896 4
    endloop
  endfacet
  facet normal -0.514994 -0.857194 -0
    outer loop
      vertex 116.017 120.744 4
      vertex 115.764 120.896 0
      vertex 116.017 120.744 0
    endloop
  endfacet
  facet normal -0.595634 -0.803256 0
    outer loop
      vertex 116.017 120.744 0
      vertex 116.253 120.569 4
      vertex 116.017 120.744 4
    endloop
  endfacet
  facet normal -0.595634 -0.803256 -0
    outer loop
      vertex 116.253 120.569 4
      vertex 116.017 120.744 0
      vertex 116.253 120.569 0
    endloop
  endfacet
  facet normal -0.672335 -0.740247 0
    outer loop
      vertex 116.253 120.569 0
      vertex 116.471 120.371 4
      vertex 116.253 120.569 4
    endloop
  endfacet
  facet normal -0.672335 -0.740247 -0
    outer loop
      vertex 116.471 120.371 4
      vertex 116.253 120.569 0
      vertex 116.471 120.371 0
    endloop
  endfacet
  facet normal -0.740247 -0.672335 0
    outer loop
      vertex 116.669 120.153 0
      vertex 116.471 120.371 4
      vertex 116.471 120.371 0
    endloop
  endfacet
  facet normal -0.740247 -0.672335 0
    outer loop
      vertex 116.471 120.371 4
      vertex 116.669 120.153 0
      vertex 116.669 120.153 4
    endloop
  endfacet
  facet normal -0.803256 -0.595634 0
    outer loop
      vertex 116.844 119.917 0
      vertex 116.669 120.153 4
      vertex 116.669 120.153 0
    endloop
  endfacet
  facet normal -0.803256 -0.595634 0
    outer loop
      vertex 116.669 120.153 4
      vertex 116.844 119.917 0
      vertex 116.844 119.917 4
    endloop
  endfacet
  facet normal -0.857194 -0.514994 0
    outer loop
      vertex 116.996 119.664 0
      vertex 116.844 119.917 4
      vertex 116.844 119.917 0
    endloop
  endfacet
  facet normal -0.857194 -0.514994 0
    outer loop
      vertex 116.844 119.917 4
      vertex 116.996 119.664 0
      vertex 116.996 119.664 4
    endloop
  endfacet
  facet normal -0.903738 -0.428086 0
    outer loop
      vertex 117.122 119.398 0
      vertex 116.996 119.664 4
      vertex 116.996 119.664 0
    endloop
  endfacet
  facet normal -0.903738 -0.428086 0
    outer loop
      vertex 116.996 119.664 4
      vertex 117.122 119.398 0
      vertex 117.122 119.398 4
    endloop
  endfacet
  facet normal -0.941665 -0.336552 0
    outer loop
      vertex 117.221 119.121 0
      vertex 117.122 119.398 4
      vertex 117.122 119.398 0
    endloop
  endfacet
  facet normal -0.941665 -0.336552 0
    outer loop
      vertex 117.122 119.398 4
      vertex 117.221 119.121 0
      vertex 117.221 119.121 4
    endloop
  endfacet
  facet normal -0.97054 -0.240938 0
    outer loop
      vertex 117.292 118.835 0
      vertex 117.221 119.121 4
      vertex 117.221 119.121 0
    endloop
  endfacet
  facet normal -0.97054 -0.240938 0
    outer loop
      vertex 117.221 119.121 4
      vertex 117.292 118.835 0
      vertex 117.292 118.835 4
    endloop
  endfacet
  facet normal -0.988761 -0.149503 0
    outer loop
      vertex 117.336 118.544 0
      vertex 117.292 118.835 4
      vertex 117.292 118.835 0
    endloop
  endfacet
  facet normal -0.988761 -0.149503 0
    outer loop
      vertex 117.292 118.835 4
      vertex 117.336 118.544 0
      vertex 117.336 118.544 4
    endloop
  endfacet
  facet normal -0.998868 -0.0475651 0
    outer loop
      vertex 117.35 118.25 0
      vertex 117.336 118.544 4
      vertex 117.336 118.544 0
    endloop
  endfacet
  facet normal -0.998868 -0.0475651 0
    outer loop
      vertex 117.336 118.544 4
      vertex 117.35 118.25 0
      vertex 117.35 118.25 4
    endloop
  endfacet
  facet normal -1 0 0
    outer loop
      vertex 117.35 108 0
      vertex 117.35 118.25 4
      vertex 117.35 118.25 0
    endloop
  endfacet
  facet normal -1 -0 0
    outer loop
      vertex 117.35 118.25 4
      vertex 117.35 108 0
      vertex 117.35 108 4
    endloop
  endfacet
  facet normal -0.998868 0.0475651 0
    outer loop
      vertex 117.336 107.706 0
      vertex 117.35 108 4
      vertex 117.35 108 0
    endloop
  endfacet
  facet normal -0.998868 0.0475651 0
    outer loop
      vertex 117.35 108 4
      vertex 117.336 107.706 0
      vertex 117.336 107.706 4
    endloop
  endfacet
  facet normal -0.988761 0.149503 0
    outer loop
      vertex 117.292 107.415 0
      vertex 117.336 107.706 4
      vertex 117.336 107.706 0
    endloop
  endfacet
  facet normal -0.988761 0.149503 0
    outer loop
      vertex 117.336 107.706 4
      vertex 117.292 107.415 0
      vertex 117.292 107.415 4
    endloop
  endfacet
  facet normal -0.97054 0.240938 0
    outer loop
      vertex 117.221 107.129 0
      vertex 117.292 107.415 4
      vertex 117.292 107.415 0
    endloop
  endfacet
  facet normal -0.97054 0.240938 0
    outer loop
      vertex 117.292 107.415 4
      vertex 117.221 107.129 0
      vertex 117.221 107.129 4
    endloop
  endfacet
  facet normal -0.941665 0.336552 0
    outer loop
      vertex 117.122 106.852 0
      vertex 117.221 107.129 4
      vertex 117.221 107.129 0
    endloop
  endfacet
  facet normal -0.941665 0.336552 0
    outer loop
      vertex 117.221 107.129 4
      vertex 117.122 106.852 0
      vertex 117.122 106.852 4
    endloop
  endfacet
  facet normal -0.903738 0.428086 0
    outer loop
      vertex 116.996 106.586 0
      vertex 117.122 106.852 4
      vertex 117.122 106.852 0
    endloop
  endfacet
  facet normal -0.903738 0.428086 0
    outer loop
      vertex 117.122 106.852 4
      vertex 116.996 106.586 0
      vertex 116.996 106.586 4
    endloop
  endfacet
  facet normal -0.857194 0.514994 0
    outer loop
      vertex 116.844 106.333 0
      vertex 116.996 106.586 4
      vertex 116.996 106.586 0
    endloop
  endfacet
  facet normal -0.857194 0.514994 0
    outer loop
      vertex 116.996 106.586 4
      vertex 116.844 106.333 0
      vertex 116.844 106.333 4
    endloop
  endfacet
  facet normal -0.803256 0.595634 0
    outer loop
      vertex 116.669 106.097 0
      vertex 116.844 106.333 4
      vertex 116.844 106.333 0
    endloop
  endfacet
  facet normal -0.803256 0.595634 0
    outer loop
      vertex 116.844 106.333 4
      vertex 116.669 106.097 0
      vertex 116.669 106.097 4
    endloop
  endfacet
  facet normal -0.740247 0.672335 0
    outer loop
      vertex 116.471 105.879 0
      vertex 116.669 106.097 4
      vertex 116.669 106.097 0
    endloop
  endfacet
  facet normal -0.740247 0.672335 0
    outer loop
      vertex 116.669 106.097 4
      vertex 116.471 105.879 0
      vertex 116.471 105.879 4
    endloop
  endfacet
  facet normal -0.672335 0.740247 0
    outer loop
      vertex 116.471 105.879 0
      vertex 116.253 105.681 4
      vertex 116.471 105.879 4
    endloop
  endfacet
  facet normal -0.672335 0.740247 0
    outer loop
      vertex 116.253 105.681 4
      vertex 116.471 105.879 0
      vertex 116.253 105.681 0
    endloop
  endfacet
  facet normal -0.595634 0.803256 0
    outer loop
      vertex 116.253 105.681 0
      vertex 116.017 105.506 4
      vertex 116.253 105.681 4
    endloop
  endfacet
  facet normal -0.595634 0.803256 0
    outer loop
      vertex 116.017 105.506 4
      vertex 116.253 105.681 0
      vertex 116.017 105.506 0
    endloop
  endfacet
  facet normal -0.514994 0.857194 0
    outer loop
      vertex 116.017 105.506 0
      vertex 115.764 105.354 4
      vertex 116.017 105.506 4
    endloop
  endfacet
  facet normal -0.514994 0.857194 0
    outer loop
      vertex 115.764 105.354 4
      vertex 116.017 105.506 0
      vertex 115.764 105.354 0
    endloop
  endfacet
  facet normal -0.428086 0.903738 0
    outer loop
      vertex 115.764 105.354 0
      vertex 115.498 105.228 4
      vertex 115.764 105.354 4
    endloop
  endfacet
  facet normal -0.428086 0.903738 0
    outer loop
      vertex 115.498 105.228 4
      vertex 115.764 105.354 0
      vertex 115.498 105.228 0
    endloop
  endfacet
  facet normal -0.336552 0.941665 0
    outer loop
      vertex 115.498 105.228 0
      vertex 115.221 105.129 4
      vertex 115.498 105.228 4
    endloop
  endfacet
  facet normal -0.336552 0.941665 0
    outer loop
      vertex 115.221 105.129 4
      vertex 115.498 105.228 0
      vertex 115.221 105.129 0
    endloop
  endfacet
  facet normal -0.240938 0.97054 0
    outer loop
      vertex 115.221 105.129 0
      vertex 114.935 105.058 4
      vertex 115.221 105.129 4
    endloop
  endfacet
  facet normal -0.240938 0.97054 0
    outer loop
      vertex 114.935 105.058 4
      vertex 115.221 105.129 0
      vertex 114.935 105.058 0
    endloop
  endfacet
  facet normal -0.149503 0.988761 0
    outer loop
      vertex 114.935 105.058 0
      vertex 114.644 105.014 4
      vertex 114.935 105.058 4
    endloop
  endfacet
  facet normal -0.149503 0.988761 0
    outer loop
      vertex 114.644 105.014 4
      vertex 114.935 105.058 0
      vertex 114.644 105.014 0
    endloop
  endfacet
  facet normal -0.0475651 0.998868 0
    outer loop
      vertex 114.644 105.014 0
      vertex 114.35 105 4
      vertex 114.644 105.014 4
    endloop
  endfacet
  facet normal -0.0475651 0.998868 0
    outer loop
      vertex 114.35 105 4
      vertex 114.644 105.014 0
      vertex 114.35 105 0
    endloop
  endfacet
  facet normal 0 1 -0
    outer loop
      vertex 114.35 105 0
      vertex 90.5667 105 4
      vertex 114.35 105 4
    endloop
  endfacet
  facet normal 0 1 0
    outer loop
      vertex 90.5667 105 4
      vertex 114.35 105 0
      vertex 90.5667 105 0
    endloop
  endfacet
  facet normal 0.0475651 0.998868 -0
    outer loop
      vertex 54.7833 105 0
      vertex 54.4893 105.014 4
      vertex 54.7833 105 4
    endloop
  endfacet
  facet normal 0.0475651 0.998868 0
    outer loop
      vertex 54.4893 105.014 4
      vertex 54.7833 105 0
      vertex 54.4893 105.014 0
    endloop
  endfacet
  facet normal 0.149403 0.988776 -0
    outer loop
      vertex 54.4893 105.014 0
      vertex 54.1981 105.058 4
      vertex 54.4893 105.014 4
    endloop
  endfacet
  facet normal 0.149403 0.988776 0
    outer loop
      vertex 54.1981 105.058 4
      vertex 54.4893 105.014 0
      vertex 54.1981 105.058 0
    endloop
  endfacet
  facet normal 0.241256 0.970461 -0
    outer loop
      vertex 54.1981 105.058 0
      vertex 53.9125 105.129 4
      vertex 54.1981 105.058 4
    endloop
  endfacet
  facet normal 0.241256 0.970461 0
    outer loop
      vertex 53.9125 105.129 4
      vertex 54.1981 105.058 0
      vertex 53.9125 105.129 0
    endloop
  endfacet
  facet normal 0.336336 0.941742 -0
    outer loop
      vertex 53.9125 105.129 0
      vertex 53.6353 105.228 4
      vertex 53.9125 105.129 4
    endloop
  endfacet
  facet normal 0.336336 0.941742 0
    outer loop
      vertex 53.6353 105.228 4
      vertex 53.9125 105.129 0
      vertex 53.6353 105.228 0
    endloop
  endfacet
  facet normal 0.427824 0.903862 -0
    outer loop
      vertex 53.6353 105.228 0
      vertex 53.3691 105.354 4
      vertex 53.6353 105.228 4
    endloop
  endfacet
  facet normal 0.427824 0.903862 0
    outer loop
      vertex 53.3691 105.354 4
      vertex 53.6353 105.228 0
      vertex 53.3691 105.354 0
    endloop
  endfacet
  facet normal 0.515743 0.856744 -0
    outer loop
      vertex 53.3691 105.354 0
      vertex 53.1166 105.506 4
      vertex 53.3691 105.354 4
    endloop
  endfacet
  facet normal 0.515743 0.856744 0
    outer loop
      vertex 53.1166 105.506 4
      vertex 53.3691 105.354 0
      vertex 53.1166 105.506 0
    endloop
  endfacet
  facet normal 0.594821 0.803858 -0
    outer loop
      vertex 53.1166 105.506 0
      vertex 52.8801 105.681 4
      vertex 53.1166 105.506 4
    endloop
  endfacet
  facet normal 0.594821 0.803858 0
    outer loop
      vertex 52.8801 105.681 4
      vertex 53.1166 105.506 0
      vertex 52.8801 105.681 0
    endloop
  endfacet
  facet normal 0.672166 0.740401 -0
    outer loop
      vertex 52.8801 105.681 0
      vertex 52.662 105.879 4
      vertex 52.8801 105.681 4
    endloop
  endfacet
  facet normal 0.672166 0.740401 0
    outer loop
      vertex 52.662 105.879 4
      vertex 52.8801 105.681 0
      vertex 52.662 105.879 0
    endloop
  endfacet
  facet normal 0.740754 0.671776 0
    outer loop
      vertex 52.662 105.879 4
      vertex 52.4643 106.097 0
      vertex 52.4643 106.097 4
    endloop
  endfacet
  facet normal 0.740754 0.671776 0
    outer loop
      vertex 52.4643 106.097 0
      vertex 52.662 105.879 4
      vertex 52.662 105.879 0
    endloop
  endfacet
  facet normal 0.802604 0.596512 0
    outer loop
      vertex 52.4643 106.097 4
      vertex 52.2889 106.333 0
      vertex 52.2889 106.333 4
    endloop
  endfacet
  facet normal 0.802604 0.596512 0
    outer loop
      vertex 52.2889 106.333 0
      vertex 52.4643 106.097 4
      vertex 52.4643 106.097 0
    endloop
  endfacet
  facet normal 0.85824 0.513248 0
    outer loop
      vertex 52.2889 106.333 4
      vertex 52.1376 106.586 0
      vertex 52.1376 106.586 4
    endloop
  endfacet
  facet normal 0.85824 0.513248 0
    outer loop
      vertex 52.1376 106.586 0
      vertex 52.2889 106.333 4
      vertex 52.2889 106.333 0
    endloop
  endfacet
  facet normal 0.903869 0.427809 0
    outer loop
      vertex 52.1376 106.586 4
      vertex 52.0117 106.852 0
      vertex 52.0117 106.852 4
    endloop
  endfacet
  facet normal 0.903869 0.427809 0
    outer loop
      vertex 52.0117 106.852 0
      vertex 52.1376 106.586 4
      vertex 52.1376 106.586 0
    endloop
  endfacet
  facet normal 0.941449 0.337154 0
    outer loop
      vertex 52.0117 106.852 4
      vertex 51.9125 107.129 0
      vertex 51.9125 107.129 4
    endloop
  endfacet
  facet normal 0.941449 0.337154 0
    outer loop
      vertex 51.9125 107.129 0
      vertex 52.0117 106.852 4
      vertex 52.0117 106.852 0
    endloop
  endfacet
  facet normal 0.970143 0.242536 0
    outer loop
      vertex 51.9125 107.129 4
      vertex 51.841 107.415 0
      vertex 51.841 107.415 4
    endloop
  endfacet
  facet normal 0.970143 0.242536 0
    outer loop
      vertex 51.841 107.415 0
      vertex 51.9125 107.129 4
      vertex 51.9125 107.129 0
    endloop
  endfacet
  facet normal 0.98916 0.146844 0
    outer loop
      vertex 51.841 107.415 4
      vertex 51.7978 107.706 0
      vertex 51.7978 107.706 4
    endloop
  endfacet
  facet normal 0.98916 0.146844 0
    outer loop
      vertex 51.7978 107.706 0
      vertex 51.841 107.415 4
      vertex 51.841 107.415 0
    endloop
  endfacet
  facet normal 0.998786 0.0492599 0
    outer loop
      vertex 51.7978 107.706 4
      vertex 51.7833 108 0
      vertex 51.7833 108 4
    endloop
  endfacet
  facet normal 0.998786 0.0492599 0
    outer loop
      vertex 51.7833 108 0
      vertex 51.7978 107.706 4
      vertex 51.7978 107.706 0
    endloop
  endfacet
  facet normal 1 -0 0
    outer loop
      vertex 51.7833 108 4
      vertex 51.7833 118.25 0
      vertex 51.7833 118.25 4
    endloop
  endfacet
  facet normal 1 0 0
    outer loop
      vertex 51.7833 118.25 0
      vertex 51.7833 108 4
      vertex 51.7833 108 0
    endloop
  endfacet
  facet normal 0.998786 -0.0492599 0
    outer loop
      vertex 51.7833 118.25 4
      vertex 51.7978 118.544 0
      vertex 51.7978 118.544 4
    endloop
  endfacet
  facet normal 0.998786 -0.0492599 0
    outer loop
      vertex 51.7978 118.544 0
      vertex 51.7833 118.25 4
      vertex 51.7833 118.25 0
    endloop
  endfacet
  facet normal 0.98916 -0.146844 0
    outer loop
      vertex 51.7978 118.544 4
      vertex 51.841 118.835 0
      vertex 51.841 118.835 4
    endloop
  endfacet
  facet normal 0.98916 -0.146844 0
    outer loop
      vertex 51.841 118.835 0
      vertex 51.7978 118.544 4
      vertex 51.7978 118.544 0
    endloop
  endfacet
  facet normal 0.970143 -0.242536 0
    outer loop
      vertex 51.841 118.835 4
      vertex 51.9125 119.121 0
      vertex 51.9125 119.121 4
    endloop
  endfacet
  facet normal 0.970143 -0.242536 0
    outer loop
      vertex 51.9125 119.121 0
      vertex 51.841 118.835 4
      vertex 51.841 118.835 0
    endloop
  endfacet
  facet normal 0.941449 -0.337154 0
    outer loop
      vertex 51.9125 119.121 4
      vertex 52.0117 119.398 0
      vertex 52.0117 119.398 4
    endloop
  endfacet
  facet normal 0.941449 -0.337154 0
    outer loop
      vertex 52.0117 119.398 0
      vertex 51.9125 119.121 4
      vertex 51.9125 119.121 0
    endloop
  endfacet
  facet normal 0.903869 -0.427809 0
    outer loop
      vertex 52.0117 119.398 4
      vertex 52.1376 119.664 0
      vertex 52.1376 119.664 4
    endloop
  endfacet
  facet normal 0.903869 -0.427809 0
    outer loop
      vertex 52.1376 119.664 0
      vertex 52.0117 119.398 4
      vertex 52.0117 119.398 0
    endloop
  endfacet
  facet normal 0.85824 -0.513248 0
    outer loop
      vertex 52.1376 119.664 4
      vertex 52.2889 119.917 0
      vertex 52.2889 119.917 4
    endloop
  endfacet
  facet normal 0.85824 -0.513248 0
    outer loop
      vertex 52.2889 119.917 0
      vertex 52.1376 119.664 4
      vertex 52.1376 119.664 0
    endloop
  endfacet
  facet normal 0.802604 -0.596512 0
    outer loop
      vertex 52.2889 119.917 4
      vertex 52.4643 120.153 0
      vertex 52.4643 120.153 4
    endloop
  endfacet
  facet normal 0.802604 -0.596512 0
    outer loop
      vertex 52.4643 120.153 0
      vertex 52.2889 119.917 4
      vertex 52.2889 119.917 0
    endloop
  endfacet
  facet normal 0.740754 -0.671776 0
    outer loop
      vertex 52.4643 120.153 4
      vertex 52.662 120.371 0
      vertex 52.662 120.371 4
    endloop
  endfacet
  facet normal 0.740754 -0.671776 0
    outer loop
      vertex 52.662 120.371 0
      vertex 52.4643 120.153 4
      vertex 52.4643 120.153 0
    endloop
  endfacet
  facet normal 0.672166 -0.740401 0
    outer loop
      vertex 52.662 120.371 0
      vertex 52.8801 120.569 4
      vertex 52.662 120.371 4
    endloop
  endfacet
  facet normal 0.672166 -0.740401 0
    outer loop
      vertex 52.8801 120.569 4
      vertex 52.662 120.371 0
      vertex 52.8801 120.569 0
    endloop
  endfacet
  facet normal 0.594821 -0.803858 0
    outer loop
      vertex 52.8801 120.569 0
      vertex 53.1166 120.744 4
      vertex 52.8801 120.569 4
    endloop
  endfacet
  facet normal 0.594821 -0.803858 0
    outer loop
      vertex 53.1166 120.744 4
      vertex 52.8801 120.569 0
      vertex 53.1166 120.744 0
    endloop
  endfacet
  facet normal 0.515743 -0.856744 0
    outer loop
      vertex 53.1166 120.744 0
      vertex 53.3691 120.896 4
      vertex 53.1166 120.744 4
    endloop
  endfacet
  facet normal 0.515743 -0.856744 0
    outer loop
      vertex 53.3691 120.896 4
      vertex 53.1166 120.744 0
      vertex 53.3691 120.896 0
    endloop
  endfacet
  facet normal 0.427824 -0.903862 0
    outer loop
      vertex 53.3691 120.896 0
      vertex 53.6353 121.022 4
      vertex 53.3691 120.896 4
    endloop
  endfacet
  facet normal 0.427824 -0.903862 0
    outer loop
      vertex 53.6353 121.022 4
      vertex 53.3691 120.896 0
      vertex 53.6353 121.022 0
    endloop
  endfacet
  facet normal 0.336336 -0.941742 0
    outer loop
      vertex 53.6353 121.022 0
      vertex 53.9125 121.121 4
      vertex 53.6353 121.022 4
    endloop
  endfacet
  facet normal 0.336336 -0.941742 0
    outer loop
      vertex 53.9125 121.121 4
      vertex 53.6353 121.022 0
      vertex 53.9125 121.121 0
    endloop
  endfacet
  facet normal 0.241256 -0.970461 0
    outer loop
      vertex 53.9125 121.121 0
      vertex 54.1981 121.192 4
      vertex 53.9125 121.121 4
    endloop
  endfacet
  facet normal 0.241256 -0.970461 0
    outer loop
      vertex 54.1981 121.192 4
      vertex 53.9125 121.121 0
      vertex 54.1981 121.192 0
    endloop
  endfacet
  facet normal 0.149403 -0.988776 0
    outer loop
      vertex 54.1981 121.192 0
      vertex 54.4893 121.236 4
      vertex 54.1981 121.192 4
    endloop
  endfacet
  facet normal 0.149403 -0.988776 0
    outer loop
      vertex 54.4893 121.236 4
      vertex 54.1981 121.192 0
      vertex 54.4893 121.236 0
    endloop
  endfacet
  facet normal 0.0475651 -0.998868 0
    outer loop
      vertex 54.4893 121.236 0
      vertex 54.7833 121.25 4
      vertex 54.4893 121.236 4
    endloop
  endfacet
  facet normal 0.0475651 -0.998868 0
    outer loop
      vertex 54.7833 121.25 4
      vertex 54.4893 121.236 0
      vertex 54.7833 121.25 0
    endloop
  endfacet
  facet normal 0 -1 0
    outer loop
      vertex 54.7833 121.25 0
      vertex 78.5667 121.25 4
      vertex 54.7833 121.25 4
    endloop
  endfacet
  facet normal 0 -1 -0
    outer loop
      vertex 78.5667 121.25 4
      vertex 54.7833 121.25 0
      vertex 78.5667 121.25 0
    endloop
  endfacet
  facet normal -0.0475651 -0.998868 0
    outer loop
      vertex 78.5667 121.25 0
      vertex 78.8607 121.236 4
      vertex 78.5667 121.25 4
    endloop
  endfacet
  facet normal -0.0475651 -0.998868 -0
    outer loop
      vertex 78.8607 121.236 4
      vertex 78.5667 121.25 0
      vertex 78.8607 121.236 0
    endloop
  endfacet
  facet normal -0.149403 -0.988776 0
    outer loop
      vertex 78.8607 121.236 0
      vertex 79.1519 121.192 4
      vertex 78.8607 121.236 4
    endloop
  endfacet
  facet normal -0.149403 -0.988776 -0
    outer loop
      vertex 79.1519 121.192 4
      vertex 78.8607 121.236 0
      vertex 79.1519 121.192 0
    endloop
  endfacet
  facet normal -0.241256 -0.970461 0
    outer loop
      vertex 79.1519 121.192 0
      vertex 79.4375 121.121 4
      vertex 79.1519 121.192 4
    endloop
  endfacet
  facet normal -0.241256 -0.970461 -0
    outer loop
      vertex 79.4375 121.121 4
      vertex 79.1519 121.192 0
      vertex 79.4375 121.121 0
    endloop
  endfacet
  facet normal -0.336336 -0.941742 0
    outer loop
      vertex 79.4375 121.121 0
      vertex 79.7147 121.022 4
      vertex 79.4375 121.121 4
    endloop
  endfacet
  facet normal -0.336336 -0.941742 -0
    outer loop
      vertex 79.7147 121.022 4
      vertex 79.4375 121.121 0
      vertex 79.7147 121.022 0
    endloop
  endfacet
  facet normal -0.427955 -0.9038 0
    outer loop
      vertex 79.7147 121.022 0
      vertex 79.9808 120.896 4
      vertex 79.7147 121.022 4
    endloop
  endfacet
  facet normal -0.427955 -0.9038 -0
    outer loop
      vertex 79.9808 120.896 4
      vertex 79.7147 121.022 0
      vertex 79.9808 120.896 0
    endloop
  endfacet
  facet normal -0.515593 -0.856834 0
    outer loop
      vertex 79.9808 120.896 0
      vertex 80.2334 120.744 4
      vertex 79.9808 120.896 4
    endloop
  endfacet
  facet normal -0.515593 -0.856834 -0
    outer loop
      vertex 80.2334 120.744 4
      vertex 79.9808 120.896 0
      vertex 80.2334 120.744 0
    endloop
  endfacet
  facet normal -0.594984 -0.803738 0
    outer loop
      vertex 80.2334 120.744 0
      vertex 80.4698 120.569 4
      vertex 80.2334 120.744 4
    endloop
  endfacet
  facet normal -0.594984 -0.803738 -0
    outer loop
      vertex 80.4698 120.569 4
      vertex 80.2334 120.744 0
      vertex 80.4698 120.569 0
    endloop
  endfacet
  facet normal -0.671997 -0.740554 0
    outer loop
      vertex 80.4698 120.569 0
      vertex 80.688 120.371 4
      vertex 80.4698 120.569 4
    endloop
  endfacet
  facet normal -0.671997 -0.740554 -0
    outer loop
      vertex 80.688 120.371 4
      vertex 80.4698 120.569 0
      vertex 80.688 120.371 0
    endloop
  endfacet
  facet normal -0.740754 -0.671776 0
    outer loop
      vertex 80.8857 120.153 0
      vertex 80.688 120.371 4
      vertex 80.688 120.371 0
    endloop
  endfacet
  facet normal -0.740754 -0.671776 0
    outer loop
      vertex 80.688 120.371 4
      vertex 80.8857 120.153 0
      vertex 80.8857 120.153 4
    endloop
  endfacet
  facet normal -0.802604 -0.596512 0
    outer loop
      vertex 81.0611 119.917 0
      vertex 80.8857 120.153 4
      vertex 80.8857 120.153 0
    endloop
  endfacet
  facet normal -0.802604 -0.596512 0
    outer loop
      vertex 80.8857 120.153 4
      vertex 81.0611 119.917 0
      vertex 81.0611 119.917 4
    endloop
  endfacet
  facet normal -0.85824 -0.513248 0
    outer loop
      vertex 81.2124 119.664 0
      vertex 81.0611 119.917 4
      vertex 81.0611 119.917 0
    endloop
  endfacet
  facet normal -0.85824 -0.513248 0
    outer loop
      vertex 81.0611 119.917 4
      vertex 81.2124 119.664 0
      vertex 81.2124 119.664 4
    endloop
  endfacet
  facet normal -0.903869 -0.427809 0
    outer loop
      vertex 81.3383 119.398 0
      vertex 81.2124 119.664 4
      vertex 81.2124 119.664 0
    endloop
  endfacet
  facet normal -0.903869 -0.427809 0
    outer loop
      vertex 81.2124 119.664 4
      vertex 81.3383 119.398 0
      vertex 81.3383 119.398 4
    endloop
  endfacet
  facet normal -0.941449 -0.337154 0
    outer loop
      vertex 81.4375 119.121 0
      vertex 81.3383 119.398 4
      vertex 81.3383 119.398 0
    endloop
  endfacet
  facet normal -0.941449 -0.337154 0
    outer loop
      vertex 81.3383 119.398 4
      vertex 81.4375 119.121 0
      vertex 81.4375 119.121 4
    endloop
  endfacet
  facet normal -0.970143 -0.242536 0
    outer loop
      vertex 81.509 118.835 0
      vertex 81.4375 119.121 4
      vertex 81.4375 119.121 0
    endloop
  endfacet
  facet normal -0.970143 -0.242536 0
    outer loop
      vertex 81.4375 119.121 4
      vertex 81.509 118.835 0
      vertex 81.509 118.835 4
    endloop
  endfacet
  facet normal -0.98916 -0.146844 0
    outer loop
      vertex 81.5522 118.544 0
      vertex 81.509 118.835 4
      vertex 81.509 118.835 0
    endloop
  endfacet
  facet normal -0.98916 -0.146844 0
    outer loop
      vertex 81.509 118.835 4
      vertex 81.5522 118.544 0
      vertex 81.5522 118.544 4
    endloop
  endfacet
  facet normal -0.998786 -0.0492599 0
    outer loop
      vertex 81.5667 118.25 0
      vertex 81.5522 118.544 4
      vertex 81.5522 118.544 0
    endloop
  endfacet
  facet normal -0.998786 -0.0492599 0
    outer loop
      vertex 81.5522 118.544 4
      vertex 81.5667 118.25 0
      vertex 81.5667 118.25 4
    endloop
  endfacet
  facet normal -1 0 0
    outer loop
      vertex 81.5667 108 0
      vertex 81.5667 118.25 4
      vertex 81.5667 118.25 0
    endloop
  endfacet
  facet normal -1 -0 0
    outer loop
      vertex 81.5667 118.25 4
      vertex 81.5667 108 0
      vertex 81.5667 108 4
    endloop
  endfacet
  facet normal -0.998786 0.0492599 0
    outer loop
      vertex 81.5522 107.706 0
      vertex 81.5667 108 4
      vertex 81.5667 108 0
    endloop
  endfacet
  facet normal -0.998786 0.0492599 0
    outer loop
      vertex 81.5667 108 4
      vertex 81.5522 107.706 0
      vertex 81.5522 107.706 4
    endloop
  endfacet
  facet normal -0.98916 0.146844 0
    outer loop
      vertex 81.509 107.415 0
      vertex 81.5522 107.706 4
      vertex 81.5522 107.706 0
    endloop
  endfacet
  facet normal -0.98916 0.146844 0
    outer loop
      vertex 81.5522 107.706 4
      vertex 81.509 107.415 0
      vertex 81.509 107.415 4
    endloop
  endfacet
  facet normal -0.970143 0.242536 0
    outer loop
      vertex 81.4375 107.129 0
      vertex 81.509 107.415 4
      vertex 81.509 107.415 0
    endloop
  endfacet
  facet normal -0.970143 0.242536 0
    outer loop
      vertex 81.509 107.415 4
      vertex 81.4375 107.129 0
      vertex 81.4375 107.129 4
    endloop
  endfacet
  facet normal -0.941449 0.337154 0
    outer loop
      vertex 81.3383 106.852 0
      vertex 81.4375 107.129 4
      vertex 81.4375 107.129 0
    endloop
  endfacet
  facet normal -0.941449 0.337154 0
    outer loop
      vertex 81.4375 107.129 4
      vertex 81.3383 106.852 0
      vertex 81.3383 106.852 4
    endloop
  endfacet
  facet normal -0.903869 0.427809 0
    outer loop
      vertex 81.2124 106.586 0
      vertex 81.3383 106.852 4
      vertex 81.3383 106.852 0
    endloop
  endfacet
  facet normal -0.903869 0.427809 0
    outer loop
      vertex 81.3383 106.852 4
      vertex 81.2124 106.586 0
      vertex 81.2124 106.586 4
    endloop
  endfacet
  facet normal -0.85824 0.513248 0
    outer loop
      vertex 81.0611 106.333 0
      vertex 81.2124 106.586 4
      vertex 81.2124 106.586 0
    endloop
  endfacet
  facet normal -0.85824 0.513248 0
    outer loop
      vertex 81.2124 106.586 4
      vertex 81.0611 106.333 0
      vertex 81.0611 106.333 4
    endloop
  endfacet
  facet normal -0.802604 0.596512 0
    outer loop
      vertex 80.8857 106.097 0
      vertex 81.0611 106.333 4
      vertex 81.0611 106.333 0
    endloop
  endfacet
  facet normal -0.802604 0.596512 0
    outer loop
      vertex 81.0611 106.333 4
      vertex 80.8857 106.097 0
      vertex 80.8857 106.097 4
    endloop
  endfacet
  facet normal -0.740754 0.671776 0
    outer loop
      vertex 80.688 105.879 0
      vertex 80.8857 106.097 4
      vertex 80.8857 106.097 0
    endloop
  endfacet
  facet normal -0.740754 0.671776 0
    outer loop
      vertex 80.8857 106.097 4
      vertex 80.688 105.879 0
      vertex 80.688 105.879 4
    endloop
  endfacet
  facet normal -0.671997 0.740554 0
    outer loop
      vertex 80.688 105.879 0
      vertex 80.4698 105.681 4
      vertex 80.688 105.879 4
    endloop
  endfacet
  facet normal -0.671997 0.740554 0
    outer loop
      vertex 80.4698 105.681 4
      vertex 80.688 105.879 0
      vertex 80.4698 105.681 0
    endloop
  endfacet
  facet normal -0.594984 0.803738 0
    outer loop
      vertex 80.4698 105.681 0
      vertex 80.2334 105.506 4
      vertex 80.4698 105.681 4
    endloop
  endfacet
  facet normal -0.594984 0.803738 0
    outer loop
      vertex 80.2334 105.506 4
      vertex 80.4698 105.681 0
      vertex 80.2334 105.506 0
    endloop
  endfacet
  facet normal -0.515593 0.856834 0
    outer loop
      vertex 80.2334 105.506 0
      vertex 79.9808 105.354 4
      vertex 80.2334 105.506 4
    endloop
  endfacet
  facet normal -0.515593 0.856834 0
    outer loop
      vertex 79.9808 105.354 4
      vertex 80.2334 105.506 0
      vertex 79.9808 105.354 0
    endloop
  endfacet
  facet normal -0.427955 0.9038 0
    outer loop
      vertex 79.9808 105.354 0
      vertex 79.7147 105.228 4
      vertex 79.9808 105.354 4
    endloop
  endfacet
  facet normal -0.427955 0.9038 0
    outer loop
      vertex 79.7147 105.228 4
      vertex 79.9808 105.354 0
      vertex 79.7147 105.228 0
    endloop
  endfacet
  facet normal -0.336336 0.941742 0
    outer loop
      vertex 79.7147 105.228 0
      vertex 79.4375 105.129 4
      vertex 79.7147 105.228 4
    endloop
  endfacet
  facet normal -0.336336 0.941742 0
    outer loop
      vertex 79.4375 105.129 4
      vertex 79.7147 105.228 0
      vertex 79.4375 105.129 0
    endloop
  endfacet
  facet normal -0.241256 0.970461 0
    outer loop
      vertex 79.4375 105.129 0
      vertex 79.1519 105.058 4
      vertex 79.4375 105.129 4
    endloop
  endfacet
  facet normal -0.241256 0.970461 0
    outer loop
      vertex 79.1519 105.058 4
      vertex 79.4375 105.129 0
      vertex 79.1519 105.058 0
    endloop
  endfacet
  facet normal -0.149403 0.988776 0
    outer loop
      vertex 79.1519 105.058 0
      vertex 78.8607 105.014 4
      vertex 79.1519 105.058 4
    endloop
  endfacet
  facet normal -0.149403 0.988776 0
    outer loop
      vertex 78.8607 105.014 4
      vertex 79.1519 105.058 0
      vertex 78.8607 105.014 0
    endloop
  endfacet
  facet normal -0.0475651 0.998868 0
    outer loop
      vertex 78.8607 105.014 0
      vertex 78.5667 105 4
      vertex 78.8607 105.014 4
    endloop
  endfacet
  facet normal -0.0475651 0.998868 0
    outer loop
      vertex 78.5667 105 4
      vertex 78.8607 105.014 0
      vertex 78.5667 105 0
    endloop
  endfacet
  facet normal 0 1 -0
    outer loop
      vertex 78.5667 105 0
      vertex 54.7833 105 4
      vertex 78.5667 105 4
    endloop
  endfacet
  facet normal 0 1 0
    outer loop
      vertex 54.7833 105 4
      vertex 78.5667 105 0
      vertex 54.7833 105 0
    endloop
  endfacet
  facet normal 0.0492599 0.998786 -0
    outer loop
      vertex 54.7833 82.75 0
      vertex 54.4893 82.7645 4
      vertex 54.7833 82.75 4
    endloop
  endfacet
  facet normal 0.0492599 0.998786 0
    outer loop
      vertex 54.4893 82.7645 4
      vertex 54.7833 82.75 0
      vertex 54.4893 82.7645 0
    endloop
  endfacet
  facet normal 0.146413 0.989224 -0
    outer loop
      vertex 54.4893 82.7645 0
      vertex 54.1981 82.8076 4
      vertex 54.4893 82.7645 4
    endloop
  endfacet
  facet normal 0.146413 0.989224 0
    outer loop
      vertex 54.1981 82.8076 4
      vertex 54.4893 82.7645 0
      vertex 54.1981 82.8076 0
    endloop
  endfacet
  facet normal 0.243175 0.969982 -0
    outer loop
      vertex 54.1981 82.8076 0
      vertex 53.9125 82.8792 4
      vertex 54.1981 82.8076 4
    endloop
  endfacet
  facet normal 0.243175 0.969982 0
    outer loop
      vertex 53.9125 82.8792 4
      vertex 54.1981 82.8076 0
      vertex 53.9125 82.8792 0
    endloop
  endfacet
  facet normal 0.336939 0.941527 -0
    outer loop
      vertex 53.9125 82.8792 0
      vertex 53.6353 82.9784 4
      vertex 53.9125 82.8792 4
    endloop
  endfacet
  facet normal 0.336939 0.941527 0
    outer loop
      vertex 53.6353 82.9784 4
      vertex 53.9125 82.8792 0
      vertex 53.6353 82.9784 0
    endloop
  endfacet
  facet normal 0.427269 0.904125 -0
    outer loop
      vertex 53.6353 82.9784 0
      vertex 53.3691 83.1042 4
      vertex 53.6353 82.9784 4
    endloop
  endfacet
  facet normal 0.427269 0.904125 0
    outer loop
      vertex 53.3691 83.1042 4
      vertex 53.6353 82.9784 0
      vertex 53.3691 83.1042 0
    endloop
  endfacet
  facet normal 0.514246 0.857643 -0
    outer loop
      vertex 53.3691 83.1042 0
      vertex 53.1166 83.2556 4
      vertex 53.3691 83.1042 4
    endloop
  endfacet
  facet normal 0.514246 0.857643 0
    outer loop
      vertex 53.1166 83.2556 4
      vertex 53.3691 83.1042 0
      vertex 53.1166 83.2556 0
    endloop
  endfacet
  facet normal 0.595699 0.803208 -0
    outer loop
      vertex 53.1166 83.2556 0
      vertex 52.8801 83.431 4
      vertex 53.1166 83.2556 4
    endloop
  endfacet
  facet normal 0.595699 0.803208 0
    outer loop
      vertex 52.8801 83.431 4
      vertex 53.1166 83.2556 0
      vertex 52.8801 83.431 0
    endloop
  endfacet
  facet normal 0.671607 0.740908 -0
    outer loop
      vertex 52.8801 83.431 0
      vertex 52.662 83.6287 4
      vertex 52.8801 83.431 4
    endloop
  endfacet
  facet normal 0.671607 0.740908 0
    outer loop
      vertex 52.662 83.6287 4
      vertex 52.8801 83.431 0
      vertex 52.662 83.6287 0
    endloop
  endfacet
  facet normal 0.740908 0.671607 0
    outer loop
      vertex 52.662 83.6287 4
      vertex 52.4643 83.8468 0
      vertex 52.4643 83.8468 4
    endloop
  endfacet
  facet normal 0.740908 0.671607 0
    outer loop
      vertex 52.4643 83.8468 0
      vertex 52.662 83.6287 4
      vertex 52.662 83.6287 0
    endloop
  endfacet
  facet normal 0.803208 0.595699 0
    outer loop
      vertex 52.4643 83.8468 4
      vertex 52.2889 84.0833 0
      vertex 52.2889 84.0833 4
    endloop
  endfacet
  facet normal 0.803208 0.595699 0
    outer loop
      vertex 52.2889 84.0833 0
      vertex 52.4643 83.8468 4
      vertex 52.4643 83.8468 0
    endloop
  endfacet
  facet normal 0.857793 0.513996 0
    outer loop
      vertex 52.2889 84.0833 4
      vertex 52.1376 84.3358 0
      vertex 52.1376 84.3358 4
    endloop
  endfacet
  facet normal 0.857793 0.513996 0
    outer loop
      vertex 52.1376 84.3358 0
      vertex 52.2889 84.0833 4
      vertex 52.2889 84.0833 0
    endloop
  endfacet
  facet normal 0.903931 0.427677 0
    outer loop
      vertex 52.1376 84.3358 4
      vertex 52.0117 84.6019 0
      vertex 52.0117 84.6019 4
    endloop
  endfacet
  facet normal 0.903931 0.427677 0
    outer loop
      vertex 52.0117 84.6019 0
      vertex 52.1376 84.3358 4
      vertex 52.1376 84.3358 0
    endloop
  endfacet
  facet normal 0.941565 0.336831 0
    outer loop
      vertex 52.0117 84.6019 4
      vertex 51.9125 84.8792 0
      vertex 51.9125 84.8792 4
    endloop
  endfacet
  facet normal 0.941565 0.336831 0
    outer loop
      vertex 51.9125 84.8792 0
      vertex 52.0117 84.6019 4
      vertex 52.0117 84.6019 0
    endloop
  endfacet
  facet normal 0.970042 0.242935 0
    outer loop
      vertex 51.9125 84.8792 4
      vertex 51.841 85.1647 0
      vertex 51.841 85.1647 4
    endloop
  endfacet
  facet normal 0.970042 0.242935 0
    outer loop
      vertex 51.841 85.1647 0
      vertex 51.9125 84.8792 4
      vertex 51.9125 84.8792 0
    endloop
  endfacet
  facet normal 0.989174 0.146746 0
    outer loop
      vertex 51.841 85.1647 4
      vertex 51.7978 85.4559 0
      vertex 51.7978 85.4559 4
    endloop
  endfacet
  facet normal 0.989174 0.146746 0
    outer loop
      vertex 51.7978 85.4559 0
      vertex 51.841 85.1647 4
      vertex 51.841 85.1647 0
    endloop
  endfacet
  facet normal 0.998787 0.0492431 0
    outer loop
      vertex 51.7978 85.4559 4
      vertex 51.7833 85.75 0
      vertex 51.7833 85.75 4
    endloop
  endfacet
  facet normal 0.998787 0.0492431 0
    outer loop
      vertex 51.7833 85.75 0
      vertex 51.7978 85.4559 4
      vertex 51.7978 85.4559 0
    endloop
  endfacet
  facet normal 1 -0 0
    outer loop
      vertex 51.7833 85.75 4
      vertex 51.7833 96 0
      vertex 51.7833 96 4
    endloop
  endfacet
  facet normal 1 0 0
    outer loop
      vertex 51.7833 96 0
      vertex 51.7833 85.75 4
      vertex 51.7833 85.75 0
    endloop
  endfacet
  facet normal 0.998787 -0.0492431 0
    outer loop
      vertex 51.7833 96 4
      vertex 51.7978 96.2941 0
      vertex 51.7978 96.2941 4
    endloop
  endfacet
  facet normal 0.998787 -0.0492431 0
    outer loop
      vertex 51.7978 96.2941 0
      vertex 51.7833 96 4
      vertex 51.7833 96 0
    endloop
  endfacet
  facet normal 0.989174 -0.146746 0
    outer loop
      vertex 51.7978 96.2941 4
      vertex 51.841 96.5853 0
      vertex 51.841 96.5853 4
    endloop
  endfacet
  facet normal 0.989174 -0.146746 0
    outer loop
      vertex 51.841 96.5853 0
      vertex 51.7978 96.2941 4
      vertex 51.7978 96.2941 0
    endloop
  endfacet
  facet normal 0.970042 -0.242935 0
    outer loop
      vertex 51.841 96.5853 4
      vertex 51.9125 96.8708 0
      vertex 51.9125 96.8708 4
    endloop
  endfacet
  facet normal 0.970042 -0.242935 0
    outer loop
      vertex 51.9125 96.8708 0
      vertex 51.841 96.5853 4
      vertex 51.841 96.5853 0
    endloop
  endfacet
  facet normal 0.941565 -0.336831 0
    outer loop
      vertex 51.9125 96.8708 4
      vertex 52.0117 97.1481 0
      vertex 52.0117 97.1481 4
    endloop
  endfacet
  facet normal 0.941565 -0.336831 0
    outer loop
      vertex 52.0117 97.1481 0
      vertex 51.9125 96.8708 4
      vertex 51.9125 96.8708 0
    endloop
  endfacet
  facet normal 0.903931 -0.427677 0
    outer loop
      vertex 52.0117 97.1481 4
      vertex 52.1376 97.4142 0
      vertex 52.1376 97.4142 4
    endloop
  endfacet
  facet normal 0.903931 -0.427677 0
    outer loop
      vertex 52.1376 97.4142 0
      vertex 52.0117 97.1481 4
      vertex 52.0117 97.1481 0
    endloop
  endfacet
  facet normal 0.857793 -0.513996 0
    outer loop
      vertex 52.1376 97.4142 4
      vertex 52.2889 97.6667 0
      vertex 52.2889 97.6667 4
    endloop
  endfacet
  facet normal 0.857793 -0.513996 0
    outer loop
      vertex 52.2889 97.6667 0
      vertex 52.1376 97.4142 4
      vertex 52.1376 97.4142 0
    endloop
  endfacet
  facet normal 0.803208 -0.595699 0
    outer loop
      vertex 52.2889 97.6667 4
      vertex 52.4643 97.9032 0
      vertex 52.4643 97.9032 4
    endloop
  endfacet
  facet normal 0.803208 -0.595699 0
    outer loop
      vertex 52.4643 97.9032 0
      vertex 52.2889 97.6667 4
      vertex 52.2889 97.6667 0
    endloop
  endfacet
  facet normal 0.740908 -0.671607 0
    outer loop
      vertex 52.4643 97.9032 4
      vertex 52.662 98.1213 0
      vertex 52.662 98.1213 4
    endloop
  endfacet
  facet normal 0.740908 -0.671607 0
    outer loop
      vertex 52.662 98.1213 0
      vertex 52.4643 97.9032 4
      vertex 52.4643 97.9032 0
    endloop
  endfacet
  facet normal 0.671607 -0.740908 0
    outer loop
      vertex 52.662 98.1213 0
      vertex 52.8801 98.319 4
      vertex 52.662 98.1213 4
    endloop
  endfacet
  facet normal 0.671607 -0.740908 0
    outer loop
      vertex 52.8801 98.319 4
      vertex 52.662 98.1213 0
      vertex 52.8801 98.319 0
    endloop
  endfacet
  facet normal 0.595699 -0.803208 0
    outer loop
      vertex 52.8801 98.319 0
      vertex 53.1166 98.4944 4
      vertex 52.8801 98.319 4
    endloop
  endfacet
  facet normal 0.595699 -0.803208 0
    outer loop
      vertex 53.1166 98.4944 4
      vertex 52.8801 98.319 0
      vertex 53.1166 98.4944 0
    endloop
  endfacet
  facet normal 0.514246 -0.857643 0
    outer loop
      vertex 53.1166 98.4944 0
      vertex 53.3691 98.6458 4
      vertex 53.1166 98.4944 4
    endloop
  endfacet
  facet normal 0.514246 -0.857643 0
    outer loop
      vertex 53.3691 98.6458 4
      vertex 53.1166 98.4944 0
      vertex 53.3691 98.6458 0
    endloop
  endfacet
  facet normal 0.427269 -0.904125 0
    outer loop
      vertex 53.3691 98.6458 0
      vertex 53.6353 98.7716 4
      vertex 53.3691 98.6458 4
    endloop
  endfacet
  facet normal 0.427269 -0.904125 0
    outer loop
      vertex 53.6353 98.7716 4
      vertex 53.3691 98.6458 0
      vertex 53.6353 98.7716 0
    endloop
  endfacet
  facet normal 0.336939 -0.941527 0
    outer loop
      vertex 53.6353 98.7716 0
      vertex 53.9125 98.8708 4
      vertex 53.6353 98.7716 4
    endloop
  endfacet
  facet normal 0.336939 -0.941527 0
    outer loop
      vertex 53.9125 98.8708 4
      vertex 53.6353 98.7716 0
      vertex 53.9125 98.8708 0
    endloop
  endfacet
  facet normal 0.243175 -0.969982 0
    outer loop
      vertex 53.9125 98.8708 0
      vertex 54.1981 98.9424 4
      vertex 53.9125 98.8708 4
    endloop
  endfacet
  facet normal 0.243175 -0.969982 0
    outer loop
      vertex 54.1981 98.9424 4
      vertex 53.9125 98.8708 0
      vertex 54.1981 98.9424 0
    endloop
  endfacet
  facet normal 0.146413 -0.989224 0
    outer loop
      vertex 54.1981 98.9424 0
      vertex 54.4893 98.9855 4
      vertex 54.1981 98.9424 4
    endloop
  endfacet
  facet normal 0.146413 -0.989224 0
    outer loop
      vertex 54.4893 98.9855 4
      vertex 54.1981 98.9424 0
      vertex 54.4893 98.9855 0
    endloop
  endfacet
  facet normal 0.0492599 -0.998786 0
    outer loop
      vertex 54.4893 98.9855 0
      vertex 54.7833 99 4
      vertex 54.4893 98.9855 4
    endloop
  endfacet
  facet normal 0.0492599 -0.998786 0
    outer loop
      vertex 54.7833 99 4
      vertex 54.4893 98.9855 0
      vertex 54.7833 99 0
    endloop
  endfacet
  facet normal 0 -1 0
    outer loop
      vertex 54.7833 99 0
      vertex 78.5667 99 4
      vertex 54.7833 99 4
    endloop
  endfacet
  facet normal 0 -1 -0
    outer loop
      vertex 78.5667 99 4
      vertex 54.7833 99 0
      vertex 78.5667 99 0
    endloop
  endfacet
  facet normal -0.0492599 -0.998786 0
    outer loop
      vertex 78.5667 99 0
      vertex 78.8607 98.9855 4
      vertex 78.5667 99 4
    endloop
  endfacet
  facet normal -0.0492599 -0.998786 -0
    outer loop
      vertex 78.8607 98.9855 4
      vertex 78.5667 99 0
      vertex 78.8607 98.9855 0
    endloop
  endfacet
  facet normal -0.146413 -0.989224 0
    outer loop
      vertex 78.8607 98.9855 0
      vertex 79.1519 98.9424 4
      vertex 78.8607 98.9855 4
    endloop
  endfacet
  facet normal -0.146413 -0.989224 -0
    outer loop
      vertex 79.1519 98.9424 4
      vertex 78.8607 98.9855 0
      vertex 79.1519 98.9424 0
    endloop
  endfacet
  facet normal -0.243175 -0.969982 0
    outer loop
      vertex 79.1519 98.9424 0
      vertex 79.4375 98.8708 4
      vertex 79.1519 98.9424 4
    endloop
  endfacet
  facet normal -0.243175 -0.969982 -0
    outer loop
      vertex 79.4375 98.8708 4
      vertex 79.1519 98.9424 0
      vertex 79.4375 98.8708 0
    endloop
  endfacet
  facet normal -0.336939 -0.941527 0
    outer loop
      vertex 79.4375 98.8708 0
      vertex 79.7147 98.7716 4
      vertex 79.4375 98.8708 4
    endloop
  endfacet
  facet normal -0.336939 -0.941527 -0
    outer loop
      vertex 79.7147 98.7716 4
      vertex 79.4375 98.8708 0
      vertex 79.7147 98.7716 0
    endloop
  endfacet
  facet normal -0.4274 -0.904063 0
    outer loop
      vertex 79.7147 98.7716 0
      vertex 79.9808 98.6458 4
      vertex 79.7147 98.7716 4
    endloop
  endfacet
  facet normal -0.4274 -0.904063 -0
    outer loop
      vertex 79.9808 98.6458 4
      vertex 79.7147 98.7716 0
      vertex 79.9808 98.6458 0
    endloop
  endfacet
  facet normal -0.514096 -0.857733 0
    outer loop
      vertex 79.9808 98.6458 0
      vertex 80.2334 98.4944 4
      vertex 79.9808 98.6458 4
    endloop
  endfacet
  facet normal -0.514096 -0.857733 -0
    outer loop
      vertex 80.2334 98.4944 4
      vertex 79.9808 98.6458 0
      vertex 80.2334 98.4944 0
    endloop
  endfacet
  facet normal -0.595861 -0.803088 0
    outer loop
      vertex 80.2334 98.4944 0
      vertex 80.4698 98.319 4
      vertex 80.2334 98.4944 4
    endloop
  endfacet
  facet normal -0.595861 -0.803088 -0
    outer loop
      vertex 80.4698 98.319 4
      vertex 80.2334 98.4944 0
      vertex 80.4698 98.319 0
    endloop
  endfacet
  facet normal -0.671438 -0.741061 0
    outer loop
      vertex 80.4698 98.319 0
      vertex 80.688 98.1213 4
      vertex 80.4698 98.319 4
    endloop
  endfacet
  facet normal -0.671438 -0.741061 -0
    outer loop
      vertex 80.688 98.1213 4
      vertex 80.4698 98.319 0
      vertex 80.688 98.1213 0
    endloop
  endfacet
  facet normal -0.740908 -0.671607 0
    outer loop
      vertex 80.8857 97.9032 0
      vertex 80.688 98.1213 4
      vertex 80.688 98.1213 0
    endloop
  endfacet
  facet normal -0.740908 -0.671607 0
    outer loop
      vertex 80.688 98.1213 4
      vertex 80.8857 97.9032 0
      vertex 80.8857 97.9032 4
    endloop
  endfacet
  facet normal -0.803208 -0.595699 0
    outer loop
      vertex 81.0611 97.6667 0
      vertex 80.8857 97.9032 4
      vertex 80.8857 97.9032 0
    endloop
  endfacet
  facet normal -0.803208 -0.595699 0
    outer loop
      vertex 80.8857 97.9032 4
      vertex 81.0611 97.6667 0
      vertex 81.0611 97.6667 4
    endloop
  endfacet
  facet normal -0.857793 -0.513996 0
    outer loop
      vertex 81.2124 97.4142 0
      vertex 81.0611 97.6667 4
      vertex 81.0611 97.6667 0
    endloop
  endfacet
  facet normal -0.857793 -0.513996 0
    outer loop
      vertex 81.0611 97.6667 4
      vertex 81.2124 97.4142 0
      vertex 81.2124 97.4142 4
    endloop
  endfacet
  facet normal -0.903931 -0.427677 0
    outer loop
      vertex 81.3383 97.1481 0
      vertex 81.2124 97.4142 4
      vertex 81.2124 97.4142 0
    endloop
  endfacet
  facet normal -0.903931 -0.427677 0
    outer loop
      vertex 81.2124 97.4142 4
      vertex 81.3383 97.1481 0
      vertex 81.3383 97.1481 4
    endloop
  endfacet
  facet normal -0.941565 -0.336831 0
    outer loop
      vertex 81.4375 96.8708 0
      vertex 81.3383 97.1481 4
      vertex 81.3383 97.1481 0
    endloop
  endfacet
  facet normal -0.941565 -0.336831 0
    outer loop
      vertex 81.3383 97.1481 4
      vertex 81.4375 96.8708 0
      vertex 81.4375 96.8708 4
    endloop
  endfacet
  facet normal -0.970042 -0.242935 0
    outer loop
      vertex 81.509 96.5853 0
      vertex 81.4375 96.8708 4
      vertex 81.4375 96.8708 0
    endloop
  endfacet
  facet normal -0.970042 -0.242935 0
    outer loop
      vertex 81.4375 96.8708 4
      vertex 81.509 96.5853 0
      vertex 81.509 96.5853 4
    endloop
  endfacet
  facet normal -0.989174 -0.146746 0
    outer loop
      vertex 81.5522 96.2941 0
      vertex 81.509 96.5853 4
      vertex 81.509 96.5853 0
    endloop
  endfacet
  facet normal -0.989174 -0.146746 0
    outer loop
      vertex 81.509 96.5853 4
      vertex 81.5522 96.2941 0
      vertex 81.5522 96.2941 4
    endloop
  endfacet
  facet normal -0.998787 -0.0492431 0
    outer loop
      vertex 81.5667 96 0
      vertex 81.5522 96.2941 4
      vertex 81.5522 96.2941 0
    endloop
  endfacet
  facet normal -0.998787 -0.0492431 0
    outer loop
      vertex 81.5522 96.2941 4
      vertex 81.5667 96 0
      vertex 81.5667 96 4
    endloop
  endfacet
  facet normal -1 0 0
    outer loop
      vertex 81.5667 85.75 0
      vertex 81.5667 96 4
      vertex 81.5667 96 0
    endloop
  endfacet
  facet normal -1 -0 0
    outer loop
      vertex 81.5667 96 4
      vertex 81.5667 85.75 0
      vertex 81.5667 85.75 4
    endloop
  endfacet
  facet normal -0.998787 0.0492431 0
    outer loop
      vertex 81.5522 85.4559 0
      vertex 81.5667 85.75 4
      vertex 81.5667 85.75 0
    endloop
  endfacet
  facet normal -0.998787 0.0492431 0
    outer loop
      vertex 81.5667 85.75 4
      vertex 81.5522 85.4559 0
      vertex 81.5522 85.4559 4
    endloop
  endfacet
  facet normal -0.989174 0.146746 0
    outer loop
      vertex 81.509 85.1647 0
      vertex 81.5522 85.4559 4
      vertex 81.5522 85.4559 0
    endloop
  endfacet
  facet normal -0.989174 0.146746 0
    outer loop
      vertex 81.5522 85.4559 4
      vertex 81.509 85.1647 0
      vertex 81.509 85.1647 4
    endloop
  endfacet
  facet normal -0.970042 0.242935 0
    outer loop
      vertex 81.4375 84.8792 0
      vertex 81.509 85.1647 4
      vertex 81.509 85.1647 0
    endloop
  endfacet
  facet normal -0.970042 0.242935 0
    outer loop
      vertex 81.509 85.1647 4
      vertex 81.4375 84.8792 0
      vertex 81.4375 84.8792 4
    endloop
  endfacet
  facet normal -0.941565 0.336831 0
    outer loop
      vertex 81.3383 84.6019 0
      vertex 81.4375 84.8792 4
      vertex 81.4375 84.8792 0
    endloop
  endfacet
  facet normal -0.941565 0.336831 0
    outer loop
      vertex 81.4375 84.8792 4
      vertex 81.3383 84.6019 0
      vertex 81.3383 84.6019 4
    endloop
  endfacet
  facet normal -0.903931 0.427677 0
    outer loop
      vertex 81.2124 84.3358 0
      vertex 81.3383 84.6019 4
      vertex 81.3383 84.6019 0
    endloop
  endfacet
  facet normal -0.903931 0.427677 0
    outer loop
      vertex 81.3383 84.6019 4
      vertex 81.2124 84.3358 0
      vertex 81.2124 84.3358 4
    endloop
  endfacet
  facet normal -0.857793 0.513996 0
    outer loop
      vertex 81.0611 84.0833 0
      vertex 81.2124 84.3358 4
      vertex 81.2124 84.3358 0
    endloop
  endfacet
  facet normal -0.857793 0.513996 0
    outer loop
      vertex 81.2124 84.3358 4
      vertex 81.0611 84.0833 0
      vertex 81.0611 84.0833 4
    endloop
  endfacet
  facet normal -0.803208 0.595699 0
    outer loop
      vertex 80.8857 83.8468 0
      vertex 81.0611 84.0833 4
      vertex 81.0611 84.0833 0
    endloop
  endfacet
  facet normal -0.803208 0.595699 0
    outer loop
      vertex 81.0611 84.0833 4
      vertex 80.8857 83.8468 0
      vertex 80.8857 83.8468 4
    endloop
  endfacet
  facet normal -0.740908 0.671607 0
    outer loop
      vertex 80.688 83.6287 0
      vertex 80.8857 83.8468 4
      vertex 80.8857 83.8468 0
    endloop
  endfacet
  facet normal -0.740908 0.671607 0
    outer loop
      vertex 80.8857 83.8468 4
      vertex 80.688 83.6287 0
      vertex 80.688 83.6287 4
    endloop
  endfacet
  facet normal -0.671438 0.741061 0
    outer loop
      vertex 80.688 83.6287 0
      vertex 80.4698 83.431 4
      vertex 80.688 83.6287 4
    endloop
  endfacet
  facet normal -0.671438 0.741061 0
    outer loop
      vertex 80.4698 83.431 4
      vertex 80.688 83.6287 0
      vertex 80.4698 83.431 0
    endloop
  endfacet
  facet normal -0.595861 0.803088 0
    outer loop
      vertex 80.4698 83.431 0
      vertex 80.2334 83.2556 4
      vertex 80.4698 83.431 4
    endloop
  endfacet
  facet normal -0.595861 0.803088 0
    outer loop
      vertex 80.2334 83.2556 4
      vertex 80.4698 83.431 0
      vertex 80.2334 83.2556 0
    endloop
  endfacet
  facet normal -0.514096 0.857733 0
    outer loop
      vertex 80.2334 83.2556 0
      vertex 79.9808 83.1042 4
      vertex 80.2334 83.2556 4
    endloop
  endfacet
  facet normal -0.514096 0.857733 0
    outer loop
      vertex 79.9808 83.1042 4
      vertex 80.2334 83.2556 0
      vertex 79.9808 83.1042 0
    endloop
  endfacet
  facet normal -0.4274 0.904063 0
    outer loop
      vertex 79.9808 83.1042 0
      vertex 79.7147 82.9784 4
      vertex 79.9808 83.1042 4
    endloop
  endfacet
  facet normal -0.4274 0.904063 0
    outer loop
      vertex 79.7147 82.9784 4
      vertex 79.9808 83.1042 0
      vertex 79.7147 82.9784 0
    endloop
  endfacet
  facet normal -0.336939 0.941527 0
    outer loop
      vertex 79.7147 82.9784 0
      vertex 79.4375 82.8792 4
      vertex 79.7147 82.9784 4
    endloop
  endfacet
  facet normal -0.336939 0.941527 0
    outer loop
      vertex 79.4375 82.8792 4
      vertex 79.7147 82.9784 0
      vertex 79.4375 82.8792 0
    endloop
  endfacet
  facet normal -0.243175 0.969982 0
    outer loop
      vertex 79.4375 82.8792 0
      vertex 79.1519 82.8076 4
      vertex 79.4375 82.8792 4
    endloop
  endfacet
  facet normal -0.243175 0.969982 0
    outer loop
      vertex 79.1519 82.8076 4
      vertex 79.4375 82.8792 0
      vertex 79.1519 82.8076 0
    endloop
  endfacet
  facet normal -0.146413 0.989224 0
    outer loop
      vertex 79.1519 82.8076 0
      vertex 78.8607 82.7645 4
      vertex 79.1519 82.8076 4
    endloop
  endfacet
  facet normal -0.146413 0.989224 0
    outer loop
      vertex 78.8607 82.7645 4
      vertex 79.1519 82.8076 0
      vertex 78.8607 82.7645 0
    endloop
  endfacet
  facet normal -0.0492599 0.998786 0
    outer loop
      vertex 78.8607 82.7645 0
      vertex 78.5667 82.75 4
      vertex 78.8607 82.7645 4
    endloop
  endfacet
  facet normal -0.0492599 0.998786 0
    outer loop
      vertex 78.5667 82.75 4
      vertex 78.8607 82.7645 0
      vertex 78.5667 82.75 0
    endloop
  endfacet
  facet normal 0 1 -0
    outer loop
      vertex 78.5667 82.75 0
      vertex 54.7833 82.75 4
      vertex 78.5667 82.75 4
    endloop
  endfacet
  facet normal 0 1 0
    outer loop
      vertex 54.7833 82.75 4
      vertex 78.5667 82.75 0
      vertex 54.7833 82.75 0
    endloop
  endfacet
  facet normal 0.0492431 0.998787 -0
    outer loop
      vertex 90.5667 82.75 0
      vertex 90.2726 82.7645 4
      vertex 90.5667 82.75 4
    endloop
  endfacet
  facet normal 0.0492431 0.998787 0
    outer loop
      vertex 90.2726 82.7645 4
      vertex 90.5667 82.75 0
      vertex 90.2726 82.7645 0
    endloop
  endfacet
  facet normal 0.146413 0.989224 -0
    outer loop
      vertex 90.2726 82.7645 0
      vertex 89.9814 82.8076 4
      vertex 90.2726 82.7645 4
    endloop
  endfacet
  facet normal 0.146413 0.989224 0
    outer loop
      vertex 89.9814 82.8076 4
      vertex 90.2726 82.7645 0
      vertex 89.9814 82.8076 0
    endloop
  endfacet
  facet normal 0.243175 0.969982 -0
    outer loop
      vertex 89.9814 82.8076 0
      vertex 89.6958 82.8792 4
      vertex 89.9814 82.8076 4
    endloop
  endfacet
  facet normal 0.243175 0.969982 0
    outer loop
      vertex 89.6958 82.8792 4
      vertex 89.9814 82.8076 0
      vertex 89.6958 82.8792 0
    endloop
  endfacet
  facet normal 0.336939 0.941527 -0
    outer loop
      vertex 89.6958 82.8792 0
      vertex 89.4186 82.9784 4
      vertex 89.6958 82.8792 4
    endloop
  endfacet
  facet normal 0.336939 0.941527 0
    outer loop
      vertex 89.4186 82.9784 4
      vertex 89.6958 82.8792 0
      vertex 89.4186 82.9784 0
    endloop
  endfacet
  facet normal 0.4274 0.904063 -0
    outer loop
      vertex 89.4186 82.9784 0
      vertex 89.1525 83.1042 4
      vertex 89.4186 82.9784 4
    endloop
  endfacet
  facet normal 0.4274 0.904063 0
    outer loop
      vertex 89.1525 83.1042 4
      vertex 89.4186 82.9784 0
      vertex 89.1525 83.1042 0
    endloop
  endfacet
  facet normal 0.514096 0.857733 -0
    outer loop
      vertex 89.1525 83.1042 0
      vertex 88.8999 83.2556 4
      vertex 89.1525 83.1042 4
    endloop
  endfacet
  facet normal 0.514096 0.857733 0
    outer loop
      vertex 88.8999 83.2556 4
      vertex 89.1525 83.1042 0
      vertex 88.8999 83.2556 0
    endloop
  endfacet
  facet normal 0.595861 0.803088 -0
    outer loop
      vertex 88.8999 83.2556 0
      vertex 88.6635 83.431 4
      vertex 88.8999 83.2556 4
    endloop
  endfacet
  facet normal 0.595861 0.803088 0
    outer loop
      vertex 88.6635 83.431 4
      vertex 88.8999 83.2556 0
      vertex 88.6635 83.431 0
    endloop
  endfacet
  facet normal 0.671438 0.741061 -0
    outer loop
      vertex 88.6635 83.431 0
      vertex 88.4453 83.6287 4
      vertex 88.6635 83.431 4
    endloop
  endfacet
  facet normal 0.671438 0.741061 0
    outer loop
      vertex 88.4453 83.6287 4
      vertex 88.6635 83.431 0
      vertex 88.4453 83.6287 0
    endloop
  endfacet
  facet normal 0.740908 0.671607 0
    outer loop
      vertex 88.4453 83.6287 4
      vertex 88.2476 83.8468 0
      vertex 88.2476 83.8468 4
    endloop
  endfacet
  facet normal 0.740908 0.671607 0
    outer loop
      vertex 88.2476 83.8468 0
      vertex 88.4453 83.6287 4
      vertex 88.4453 83.6287 0
    endloop
  endfacet
  facet normal 0.803371 0.595479 0
    outer loop
      vertex 88.2476 83.8468 4
      vertex 88.0723 84.0833 0
      vertex 88.0723 84.0833 4
    endloop
  endfacet
  facet normal 0.803371 0.595479 0
    outer loop
      vertex 88.0723 84.0833 0
      vertex 88.2476 83.8468 4
      vertex 88.2476 83.8468 0
    endloop
  endfacet
  facet normal 0.857643 0.514246 0
    outer loop
      vertex 88.0723 84.0833 4
      vertex 87.9209 84.3358 0
      vertex 87.9209 84.3358 4
    endloop
  endfacet
  facet normal 0.857643 0.514246 0
    outer loop
      vertex 87.9209 84.3358 0
      vertex 88.0723 84.0833 4
      vertex 88.0723 84.0833 0
    endloop
  endfacet
  facet normal 0.903931 0.427677 0
    outer loop
      vertex 87.9209 84.3358 4
      vertex 87.795 84.6019 0
      vertex 87.795 84.6019 4
    endloop
  endfacet
  facet normal 0.903931 0.427677 0
    outer loop
      vertex 87.795 84.6019 0
      vertex 87.9209 84.3358 4
      vertex 87.9209 84.3358 0
    endloop
  endfacet
  facet normal 0.941565 0.336831 0
    outer loop
      vertex 87.795 84.6019 4
      vertex 87.6958 84.8792 0
      vertex 87.6958 84.8792 4
    endloop
  endfacet
  facet normal 0.941565 0.336831 0
    outer loop
      vertex 87.6958 84.8792 0
      vertex 87.795 84.6019 4
      vertex 87.795 84.6019 0
    endloop
  endfacet
  facet normal 0.970042 0.242935 0
    outer loop
      vertex 87.6958 84.8792 4
      vertex 87.6243 85.1647 0
      vertex 87.6243 85.1647 4
    endloop
  endfacet
  facet normal 0.970042 0.242935 0
    outer loop
      vertex 87.6243 85.1647 0
      vertex 87.6958 84.8792 4
      vertex 87.6958 84.8792 0
    endloop
  endfacet
  facet normal 0.989174 0.146746 0
    outer loop
      vertex 87.6243 85.1647 4
      vertex 87.5811 85.4559 0
      vertex 87.5811 85.4559 4
    endloop
  endfacet
  facet normal 0.989174 0.146746 0
    outer loop
      vertex 87.5811 85.4559 0
      vertex 87.6243 85.1647 4
      vertex 87.6243 85.1647 0
    endloop
  endfacet
  facet normal 0.998803 0.0489044 0
    outer loop
      vertex 87.5811 85.4559 4
      vertex 87.5667 85.75 0
      vertex 87.5667 85.75 4
    endloop
  endfacet
  facet normal 0.998803 0.0489044 0
    outer loop
      vertex 87.5667 85.75 0
      vertex 87.5811 85.4559 4
      vertex 87.5811 85.4559 0
    endloop
  endfacet
  facet normal 1 -0 0
    outer loop
      vertex 87.5667 85.75 4
      vertex 87.5667 96 0
      vertex 87.5667 96 4
    endloop
  endfacet
  facet normal 1 0 0
    outer loop
      vertex 87.5667 96 0
      vertex 87.5667 85.75 4
      vertex 87.5667 85.75 0
    endloop
  endfacet
  facet normal 0.998803 -0.0489044 0
    outer loop
      vertex 87.5667 96 4
      vertex 87.5811 96.2941 0
      vertex 87.5811 96.2941 4
    endloop
  endfacet
  facet normal 0.998803 -0.0489044 0
    outer loop
      vertex 87.5811 96.2941 0
      vertex 87.5667 96 4
      vertex 87.5667 96 0
    endloop
  endfacet
  facet normal 0.989174 -0.146746 0
    outer loop
      vertex 87.5811 96.2941 4
      vertex 87.6243 96.5853 0
      vertex 87.6243 96.5853 4
    endloop
  endfacet
  facet normal 0.989174 -0.146746 0
    outer loop
      vertex 87.6243 96.5853 0
      vertex 87.5811 96.2941 4
      vertex 87.5811 96.2941 0
    endloop
  endfacet
  facet normal 0.970042 -0.242935 0
    outer loop
      vertex 87.6243 96.5853 4
      vertex 87.6958 96.8708 0
      vertex 87.6958 96.8708 4
    endloop
  endfacet
  facet normal 0.970042 -0.242935 0
    outer loop
      vertex 87.6958 96.8708 0
      vertex 87.6243 96.5853 4
      vertex 87.6243 96.5853 0
    endloop
  endfacet
  facet normal 0.941565 -0.336831 0
    outer loop
      vertex 87.6958 96.8708 4
      vertex 87.795 97.1481 0
      vertex 87.795 97.1481 4
    endloop
  endfacet
  facet normal 0.941565 -0.336831 0
    outer loop
      vertex 87.795 97.1481 0
      vertex 87.6958 96.8708 4
      vertex 87.6958 96.8708 0
    endloop
  endfacet
  facet normal 0.903931 -0.427677 0
    outer loop
      vertex 87.795 97.1481 4
      vertex 87.9209 97.4142 0
      vertex 87.9209 97.4142 4
    endloop
  endfacet
  facet normal 0.903931 -0.427677 0
    outer loop
      vertex 87.9209 97.4142 0
      vertex 87.795 97.1481 4
      vertex 87.795 97.1481 0
    endloop
  endfacet
  facet normal 0.857643 -0.514246 0
    outer loop
      vertex 87.9209 97.4142 4
      vertex 88.0723 97.6667 0
      vertex 88.0723 97.6667 4
    endloop
  endfacet
  facet normal 0.857643 -0.514246 0
    outer loop
      vertex 88.0723 97.6667 0
      vertex 87.9209 97.4142 4
      vertex 87.9209 97.4142 0
    endloop
  endfacet
  facet normal 0.803371 -0.595479 0
    outer loop
      vertex 88.0723 97.6667 4
      vertex 88.2476 97.9032 0
      vertex 88.2476 97.9032 4
    endloop
  endfacet
  facet normal 0.803371 -0.595479 0
    outer loop
      vertex 88.2476 97.9032 0
      vertex 88.0723 97.6667 4
      vertex 88.0723 97.6667 0
    endloop
  endfacet
  facet normal 0.740908 -0.671607 0
    outer loop
      vertex 88.2476 97.9032 4
      vertex 88.4453 98.1213 0
      vertex 88.4453 98.1213 4
    endloop
  endfacet
  facet normal 0.740908 -0.671607 0
    outer loop
      vertex 88.4453 98.1213 0
      vertex 88.2476 97.9032 4
      vertex 88.2476 97.9032 0
    endloop
  endfacet
  facet normal 0.671438 -0.741061 0
    outer loop
      vertex 88.4453 98.1213 0
      vertex 88.6635 98.319 4
      vertex 88.4453 98.1213 4
    endloop
  endfacet
  facet normal 0.671438 -0.741061 0
    outer loop
      vertex 88.6635 98.319 4
      vertex 88.4453 98.1213 0
      vertex 88.6635 98.319 0
    endloop
  endfacet
  facet normal 0.595861 -0.803088 0
    outer loop
      vertex 88.6635 98.319 0
      vertex 88.8999 98.4944 4
      vertex 88.6635 98.319 4
    endloop
  endfacet
  facet normal 0.595861 -0.803088 0
    outer loop
      vertex 88.8999 98.4944 4
      vertex 88.6635 98.319 0
      vertex 88.8999 98.4944 0
    endloop
  endfacet
  facet normal 0.514096 -0.857733 0
    outer loop
      vertex 88.8999 98.4944 0
      vertex 89.1525 98.6458 4
      vertex 88.8999 98.4944 4
    endloop
  endfacet
  facet normal 0.514096 -0.857733 0
    outer loop
      vertex 89.1525 98.6458 4
      vertex 88.8999 98.4944 0
      vertex 89.1525 98.6458 0
    endloop
  endfacet
  facet normal 0.4274 -0.904063 0
    outer loop
      vertex 89.1525 98.6458 0
      vertex 89.4186 98.7716 4
      vertex 89.1525 98.6458 4
    endloop
  endfacet
  facet normal 0.4274 -0.904063 0
    outer loop
      vertex 89.4186 98.7716 4
      vertex 89.1525 98.6458 0
      vertex 89.4186 98.7716 0
    endloop
  endfacet
  facet normal 0.336939 -0.941527 0
    outer loop
      vertex 89.4186 98.7716 0
      vertex 89.6958 98.8708 4
      vertex 89.4186 98.7716 4
    endloop
  endfacet
  facet normal 0.336939 -0.941527 0
    outer loop
      vertex 89.6958 98.8708 4
      vertex 89.4186 98.7716 0
      vertex 89.6958 98.8708 0
    endloop
  endfacet
  facet normal 0.243175 -0.969982 0
    outer loop
      vertex 89.6958 98.8708 0
      vertex 89.9814 98.9424 4
      vertex 89.6958 98.8708 4
    endloop
  endfacet
  facet normal 0.243175 -0.969982 0
    outer loop
      vertex 89.9814 98.9424 4
      vertex 89.6958 98.8708 0
      vertex 89.9814 98.9424 0
    endloop
  endfacet
  facet normal 0.146413 -0.989224 0
    outer loop
      vertex 89.9814 98.9424 0
      vertex 90.2726 98.9855 4
      vertex 89.9814 98.9424 4
    endloop
  endfacet
  facet normal 0.146413 -0.989224 0
    outer loop
      vertex 90.2726 98.9855 4
      vertex 89.9814 98.9424 0
      vertex 90.2726 98.9855 0
    endloop
  endfacet
  facet normal 0.0492431 -0.998787 0
    outer loop
      vertex 90.2726 98.9855 0
      vertex 90.5667 99 4
      vertex 90.2726 98.9855 4
    endloop
  endfacet
  facet normal 0.0492431 -0.998787 0
    outer loop
      vertex 90.5667 99 4
      vertex 90.2726 98.9855 0
      vertex 90.5667 99 0
    endloop
  endfacet
  facet normal 0 -1 0
    outer loop
      vertex 90.5667 99 0
      vertex 114.35 99 4
      vertex 90.5667 99 4
    endloop
  endfacet
  facet normal 0 -1 -0
    outer loop
      vertex 114.35 99 4
      vertex 90.5667 99 0
      vertex 114.35 99 0
    endloop
  endfacet
  facet normal -0.0492599 -0.998786 0
    outer loop
      vertex 114.35 99 0
      vertex 114.644 98.9855 4
      vertex 114.35 99 4
    endloop
  endfacet
  facet normal -0.0492599 -0.998786 -0
    outer loop
      vertex 114.644 98.9855 4
      vertex 114.35 99 0
      vertex 114.644 98.9855 0
    endloop
  endfacet
  facet normal -0.146512 -0.989209 0
    outer loop
      vertex 114.644 98.9855 0
      vertex 114.935 98.9424 4
      vertex 114.644 98.9855 4
    endloop
  endfacet
  facet normal -0.146512 -0.989209 -0
    outer loop
      vertex 114.935 98.9424 4
      vertex 114.644 98.9855 0
      vertex 114.935 98.9424 0
    endloop
  endfacet
  facet normal -0.242855 -0.970063 0
    outer loop
      vertex 114.935 98.9424 0
      vertex 115.221 98.8708 4
      vertex 114.935 98.9424 4
    endloop
  endfacet
  facet normal -0.242855 -0.970063 -0
    outer loop
      vertex 115.221 98.8708 4
      vertex 114.935 98.9424 0
      vertex 115.221 98.8708 0
    endloop
  endfacet
  facet normal -0.337154 -0.941449 0
    outer loop
      vertex 115.221 98.8708 0
      vertex 115.498 98.7716 4
      vertex 115.221 98.8708 4
    endloop
  endfacet
  facet normal -0.337154 -0.941449 -0
    outer loop
      vertex 115.498 98.7716 4
      vertex 115.221 98.8708 0
      vertex 115.498 98.7716 0
    endloop
  endfacet
  facet normal -0.427531 -0.904001 0
    outer loop
      vertex 115.498 98.7716 0
      vertex 115.764 98.6458 4
      vertex 115.498 98.7716 4
    endloop
  endfacet
  facet normal -0.427531 -0.904001 -0
    outer loop
      vertex 115.764 98.6458 4
      vertex 115.498 98.7716 0
      vertex 115.764 98.6458 0
    endloop
  endfacet
  facet normal -0.513498 -0.858091 0
    outer loop
      vertex 115.764 98.6458 0
      vertex 116.017 98.4944 4
      vertex 115.764 98.6458 4
    endloop
  endfacet
  facet normal -0.513498 -0.858091 -0
    outer loop
      vertex 116.017 98.4944 4
      vertex 115.764 98.6458 0
      vertex 116.017 98.4944 0
    endloop
  endfacet
  facet normal -0.596512 -0.802604 0
    outer loop
      vertex 116.017 98.4944 0
      vertex 116.253 98.319 4
      vertex 116.017 98.4944 4
    endloop
  endfacet
  facet normal -0.596512 -0.802604 -0
    outer loop
      vertex 116.253 98.319 4
      vertex 116.017 98.4944 0
      vertex 116.253 98.319 0
    endloop
  endfacet
  facet normal -0.671776 -0.740754 0
    outer loop
      vertex 116.253 98.319 0
      vertex 116.471 98.1213 4
      vertex 116.253 98.319 4
    endloop
  endfacet
  facet normal -0.671776 -0.740754 -0
    outer loop
      vertex 116.471 98.1213 4
      vertex 116.253 98.319 0
      vertex 116.471 98.1213 0
    endloop
  endfacet
  facet normal -0.740401 -0.672166 0
    outer loop
      vertex 116.669 97.9032 0
      vertex 116.471 98.1213 4
      vertex 116.471 98.1213 0
    endloop
  endfacet
  facet normal -0.740401 -0.672166 0
    outer loop
      vertex 116.471 98.1213 4
      vertex 116.669 97.9032 0
      vertex 116.669 97.9032 4
    endloop
  endfacet
  facet normal -0.803858 -0.594821 0
    outer loop
      vertex 116.844 97.6667 0
      vertex 116.669 97.9032 4
      vertex 116.669 97.9032 0
    endloop
  endfacet
  facet normal -0.803858 -0.594821 0
    outer loop
      vertex 116.669 97.9032 4
      vertex 116.844 97.6667 0
      vertex 116.844 97.6667 4
    endloop
  endfacet
  facet normal -0.856744 -0.515743 0
    outer loop
      vertex 116.996 97.4142 0
      vertex 116.844 97.6667 4
      vertex 116.844 97.6667 0
    endloop
  endfacet
  facet normal -0.856744 -0.515743 0
    outer loop
      vertex 116.844 97.6667 4
      vertex 116.996 97.4142 0
      vertex 116.996 97.4142 4
    endloop
  endfacet
  facet normal -0.9038 -0.427955 0
    outer loop
      vertex 117.122 97.1481 0
      vertex 116.996 97.4142 4
      vertex 116.996 97.4142 0
    endloop
  endfacet
  facet normal -0.9038 -0.427955 0
    outer loop
      vertex 116.996 97.4142 4
      vertex 117.122 97.1481 0
      vertex 117.122 97.1481 4
    endloop
  endfacet
  facet normal -0.94178 -0.336229 0
    outer loop
      vertex 117.221 96.8708 0
      vertex 117.122 97.1481 4
      vertex 117.122 97.1481 0
    endloop
  endfacet
  facet normal -0.94178 -0.336229 0
    outer loop
      vertex 117.122 97.1481 4
      vertex 117.221 96.8708 0
      vertex 117.221 96.8708 4
    endloop
  endfacet
  facet normal -0.970442 -0.241336 0
    outer loop
      vertex 117.292 96.5853 0
      vertex 117.221 96.8708 4
      vertex 117.221 96.8708 0
    endloop
  endfacet
  facet normal -0.970442 -0.241336 0
    outer loop
      vertex 117.221 96.8708 4
      vertex 117.292 96.5853 0
      vertex 117.292 96.5853 4
    endloop
  endfacet
  facet normal -0.988776 -0.149403 0
    outer loop
      vertex 117.336 96.2941 0
      vertex 117.292 96.5853 4
      vertex 117.292 96.5853 0
    endloop
  endfacet
  facet normal -0.988776 -0.149403 0
    outer loop
      vertex 117.292 96.5853 4
      vertex 117.336 96.2941 0
      vertex 117.336 96.2941 4
    endloop
  endfacet
  facet normal -0.998869 -0.047549 0
    outer loop
      vertex 117.35 96 0
      vertex 117.336 96.2941 4
      vertex 117.336 96.2941 0
    endloop
  endfacet
  facet normal -0.998869 -0.047549 0
    outer loop
      vertex 117.336 96.2941 4
      vertex 117.35 96 0
      vertex 117.35 96 4
    endloop
  endfacet
  facet normal -1 0 0
    outer loop
      vertex 117.35 85.75 0
      vertex 117.35 96 4
      vertex 117.35 96 0
    endloop
  endfacet
  facet normal -1 -0 0
    outer loop
      vertex 117.35 96 4
      vertex 117.35 85.75 0
      vertex 117.35 85.75 4
    endloop
  endfacet
  facet normal -0.998869 0.047549 0
    outer loop
      vertex 117.336 85.4559 0
      vertex 117.35 85.75 4
      vertex 117.35 85.75 0
    endloop
  endfacet
  facet normal -0.998869 0.047549 0
    outer loop
      vertex 117.35 85.75 4
      vertex 117.336 85.4559 0
      vertex 117.336 85.4559 4
    endloop
  endfacet
  facet normal -0.988776 0.149403 0
    outer loop
      vertex 117.292 85.1647 0
      vertex 117.336 85.4559 4
      vertex 117.336 85.4559 0
    endloop
  endfacet
  facet normal -0.988776 0.149403 0
    outer loop
      vertex 117.336 85.4559 4
      vertex 117.292 85.1647 0
      vertex 117.292 85.1647 4
    endloop
  endfacet
  facet normal -0.970442 0.241336 0
    outer loop
      vertex 117.221 84.8792 0
      vertex 117.292 85.1647 4
      vertex 117.292 85.1647 0
    endloop
  endfacet
  facet normal -0.970442 0.241336 0
    outer loop
      vertex 117.292 85.1647 4
      vertex 117.221 84.8792 0
      vertex 117.221 84.8792 4
    endloop
  endfacet
  facet normal -0.94178 0.336229 0
    outer loop
      vertex 117.122 84.6019 0
      vertex 117.221 84.8792 4
      vertex 117.221 84.8792 0
    endloop
  endfacet
  facet normal -0.94178 0.336229 0
    outer loop
      vertex 117.221 84.8792 4
      vertex 117.122 84.6019 0
      vertex 117.122 84.6019 4
    endloop
  endfacet
  facet normal -0.9038 0.427955 0
    outer loop
      vertex 116.996 84.3358 0
      vertex 117.122 84.6019 4
      vertex 117.122 84.6019 0
    endloop
  endfacet
  facet normal -0.9038 0.427955 0
    outer loop
      vertex 117.122 84.6019 4
      vertex 116.996 84.3358 0
      vertex 116.996 84.3358 4
    endloop
  endfacet
  facet normal -0.856744 0.515743 0
    outer loop
      vertex 116.844 84.0833 0
      vertex 116.996 84.3358 4
      vertex 116.996 84.3358 0
    endloop
  endfacet
  facet normal -0.856744 0.515743 0
    outer loop
      vertex 116.996 84.3358 4
      vertex 116.844 84.0833 0
      vertex 116.844 84.0833 4
    endloop
  endfacet
  facet normal -0.803858 0.594821 0
    outer loop
      vertex 116.669 83.8468 0
      vertex 116.844 84.0833 4
      vertex 116.844 84.0833 0
    endloop
  endfacet
  facet normal -0.803858 0.594821 0
    outer loop
      vertex 116.844 84.0833 4
      vertex 116.669 83.8468 0
      vertex 116.669 83.8468 4
    endloop
  endfacet
  facet normal -0.740401 0.672166 0
    outer loop
      vertex 116.471 83.6287 0
      vertex 116.669 83.8468 4
      vertex 116.669 83.8468 0
    endloop
  endfacet
  facet normal -0.740401 0.672166 0
    outer loop
      vertex 116.669 83.8468 4
      vertex 116.471 83.6287 0
      vertex 116.471 83.6287 4
    endloop
  endfacet
  facet normal -0.671776 0.740754 0
    outer loop
      vertex 116.471 83.6287 0
      vertex 116.253 83.431 4
      vertex 116.471 83.6287 4
    endloop
  endfacet
  facet normal -0.671776 0.740754 0
    outer loop
      vertex 116.253 83.431 4
      vertex 116.471 83.6287 0
      vertex 116.253 83.431 0
    endloop
  endfacet
  facet normal -0.596512 0.802604 0
    outer loop
      vertex 116.253 83.431 0
      vertex 116.017 83.2556 4
      vertex 116.253 83.431 4
    endloop
  endfacet
  facet normal -0.596512 0.802604 0
    outer loop
      vertex 116.017 83.2556 4
      vertex 116.253 83.431 0
      vertex 116.017 83.2556 0
    endloop
  endfacet
  facet normal -0.513498 0.858091 0
    outer loop
      vertex 116.017 83.2556 0
      vertex 115.764 83.1042 4
      vertex 116.017 83.2556 4
    endloop
  endfacet
  facet normal -0.513498 0.858091 0
    outer loop
      vertex 115.764 83.1042 4
      vertex 116.017 83.2556 0
      vertex 115.764 83.1042 0
    endloop
  endfacet
  facet normal -0.427531 0.904001 0
    outer loop
      vertex 115.764 83.1042 0
      vertex 115.498 82.9784 4
      vertex 115.764 83.1042 4
    endloop
  endfacet
  facet normal -0.427531 0.904001 0
    outer loop
      vertex 115.498 82.9784 4
      vertex 115.764 83.1042 0
      vertex 115.498 82.9784 0
    endloop
  endfacet
  facet normal -0.337154 0.941449 0
    outer loop
      vertex 115.498 82.9784 0
      vertex 115.221 82.8792 4
      vertex 115.498 82.9784 4
    endloop
  endfacet
  facet normal -0.337154 0.941449 0
    outer loop
      vertex 115.221 82.8792 4
      vertex 115.498 82.9784 0
      vertex 115.221 82.8792 0
    endloop
  endfacet
  facet normal -0.242855 0.970063 0
    outer loop
      vertex 115.221 82.8792 0
      vertex 114.935 82.8076 4
      vertex 115.221 82.8792 4
    endloop
  endfacet
  facet normal -0.242855 0.970063 0
    outer loop
      vertex 114.935 82.8076 4
      vertex 115.221 82.8792 0
      vertex 114.935 82.8076 0
    endloop
  endfacet
  facet normal -0.146512 0.989209 0
    outer loop
      vertex 114.935 82.8076 0
      vertex 114.644 82.7645 4
      vertex 114.935 82.8076 4
    endloop
  endfacet
  facet normal -0.146512 0.989209 0
    outer loop
      vertex 114.644 82.7645 4
      vertex 114.935 82.8076 0
      vertex 114.644 82.7645 0
    endloop
  endfacet
  facet normal -0.0492599 0.998786 0
    outer loop
      vertex 114.644 82.7645 0
      vertex 114.35 82.75 4
      vertex 114.644 82.7645 4
    endloop
  endfacet
  facet normal -0.0492599 0.998786 0
    outer loop
      vertex 114.35 82.75 4
      vertex 114.644 82.7645 0
      vertex 114.35 82.75 0
    endloop
  endfacet
  facet normal 0 1 -0
    outer loop
      vertex 114.35 82.75 0
      vertex 90.5667 82.75 4
      vertex 114.35 82.75 4
    endloop
  endfacet
  facet normal 0 1 0
    outer loop
      vertex 90.5667 82.75 4
      vertex 114.35 82.75 0
      vertex 90.5667 82.75 0
    endloop
  endfacet
  facet normal 0.0492431 0.998787 -0
    outer loop
      vertex 19 82.75 0
      vertex 18.7059 82.7645 4
      vertex 19 82.75 4
    endloop
  endfacet
  facet normal 0.0492431 0.998787 0
    outer loop
      vertex 18.7059 82.7645 4
      vertex 19 82.75 0
      vertex 18.7059 82.7645 0
    endloop
  endfacet
  facet normal 0.146413 0.989224 -0
    outer loop
      vertex 18.7059 82.7645 0
      vertex 18.4147 82.8076 4
      vertex 18.7059 82.7645 4
    endloop
  endfacet
  facet normal 0.146413 0.989224 0
    outer loop
      vertex 18.4147 82.8076 4
      vertex 18.7059 82.7645 0
      vertex 18.4147 82.8076 0
    endloop
  endfacet
  facet normal 0.243255 0.969962 -0
    outer loop
      vertex 18.4147 82.8076 0
      vertex 18.1292 82.8792 4
      vertex 18.4147 82.8076 4
    endloop
  endfacet
  facet normal 0.243255 0.969962 0
    outer loop
      vertex 18.1292 82.8792 4
      vertex 18.4147 82.8076 0
      vertex 18.1292 82.8792 0
    endloop
  endfacet
  facet normal 0.336831 0.941565 -0
    outer loop
      vertex 18.1292 82.8792 0
      vertex 17.8519 82.9784 4
      vertex 18.1292 82.8792 4
    endloop
  endfacet
  facet normal 0.336831 0.941565 0
    outer loop
      vertex 17.8519 82.9784 4
      vertex 18.1292 82.8792 0
      vertex 17.8519 82.9784 0
    endloop
  endfacet
  facet normal 0.4274 0.904063 -0
    outer loop
      vertex 17.8519 82.9784 0
      vertex 17.5858 83.1042 4
      vertex 17.8519 82.9784 4
    endloop
  endfacet
  facet normal 0.4274 0.904063 0
    outer loop
      vertex 17.5858 83.1042 4
      vertex 17.8519 82.9784 0
      vertex 17.5858 83.1042 0
    endloop
  endfacet
  facet normal 0.514246 0.857643 -0
    outer loop
      vertex 17.5858 83.1042 0
      vertex 17.3333 83.2556 4
      vertex 17.5858 83.1042 4
    endloop
  endfacet
  facet normal 0.514246 0.857643 0
    outer loop
      vertex 17.3333 83.2556 4
      vertex 17.5858 83.1042 0
      vertex 17.3333 83.2556 0
    endloop
  endfacet
  facet normal 0.595699 0.803208 -0
    outer loop
      vertex 17.3333 83.2556 0
      vertex 17.0968 83.431 4
      vertex 17.3333 83.2556 4
    endloop
  endfacet
  facet normal 0.595699 0.803208 0
    outer loop
      vertex 17.0968 83.431 4
      vertex 17.3333 83.2556 0
      vertex 17.0968 83.431 0
    endloop
  endfacet
  facet normal 0.671607 0.740908 -0
    outer loop
      vertex 17.0968 83.431 0
      vertex 16.8787 83.6287 4
      vertex 17.0968 83.431 4
    endloop
  endfacet
  facet normal 0.671607 0.740908 0
    outer loop
      vertex 16.8787 83.6287 4
      vertex 17.0968 83.431 0
      vertex 16.8787 83.6287 0
    endloop
  endfacet
  facet normal 0.740908 0.671607 0
    outer loop
      vertex 16.8787 83.6287 4
      vertex 16.681 83.8468 0
      vertex 16.681 83.8468 4
    endloop
  endfacet
  facet normal 0.740908 0.671607 0
    outer loop
      vertex 16.681 83.8468 0
      vertex 16.8787 83.6287 4
      vertex 16.8787 83.6287 0
    endloop
  endfacet
  facet normal 0.803208 0.595699 0
    outer loop
      vertex 16.681 83.8468 4
      vertex 16.5056 84.0833 0
      vertex 16.5056 84.0833 4
    endloop
  endfacet
  facet normal 0.803208 0.595699 0
    outer loop
      vertex 16.5056 84.0833 0
      vertex 16.681 83.8468 4
      vertex 16.681 83.8468 0
    endloop
  endfacet
  facet normal 0.857643 0.514246 0
    outer loop
      vertex 16.5056 84.0833 4
      vertex 16.3542 84.3358 0
      vertex 16.3542 84.3358 4
    endloop
  endfacet
  facet normal 0.857643 0.514246 0
    outer loop
      vertex 16.3542 84.3358 0
      vertex 16.5056 84.0833 4
      vertex 16.5056 84.0833 0
    endloop
  endfacet
  facet normal 0.904063 0.4274 0
    outer loop
      vertex 16.3542 84.3358 4
      vertex 16.2284 84.6019 0
      vertex 16.2284 84.6019 4
    endloop
  endfacet
  facet normal 0.904063 0.4274 0
    outer loop
      vertex 16.2284 84.6019 0
      vertex 16.3542 84.3358 4
      vertex 16.3542 84.3358 0
    endloop
  endfacet
  facet normal 0.941565 0.336831 0
    outer loop
      vertex 16.2284 84.6019 4
      vertex 16.1292 84.8792 0
      vertex 16.1292 84.8792 4
    endloop
  endfacet
  facet normal 0.941565 0.336831 0
    outer loop
      vertex 16.1292 84.8792 0
      vertex 16.2284 84.6019 4
      vertex 16.2284 84.6019 0
    endloop
  endfacet
  facet normal 0.969962 0.243255 0
    outer loop
      vertex 16.1292 84.8792 4
      vertex 16.0576 85.1647 0
      vertex 16.0576 85.1647 4
    endloop
  endfacet
  facet normal 0.969962 0.243255 0
    outer loop
      vertex 16.0576 85.1647 0
      vertex 16.1292 84.8792 4
      vertex 16.1292 84.8792 0
    endloop
  endfacet
  facet normal 0.989224 0.146413 0
    outer loop
      vertex 16.0576 85.1647 4
      vertex 16.0145 85.4559 0
      vertex 16.0145 85.4559 4
    endloop
  endfacet
  facet normal 0.989224 0.146413 0
    outer loop
      vertex 16.0145 85.4559 0
      vertex 16.0576 85.1647 4
      vertex 16.0576 85.1647 0
    endloop
  endfacet
  facet normal 0.998787 0.0492431 0
    outer loop
      vertex 16.0145 85.4559 4
      vertex 16 85.75 0
      vertex 16 85.75 4
    endloop
  endfacet
  facet normal 0.998787 0.0492431 0
    outer loop
      vertex 16 85.75 0
      vertex 16.0145 85.4559 4
      vertex 16.0145 85.4559 0
    endloop
  endfacet
  facet normal 1 -0 0
    outer loop
      vertex 16 85.75 4
      vertex 16 96 0
      vertex 16 96 4
    endloop
  endfacet
  facet normal 1 0 0
    outer loop
      vertex 16 96 0
      vertex 16 85.75 4
      vertex 16 85.75 0
    endloop
  endfacet
  facet normal 0.998787 -0.0492431 0
    outer loop
      vertex 16 96 4
      vertex 16.0145 96.2941 0
      vertex 16.0145 96.2941 4
    endloop
  endfacet
  facet normal 0.998787 -0.0492431 0
    outer loop
      vertex 16.0145 96.2941 0
      vertex 16 96 4
      vertex 16 96 0
    endloop
  endfacet
  facet normal 0.989224 -0.146413 0
    outer loop
      vertex 16.0145 96.2941 4
      vertex 16.0576 96.5853 0
      vertex 16.0576 96.5853 4
    endloop
  endfacet
  facet normal 0.989224 -0.146413 0
    outer loop
      vertex 16.0576 96.5853 0
      vertex 16.0145 96.2941 4
      vertex 16.0145 96.2941 0
    endloop
  endfacet
  facet normal 0.969962 -0.243255 0
    outer loop
      vertex 16.0576 96.5853 4
      vertex 16.1292 96.8708 0
      vertex 16.1292 96.8708 4
    endloop
  endfacet
  facet normal 0.969962 -0.243255 0
    outer loop
      vertex 16.1292 96.8708 0
      vertex 16.0576 96.5853 4
      vertex 16.0576 96.5853 0
    endloop
  endfacet
  facet normal 0.941565 -0.336831 0
    outer loop
      vertex 16.1292 96.8708 4
      vertex 16.2284 97.1481 0
      vertex 16.2284 97.1481 4
    endloop
  endfacet
  facet normal 0.941565 -0.336831 0
    outer loop
      vertex 16.2284 97.1481 0
      vertex 16.1292 96.8708 4
      vertex 16.1292 96.8708 0
    endloop
  endfacet
  facet normal 0.904063 -0.4274 0
    outer loop
      vertex 16.2284 97.1481 4
      vertex 16.3542 97.4142 0
      vertex 16.3542 97.4142 4
    endloop
  endfacet
  facet normal 0.904063 -0.4274 0
    outer loop
      vertex 16.3542 97.4142 0
      vertex 16.2284 97.1481 4
      vertex 16.2284 97.1481 0
    endloop
  endfacet
  facet normal 0.857643 -0.514246 0
    outer loop
      vertex 16.3542 97.4142 4
      vertex 16.5056 97.6667 0
      vertex 16.5056 97.6667 4
    endloop
  endfacet
  facet normal 0.857643 -0.514246 0
    outer loop
      vertex 16.5056 97.6667 0
      vertex 16.3542 97.4142 4
      vertex 16.3542 97.4142 0
    endloop
  endfacet
  facet normal 0.803208 -0.595699 0
    outer loop
      vertex 16.5056 97.6667 4
      vertex 16.681 97.9032 0
      vertex 16.681 97.9032 4
    endloop
  endfacet
  facet normal 0.803208 -0.595699 0
    outer loop
      vertex 16.681 97.9032 0
      vertex 16.5056 97.6667 4
      vertex 16.5056 97.6667 0
    endloop
  endfacet
  facet normal 0.740908 -0.671607 0
    outer loop
      vertex 16.681 97.9032 4
      vertex 16.8787 98.1213 0
      vertex 16.8787 98.1213 4
    endloop
  endfacet
  facet normal 0.740908 -0.671607 0
    outer loop
      vertex 16.8787 98.1213 0
      vertex 16.681 97.9032 4
      vertex 16.681 97.9032 0
    endloop
  endfacet
  facet normal 0.671607 -0.740908 0
    outer loop
      vertex 16.8787 98.1213 0
      vertex 17.0968 98.319 4
      vertex 16.8787 98.1213 4
    endloop
  endfacet
  facet normal 0.671607 -0.740908 0
    outer loop
      vertex 17.0968 98.319 4
      vertex 16.8787 98.1213 0
      vertex 17.0968 98.319 0
    endloop
  endfacet
  facet normal 0.595699 -0.803208 0
    outer loop
      vertex 17.0968 98.319 0
      vertex 17.3333 98.4944 4
      vertex 17.0968 98.319 4
    endloop
  endfacet
  facet normal 0.595699 -0.803208 0
    outer loop
      vertex 17.3333 98.4944 4
      vertex 17.0968 98.319 0
      vertex 17.3333 98.4944 0
    endloop
  endfacet
  facet normal 0.514246 -0.857643 0
    outer loop
      vertex 17.3333 98.4944 0
      vertex 17.5858 98.6458 4
      vertex 17.3333 98.4944 4
    endloop
  endfacet
  facet normal 0.514246 -0.857643 0
    outer loop
      vertex 17.5858 98.6458 4
      vertex 17.3333 98.4944 0
      vertex 17.5858 98.6458 0
    endloop
  endfacet
  facet normal 0.4274 -0.904063 0
    outer loop
      vertex 17.5858 98.6458 0
      vertex 17.8519 98.7716 4
      vertex 17.5858 98.6458 4
    endloop
  endfacet
  facet normal 0.4274 -0.904063 0
    outer loop
      vertex 17.8519 98.7716 4
      vertex 17.5858 98.6458 0
      vertex 17.8519 98.7716 0
    endloop
  endfacet
  facet normal 0.336831 -0.941565 0
    outer loop
      vertex 17.8519 98.7716 0
      vertex 18.1292 98.8708 4
      vertex 17.8519 98.7716 4
    endloop
  endfacet
  facet normal 0.336831 -0.941565 0
    outer loop
      vertex 18.1292 98.8708 4
      vertex 17.8519 98.7716 0
      vertex 18.1292 98.8708 0
    endloop
  endfacet
  facet normal 0.243255 -0.969962 0
    outer loop
      vertex 18.1292 98.8708 0
      vertex 18.4147 98.9424 4
      vertex 18.1292 98.8708 4
    endloop
  endfacet
  facet normal 0.243255 -0.969962 0
    outer loop
      vertex 18.4147 98.9424 4
      vertex 18.1292 98.8708 0
      vertex 18.4147 98.9424 0
    endloop
  endfacet
  facet normal 0.146413 -0.989224 0
    outer loop
      vertex 18.4147 98.9424 0
      vertex 18.7059 98.9855 4
      vertex 18.4147 98.9424 4
    endloop
  endfacet
  facet normal 0.146413 -0.989224 0
    outer loop
      vertex 18.7059 98.9855 4
      vertex 18.4147 98.9424 0
      vertex 18.7059 98.9855 0
    endloop
  endfacet
  facet normal 0.0492431 -0.998787 0
    outer loop
      vertex 18.7059 98.9855 0
      vertex 19 99 4
      vertex 18.7059 98.9855 4
    endloop
  endfacet
  facet normal 0.0492431 -0.998787 0
    outer loop
      vertex 19 99 4
      vertex 18.7059 98.9855 0
      vertex 19 99 0
    endloop
  endfacet
  facet normal 0 -1 0
    outer loop
      vertex 19 99 0
      vertex 42.7833 99 4
      vertex 19 99 4
    endloop
  endfacet
  facet normal 0 -1 -0
    outer loop
      vertex 42.7833 99 4
      vertex 19 99 0
      vertex 42.7833 99 0
    endloop
  endfacet
  facet normal -0.0492431 -0.998787 0
    outer loop
      vertex 42.7833 99 0
      vertex 43.0774 98.9855 4
      vertex 42.7833 99 4
    endloop
  endfacet
  facet normal -0.0492431 -0.998787 -0
    outer loop
      vertex 43.0774 98.9855 4
      vertex 42.7833 99 0
      vertex 43.0774 98.9855 0
    endloop
  endfacet
  facet normal -0.146413 -0.989224 0
    outer loop
      vertex 43.0774 98.9855 0
      vertex 43.3686 98.9424 4
      vertex 43.0774 98.9855 4
    endloop
  endfacet
  facet normal -0.146413 -0.989224 -0
    outer loop
      vertex 43.3686 98.9424 4
      vertex 43.0774 98.9855 0
      vertex 43.3686 98.9424 0
    endloop
  endfacet
  facet normal -0.243175 -0.969982 0
    outer loop
      vertex 43.3686 98.9424 0
      vertex 43.6542 98.8708 4
      vertex 43.3686 98.9424 4
    endloop
  endfacet
  facet normal -0.243175 -0.969982 -0
    outer loop
      vertex 43.6542 98.8708 4
      vertex 43.3686 98.9424 0
      vertex 43.6542 98.8708 0
    endloop
  endfacet
  facet normal -0.336939 -0.941527 0
    outer loop
      vertex 43.6542 98.8708 0
      vertex 43.9314 98.7716 4
      vertex 43.6542 98.8708 4
    endloop
  endfacet
  facet normal -0.336939 -0.941527 -0
    outer loop
      vertex 43.9314 98.7716 4
      vertex 43.6542 98.8708 0
      vertex 43.9314 98.7716 0
    endloop
  endfacet
  facet normal -0.4274 -0.904063 0
    outer loop
      vertex 43.9314 98.7716 0
      vertex 44.1975 98.6458 4
      vertex 43.9314 98.7716 4
    endloop
  endfacet
  facet normal -0.4274 -0.904063 -0
    outer loop
      vertex 44.1975 98.6458 4
      vertex 43.9314 98.7716 0
      vertex 44.1975 98.6458 0
    endloop
  endfacet
  facet normal -0.514246 -0.857643 0
    outer loop
      vertex 44.1975 98.6458 0
      vertex 44.45 98.4944 4
      vertex 44.1975 98.6458 4
    endloop
  endfacet
  facet normal -0.514246 -0.857643 -0
    outer loop
      vertex 44.45 98.4944 4
      vertex 44.1975 98.6458 0
      vertex 44.45 98.4944 0
    endloop
  endfacet
  facet normal -0.595699 -0.803208 0
    outer loop
      vertex 44.45 98.4944 0
      vertex 44.6865 98.319 4
      vertex 44.45 98.4944 4
    endloop
  endfacet
  facet normal -0.595699 -0.803208 -0
    outer loop
      vertex 44.6865 98.319 4
      vertex 44.45 98.4944 0
      vertex 44.6865 98.319 0
    endloop
  endfacet
  facet normal -0.671607 -0.740908 0
    outer loop
      vertex 44.6865 98.319 0
      vertex 44.9046 98.1213 4
      vertex 44.6865 98.319 4
    endloop
  endfacet
  facet normal -0.671607 -0.740908 -0
    outer loop
      vertex 44.9046 98.1213 4
      vertex 44.6865 98.319 0
      vertex 44.9046 98.1213 0
    endloop
  endfacet
  facet normal -0.740739 -0.671793 0
    outer loop
      vertex 45.1024 97.9032 0
      vertex 44.9046 98.1213 4
      vertex 44.9046 98.1213 0
    endloop
  endfacet
  facet normal -0.740739 -0.671793 0
    outer loop
      vertex 44.9046 98.1213 4
      vertex 45.1024 97.9032 0
      vertex 45.1024 97.9032 4
    endloop
  endfacet
  facet normal -0.803371 -0.595479 0
    outer loop
      vertex 45.2777 97.6667 0
      vertex 45.1024 97.9032 4
      vertex 45.1024 97.9032 0
    endloop
  endfacet
  facet normal -0.803371 -0.595479 0
    outer loop
      vertex 45.1024 97.9032 4
      vertex 45.2777 97.6667 0
      vertex 45.2777 97.6667 4
    endloop
  endfacet
  facet normal -0.857643 -0.514246 0
    outer loop
      vertex 45.4291 97.4142 0
      vertex 45.2777 97.6667 4
      vertex 45.2777 97.6667 0
    endloop
  endfacet
  facet normal -0.857643 -0.514246 0
    outer loop
      vertex 45.2777 97.6667 4
      vertex 45.4291 97.4142 0
      vertex 45.4291 97.4142 4
    endloop
  endfacet
  facet normal -0.903931 -0.427677 0
    outer loop
      vertex 45.555 97.1481 0
      vertex 45.4291 97.4142 4
      vertex 45.4291 97.4142 0
    endloop
  endfacet
  facet normal -0.903931 -0.427677 0
    outer loop
      vertex 45.4291 97.4142 4
      vertex 45.555 97.1481 0
      vertex 45.555 97.1481 4
    endloop
  endfacet
  facet normal -0.941673 -0.33653 0
    outer loop
      vertex 45.6541 96.8708 0
      vertex 45.555 97.1481 4
      vertex 45.555 97.1481 0
    endloop
  endfacet
  facet normal -0.941673 -0.33653 0
    outer loop
      vertex 45.555 97.1481 4
      vertex 45.6541 96.8708 0
      vertex 45.6541 96.8708 4
    endloop
  endfacet
  facet normal -0.969962 -0.243255 0
    outer loop
      vertex 45.7257 96.5853 0
      vertex 45.6541 96.8708 4
      vertex 45.6541 96.8708 0
    endloop
  endfacet
  facet normal -0.969962 -0.243255 0
    outer loop
      vertex 45.6541 96.8708 4
      vertex 45.7257 96.5853 0
      vertex 45.7257 96.5853 4
    endloop
  endfacet
  facet normal -0.989174 -0.146746 0
    outer loop
      vertex 45.7689 96.2941 0
      vertex 45.7257 96.5853 4
      vertex 45.7257 96.5853 0
    endloop
  endfacet
  facet normal -0.989174 -0.146746 0
    outer loop
      vertex 45.7257 96.5853 4
      vertex 45.7689 96.2941 0
      vertex 45.7689 96.2941 4
    endloop
  endfacet
  facet normal -0.998803 -0.0489044 0
    outer loop
      vertex 45.7833 96 0
      vertex 45.7689 96.2941 4
      vertex 45.7689 96.2941 0
    endloop
  endfacet
  facet normal -0.998803 -0.0489044 0
    outer loop
      vertex 45.7689 96.2941 4
      vertex 45.7833 96 0
      vertex 45.7833 96 4
    endloop
  endfacet
  facet normal -1 0 0
    outer loop
      vertex 45.7833 85.75 0
      vertex 45.7833 96 4
      vertex 45.7833 96 0
    endloop
  endfacet
  facet normal -1 -0 0
    outer loop
      vertex 45.7833 96 4
      vertex 45.7833 85.75 0
      vertex 45.7833 85.75 4
    endloop
  endfacet
  facet normal -0.998803 0.0489044 0
    outer loop
      vertex 45.7689 85.4559 0
      vertex 45.7833 85.75 4
      vertex 45.7833 85.75 0
    endloop
  endfacet
  facet normal -0.998803 0.0489044 0
    outer loop
      vertex 45.7833 85.75 4
      vertex 45.7689 85.4559 0
      vertex 45.7689 85.4559 4
    endloop
  endfacet
  facet normal -0.989174 0.146746 0
    outer loop
      vertex 45.7257 85.1647 0
      vertex 45.7689 85.4559 4
      vertex 45.7689 85.4559 0
    endloop
  endfacet
  facet normal -0.989174 0.146746 0
    outer loop
      vertex 45.7689 85.4559 4
      vertex 45.7257 85.1647 0
      vertex 45.7257 85.1647 4
    endloop
  endfacet
  facet normal -0.969962 0.243255 0
    outer loop
      vertex 45.6541 84.8792 0
      vertex 45.7257 85.1647 4
      vertex 45.7257 85.1647 0
    endloop
  endfacet
  facet normal -0.969962 0.243255 0
    outer loop
      vertex 45.7257 85.1647 4
      vertex 45.6541 84.8792 0
      vertex 45.6541 84.8792 4
    endloop
  endfacet
  facet normal -0.941673 0.33653 0
    outer loop
      vertex 45.555 84.6019 0
      vertex 45.6541 84.8792 4
      vertex 45.6541 84.8792 0
    endloop
  endfacet
  facet normal -0.941673 0.33653 0
    outer loop
      vertex 45.6541 84.8792 4
      vertex 45.555 84.6019 0
      vertex 45.555 84.6019 4
    endloop
  endfacet
  facet normal -0.903931 0.427677 0
    outer loop
      vertex 45.4291 84.3358 0
      vertex 45.555 84.6019 4
      vertex 45.555 84.6019 0
    endloop
  endfacet
  facet normal -0.903931 0.427677 0
    outer loop
      vertex 45.555 84.6019 4
      vertex 45.4291 84.3358 0
      vertex 45.4291 84.3358 4
    endloop
  endfacet
  facet normal -0.857643 0.514246 0
    outer loop
      vertex 45.2777 84.0833 0
      vertex 45.4291 84.3358 4
      vertex 45.4291 84.3358 0
    endloop
  endfacet
  facet normal -0.857643 0.514246 0
    outer loop
      vertex 45.4291 84.3358 4
      vertex 45.2777 84.0833 0
      vertex 45.2777 84.0833 4
    endloop
  endfacet
  facet normal -0.803371 0.595479 0
    outer loop
      vertex 45.1024 83.8468 0
      vertex 45.2777 84.0833 4
      vertex 45.2777 84.0833 0
    endloop
  endfacet
  facet normal -0.803371 0.595479 0
    outer loop
      vertex 45.2777 84.0833 4
      vertex 45.1024 83.8468 0
      vertex 45.1024 83.8468 4
    endloop
  endfacet
  facet normal -0.740739 0.671793 0
    outer loop
      vertex 44.9046 83.6287 0
      vertex 45.1024 83.8468 4
      vertex 45.1024 83.8468 0
    endloop
  endfacet
  facet normal -0.740739 0.671793 0
    outer loop
      vertex 45.1024 83.8468 4
      vertex 44.9046 83.6287 0
      vertex 44.9046 83.6287 4
    endloop
  endfacet
  facet normal -0.671607 0.740908 0
    outer loop
      vertex 44.9046 83.6287 0
      vertex 44.6865 83.431 4
      vertex 44.9046 83.6287 4
    endloop
  endfacet
  facet normal -0.671607 0.740908 0
    outer loop
      vertex 44.6865 83.431 4
      vertex 44.9046 83.6287 0
      vertex 44.6865 83.431 0
    endloop
  endfacet
  facet normal -0.595699 0.803208 0
    outer loop
      vertex 44.6865 83.431 0
      vertex 44.45 83.2556 4
      vertex 44.6865 83.431 4
    endloop
  endfacet
  facet normal -0.595699 0.803208 0
    outer loop
      vertex 44.45 83.2556 4
      vertex 44.6865 83.431 0
      vertex 44.45 83.2556 0
    endloop
  endfacet
  facet normal -0.514246 0.857643 0
    outer loop
      vertex 44.45 83.2556 0
      vertex 44.1975 83.1042 4
      vertex 44.45 83.2556 4
    endloop
  endfacet
  facet normal -0.514246 0.857643 0
    outer loop
      vertex 44.1975 83.1042 4
      vertex 44.45 83.2556 0
      vertex 44.1975 83.1042 0
    endloop
  endfacet
  facet normal -0.4274 0.904063 0
    outer loop
      vertex 44.1975 83.1042 0
      vertex 43.9314 82.9784 4
      vertex 44.1975 83.1042 4
    endloop
  endfacet
  facet normal -0.4274 0.904063 0
    outer loop
      vertex 43.9314 82.9784 4
      vertex 44.1975 83.1042 0
      vertex 43.9314 82.9784 0
    endloop
  endfacet
  facet normal -0.336939 0.941527 0
    outer loop
      vertex 43.9314 82.9784 0
      vertex 43.6542 82.8792 4
      vertex 43.9314 82.9784 4
    endloop
  endfacet
  facet normal -0.336939 0.941527 0
    outer loop
      vertex 43.6542 82.8792 4
      vertex 43.9314 82.9784 0
      vertex 43.6542 82.8792 0
    endloop
  endfacet
  facet normal -0.243175 0.969982 0
    outer loop
      vertex 43.6542 82.8792 0
      vertex 43.3686 82.8076 4
      vertex 43.6542 82.8792 4
    endloop
  endfacet
  facet normal -0.243175 0.969982 0
    outer loop
      vertex 43.3686 82.8076 4
      vertex 43.6542 82.8792 0
      vertex 43.3686 82.8076 0
    endloop
  endfacet
  facet normal -0.146413 0.989224 0
    outer loop
      vertex 43.3686 82.8076 0
      vertex 43.0774 82.7645 4
      vertex 43.3686 82.8076 4
    endloop
  endfacet
  facet normal -0.146413 0.989224 0
    outer loop
      vertex 43.0774 82.7645 4
      vertex 43.3686 82.8076 0
      vertex 43.0774 82.7645 0
    endloop
  endfacet
  facet normal -0.0492431 0.998787 0
    outer loop
      vertex 43.0774 82.7645 0
      vertex 42.7833 82.75 4
      vertex 43.0774 82.7645 4
    endloop
  endfacet
  facet normal -0.0492431 0.998787 0
    outer loop
      vertex 42.7833 82.75 4
      vertex 43.0774 82.7645 0
      vertex 42.7833 82.75 0
    endloop
  endfacet
  facet normal 0 1 -0
    outer loop
      vertex 42.7833 82.75 0
      vertex 19 82.75 4
      vertex 42.7833 82.75 4
    endloop
  endfacet
  facet normal 0 1 0
    outer loop
      vertex 19 82.75 4
      vertex 42.7833 82.75 0
      vertex 19 82.75 0
    endloop
  endfacet
  facet normal 0.0492599 0.998786 -0
    outer loop
      vertex 54.7833 60.5 0
      vertex 54.4893 60.5145 4
      vertex 54.7833 60.5 4
    endloop
  endfacet
  facet normal 0.0492599 0.998786 0
    outer loop
      vertex 54.4893 60.5145 4
      vertex 54.7833 60.5 0
      vertex 54.4893 60.5145 0
    endloop
  endfacet
  facet normal 0.146413 0.989224 -0
    outer loop
      vertex 54.4893 60.5145 0
      vertex 54.1981 60.5576 4
      vertex 54.4893 60.5145 4
    endloop
  endfacet
  facet normal 0.146413 0.989224 0
    outer loop
      vertex 54.1981 60.5576 4
      vertex 54.4893 60.5145 0
      vertex 54.1981 60.5576 0
    endloop
  endfacet
  facet normal 0.243175 0.969982 -0
    outer loop
      vertex 54.1981 60.5576 0
      vertex 53.9125 60.6292 4
      vertex 54.1981 60.5576 4
    endloop
  endfacet
  facet normal 0.243175 0.969982 0
    outer loop
      vertex 53.9125 60.6292 4
      vertex 54.1981 60.5576 0
      vertex 53.9125 60.6292 0
    endloop
  endfacet
  facet normal 0.336939 0.941527 -0
    outer loop
      vertex 53.9125 60.6292 0
      vertex 53.6353 60.7284 4
      vertex 53.9125 60.6292 4
    endloop
  endfacet
  facet normal 0.336939 0.941527 0
    outer loop
      vertex 53.6353 60.7284 4
      vertex 53.9125 60.6292 0
      vertex 53.6353 60.7284 0
    endloop
  endfacet
  facet normal 0.427269 0.904125 -0
    outer loop
      vertex 53.6353 60.7284 0
      vertex 53.3691 60.8542 4
      vertex 53.6353 60.7284 4
    endloop
  endfacet
  facet normal 0.427269 0.904125 0
    outer loop
      vertex 53.3691 60.8542 4
      vertex 53.6353 60.7284 0
      vertex 53.3691 60.8542 0
    endloop
  endfacet
  facet normal 0.514246 0.857643 -0
    outer loop
      vertex 53.3691 60.8542 0
      vertex 53.1166 61.0056 4
      vertex 53.3691 60.8542 4
    endloop
  endfacet
  facet normal 0.514246 0.857643 0
    outer loop
      vertex 53.1166 61.0056 4
      vertex 53.3691 60.8542 0
      vertex 53.1166 61.0056 0
    endloop
  endfacet
  facet normal 0.595699 0.803208 -0
    outer loop
      vertex 53.1166 61.0056 0
      vertex 52.8801 61.181 4
      vertex 53.1166 61.0056 4
    endloop
  endfacet
  facet normal 0.595699 0.803208 0
    outer loop
      vertex 52.8801 61.181 4
      vertex 53.1166 61.0056 0
      vertex 52.8801 61.181 0
    endloop
  endfacet
  facet normal 0.671607 0.740908 -0
    outer loop
      vertex 52.8801 61.181 0
      vertex 52.662 61.3787 4
      vertex 52.8801 61.181 4
    endloop
  endfacet
  facet normal 0.671607 0.740908 0
    outer loop
      vertex 52.662 61.3787 4
      vertex 52.8801 61.181 0
      vertex 52.662 61.3787 0
    endloop
  endfacet
  facet normal 0.740908 0.671607 0
    outer loop
      vertex 52.662 61.3787 4
      vertex 52.4643 61.5968 0
      vertex 52.4643 61.5968 4
    endloop
  endfacet
  facet normal 0.740908 0.671607 0
    outer loop
      vertex 52.4643 61.5968 0
      vertex 52.662 61.3787 4
      vertex 52.662 61.3787 0
    endloop
  endfacet
  facet normal 0.803208 0.595699 0
    outer loop
      vertex 52.4643 61.5968 4
      vertex 52.2889 61.8333 0
      vertex 52.2889 61.8333 4
    endloop
  endfacet
  facet normal 0.803208 0.595699 0
    outer loop
      vertex 52.2889 61.8333 0
      vertex 52.4643 61.5968 4
      vertex 52.4643 61.5968 0
    endloop
  endfacet
  facet normal 0.857793 0.513996 0
    outer loop
      vertex 52.2889 61.8333 4
      vertex 52.1376 62.0858 0
      vertex 52.1376 62.0858 4
    endloop
  endfacet
  facet normal 0.857793 0.513996 0
    outer loop
      vertex 52.1376 62.0858 0
      vertex 52.2889 61.8333 4
      vertex 52.2889 61.8333 0
    endloop
  endfacet
  facet normal 0.903931 0.427677 0
    outer loop
      vertex 52.1376 62.0858 4
      vertex 52.0117 62.3519 0
      vertex 52.0117 62.3519 4
    endloop
  endfacet
  facet normal 0.903931 0.427677 0
    outer loop
      vertex 52.0117 62.3519 0
      vertex 52.1376 62.0858 4
      vertex 52.1376 62.0858 0
    endloop
  endfacet
  facet normal 0.941565 0.336831 0
    outer loop
      vertex 52.0117 62.3519 4
      vertex 51.9125 62.6292 0
      vertex 51.9125 62.6292 4
    endloop
  endfacet
  facet normal 0.941565 0.336831 0
    outer loop
      vertex 51.9125 62.6292 0
      vertex 52.0117 62.3519 4
      vertex 52.0117 62.3519 0
    endloop
  endfacet
  facet normal 0.970042 0.242935 0
    outer loop
      vertex 51.9125 62.6292 4
      vertex 51.841 62.9147 0
      vertex 51.841 62.9147 4
    endloop
  endfacet
  facet normal 0.970042 0.242935 0
    outer loop
      vertex 51.841 62.9147 0
      vertex 51.9125 62.6292 4
      vertex 51.9125 62.6292 0
    endloop
  endfacet
  facet normal 0.989174 0.146746 0
    outer loop
      vertex 51.841 62.9147 4
      vertex 51.7978 63.2059 0
      vertex 51.7978 63.2059 4
    endloop
  endfacet
  facet normal 0.989174 0.146746 0
    outer loop
      vertex 51.7978 63.2059 0
      vertex 51.841 62.9147 4
      vertex 51.841 62.9147 0
    endloop
  endfacet
  facet normal 0.998787 0.0492431 0
    outer loop
      vertex 51.7978 63.2059 4
      vertex 51.7833 63.5 0
      vertex 51.7833 63.5 4
    endloop
  endfacet
  facet normal 0.998787 0.0492431 0
    outer loop
      vertex 51.7833 63.5 0
      vertex 51.7978 63.2059 4
      vertex 51.7978 63.2059 0
    endloop
  endfacet
  facet normal 1 -0 0
    outer loop
      vertex 51.7833 63.5 4
      vertex 51.7833 73.75 0
      vertex 51.7833 73.75 4
    endloop
  endfacet
  facet normal 1 0 0
    outer loop
      vertex 51.7833 73.75 0
      vertex 51.7833 63.5 4
      vertex 51.7833 63.5 0
    endloop
  endfacet
  facet normal 0.998787 -0.0492431 0
    outer loop
      vertex 51.7833 73.75 4
      vertex 51.7978 74.0441 0
      vertex 51.7978 74.0441 4
    endloop
  endfacet
  facet normal 0.998787 -0.0492431 0
    outer loop
      vertex 51.7978 74.0441 0
      vertex 51.7833 73.75 4
      vertex 51.7833 73.75 0
    endloop
  endfacet
  facet normal 0.989174 -0.146746 0
    outer loop
      vertex 51.7978 74.0441 4
      vertex 51.841 74.3353 0
      vertex 51.841 74.3353 4
    endloop
  endfacet
  facet normal 0.989174 -0.146746 0
    outer loop
      vertex 51.841 74.3353 0
      vertex 51.7978 74.0441 4
      vertex 51.7978 74.0441 0
    endloop
  endfacet
  facet normal 0.970042 -0.242935 0
    outer loop
      vertex 51.841 74.3353 4
      vertex 51.9125 74.6208 0
      vertex 51.9125 74.6208 4
    endloop
  endfacet
  facet normal 0.970042 -0.242935 0
    outer loop
      vertex 51.9125 74.6208 0
      vertex 51.841 74.3353 4
      vertex 51.841 74.3353 0
    endloop
  endfacet
  facet normal 0.941565 -0.336831 0
    outer loop
      vertex 51.9125 74.6208 4
      vertex 52.0117 74.8981 0
      vertex 52.0117 74.8981 4
    endloop
  endfacet
  facet normal 0.941565 -0.336831 0
    outer loop
      vertex 52.0117 74.8981 0
      vertex 51.9125 74.6208 4
      vertex 51.9125 74.6208 0
    endloop
  endfacet
  facet normal 0.903931 -0.427677 0
    outer loop
      vertex 52.0117 74.8981 4
      vertex 52.1376 75.1642 0
      vertex 52.1376 75.1642 4
    endloop
  endfacet
  facet normal 0.903931 -0.427677 0
    outer loop
      vertex 52.1376 75.1642 0
      vertex 52.0117 74.8981 4
      vertex 52.0117 74.8981 0
    endloop
  endfacet
  facet normal 0.857793 -0.513996 0
    outer loop
      vertex 52.1376 75.1642 4
      vertex 52.2889 75.4167 0
      vertex 52.2889 75.4167 4
    endloop
  endfacet
  facet normal 0.857793 -0.513996 0
    outer loop
      vertex 52.2889 75.4167 0
      vertex 52.1376 75.1642 4
      vertex 52.1376 75.1642 0
    endloop
  endfacet
  facet normal 0.803208 -0.595699 0
    outer loop
      vertex 52.2889 75.4167 4
      vertex 52.4643 75.6532 0
      vertex 52.4643 75.6532 4
    endloop
  endfacet
  facet normal 0.803208 -0.595699 0
    outer loop
      vertex 52.4643 75.6532 0
      vertex 52.2889 75.4167 4
      vertex 52.2889 75.4167 0
    endloop
  endfacet
  facet normal 0.740908 -0.671607 0
    outer loop
      vertex 52.4643 75.6532 4
      vertex 52.662 75.8713 0
      vertex 52.662 75.8713 4
    endloop
  endfacet
  facet normal 0.740908 -0.671607 0
    outer loop
      vertex 52.662 75.8713 0
      vertex 52.4643 75.6532 4
      vertex 52.4643 75.6532 0
    endloop
  endfacet
  facet normal 0.671607 -0.740908 0
    outer loop
      vertex 52.662 75.8713 0
      vertex 52.8801 76.069 4
      vertex 52.662 75.8713 4
    endloop
  endfacet
  facet normal 0.671607 -0.740908 0
    outer loop
      vertex 52.8801 76.069 4
      vertex 52.662 75.8713 0
      vertex 52.8801 76.069 0
    endloop
  endfacet
  facet normal 0.595699 -0.803208 0
    outer loop
      vertex 52.8801 76.069 0
      vertex 53.1166 76.2444 4
      vertex 52.8801 76.069 4
    endloop
  endfacet
  facet normal 0.595699 -0.803208 0
    outer loop
      vertex 53.1166 76.2444 4
      vertex 52.8801 76.069 0
      vertex 53.1166 76.2444 0
    endloop
  endfacet
  facet normal 0.514246 -0.857643 0
    outer loop
      vertex 53.1166 76.2444 0
      vertex 53.3691 76.3958 4
      vertex 53.1166 76.2444 4
    endloop
  endfacet
  facet normal 0.514246 -0.857643 0
    outer loop
      vertex 53.3691 76.3958 4
      vertex 53.1166 76.2444 0
      vertex 53.3691 76.3958 0
    endloop
  endfacet
  facet normal 0.427269 -0.904125 0
    outer loop
      vertex 53.3691 76.3958 0
      vertex 53.6353 76.5216 4
      vertex 53.3691 76.3958 4
    endloop
  endfacet
  facet normal 0.427269 -0.904125 0
    outer loop
      vertex 53.6353 76.5216 4
      vertex 53.3691 76.3958 0
      vertex 53.6353 76.5216 0
    endloop
  endfacet
  facet normal 0.336939 -0.941527 0
    outer loop
      vertex 53.6353 76.5216 0
      vertex 53.9125 76.6208 4
      vertex 53.6353 76.5216 4
    endloop
  endfacet
  facet normal 0.336939 -0.941527 0
    outer loop
      vertex 53.9125 76.6208 4
      vertex 53.6353 76.5216 0
      vertex 53.9125 76.6208 0
    endloop
  endfacet
  facet normal 0.243175 -0.969982 0
    outer loop
      vertex 53.9125 76.6208 0
      vertex 54.1981 76.6924 4
      vertex 53.9125 76.6208 4
    endloop
  endfacet
  facet normal 0.243175 -0.969982 0
    outer loop
      vertex 54.1981 76.6924 4
      vertex 53.9125 76.6208 0
      vertex 54.1981 76.6924 0
    endloop
  endfacet
  facet normal 0.146413 -0.989224 0
    outer loop
      vertex 54.1981 76.6924 0
      vertex 54.4893 76.7355 4
      vertex 54.1981 76.6924 4
    endloop
  endfacet
  facet normal 0.146413 -0.989224 0
    outer loop
      vertex 54.4893 76.7355 4
      vertex 54.1981 76.6924 0
      vertex 54.4893 76.7355 0
    endloop
  endfacet
  facet normal 0.0492599 -0.998786 0
    outer loop
      vertex 54.4893 76.7355 0
      vertex 54.7833 76.75 4
      vertex 54.4893 76.7355 4
    endloop
  endfacet
  facet normal 0.0492599 -0.998786 0
    outer loop
      vertex 54.7833 76.75 4
      vertex 54.4893 76.7355 0
      vertex 54.7833 76.75 0
    endloop
  endfacet
  facet normal 0 -1 0
    outer loop
      vertex 54.7833 76.75 0
      vertex 78.5667 76.75 4
      vertex 54.7833 76.75 4
    endloop
  endfacet
  facet normal 0 -1 -0
    outer loop
      vertex 78.5667 76.75 4
      vertex 54.7833 76.75 0
      vertex 78.5667 76.75 0
    endloop
  endfacet
  facet normal -0.0492599 -0.998786 0
    outer loop
      vertex 78.5667 76.75 0
      vertex 78.8607 76.7355 4
      vertex 78.5667 76.75 4
    endloop
  endfacet
  facet normal -0.0492599 -0.998786 -0
    outer loop
      vertex 78.8607 76.7355 4
      vertex 78.5667 76.75 0
      vertex 78.8607 76.7355 0
    endloop
  endfacet
  facet normal -0.146413 -0.989224 0
    outer loop
      vertex 78.8607 76.7355 0
      vertex 79.1519 76.6924 4
      vertex 78.8607 76.7355 4
    endloop
  endfacet
  facet normal -0.146413 -0.989224 -0
    outer loop
      vertex 79.1519 76.6924 4
      vertex 78.8607 76.7355 0
      vertex 79.1519 76.6924 0
    endloop
  endfacet
  facet normal -0.243175 -0.969982 0
    outer loop
      vertex 79.1519 76.6924 0
      vertex 79.4375 76.6208 4
      vertex 79.1519 76.6924 4
    endloop
  endfacet
  facet normal -0.243175 -0.969982 -0
    outer loop
      vertex 79.4375 76.6208 4
      vertex 79.1519 76.6924 0
      vertex 79.4375 76.6208 0
    endloop
  endfacet
  facet normal -0.336939 -0.941527 0
    outer loop
      vertex 79.4375 76.6208 0
      vertex 79.7147 76.5216 4
      vertex 79.4375 76.6208 4
    endloop
  endfacet
  facet normal -0.336939 -0.941527 -0
    outer loop
      vertex 79.7147 76.5216 4
      vertex 79.4375 76.6208 0
      vertex 79.7147 76.5216 0
    endloop
  endfacet
  facet normal -0.4274 -0.904063 0
    outer loop
      vertex 79.7147 76.5216 0
      vertex 79.9808 76.3958 4
      vertex 79.7147 76.5216 4
    endloop
  endfacet
  facet normal -0.4274 -0.904063 -0
    outer loop
      vertex 79.9808 76.3958 4
      vertex 79.7147 76.5216 0
      vertex 79.9808 76.3958 0
    endloop
  endfacet
  facet normal -0.514096 -0.857733 0
    outer loop
      vertex 79.9808 76.3958 0
      vertex 80.2334 76.2444 4
      vertex 79.9808 76.3958 4
    endloop
  endfacet
  facet normal -0.514096 -0.857733 -0
    outer loop
      vertex 80.2334 76.2444 4
      vertex 79.9808 76.3958 0
      vertex 80.2334 76.2444 0
    endloop
  endfacet
  facet normal -0.595861 -0.803088 0
    outer loop
      vertex 80.2334 76.2444 0
      vertex 80.4698 76.069 4
      vertex 80.2334 76.2444 4
    endloop
  endfacet
  facet normal -0.595861 -0.803088 -0
    outer loop
      vertex 80.4698 76.069 4
      vertex 80.2334 76.2444 0
      vertex 80.4698 76.069 0
    endloop
  endfacet
  facet normal -0.671438 -0.741061 0
    outer loop
      vertex 80.4698 76.069 0
      vertex 80.688 75.8713 4
      vertex 80.4698 76.069 4
    endloop
  endfacet
  facet normal -0.671438 -0.741061 -0
    outer loop
      vertex 80.688 75.8713 4
      vertex 80.4698 76.069 0
      vertex 80.688 75.8713 0
    endloop
  endfacet
  facet normal -0.740908 -0.671607 0
    outer loop
      vertex 80.8857 75.6532 0
      vertex 80.688 75.8713 4
      vertex 80.688 75.8713 0
    endloop
  endfacet
  facet normal -0.740908 -0.671607 0
    outer loop
      vertex 80.688 75.8713 4
      vertex 80.8857 75.6532 0
      vertex 80.8857 75.6532 4
    endloop
  endfacet
  facet normal -0.803208 -0.595699 0
    outer loop
      vertex 81.0611 75.4167 0
      vertex 80.8857 75.6532 4
      vertex 80.8857 75.6532 0
    endloop
  endfacet
  facet normal -0.803208 -0.595699 0
    outer loop
      vertex 80.8857 75.6532 4
      vertex 81.0611 75.4167 0
      vertex 81.0611 75.4167 4
    endloop
  endfacet
  facet normal -0.857793 -0.513996 0
    outer loop
      vertex 81.2124 75.1642 0
      vertex 81.0611 75.4167 4
      vertex 81.0611 75.4167 0
    endloop
  endfacet
  facet normal -0.857793 -0.513996 0
    outer loop
      vertex 81.0611 75.4167 4
      vertex 81.2124 75.1642 0
      vertex 81.2124 75.1642 4
    endloop
  endfacet
  facet normal -0.903931 -0.427677 0
    outer loop
      vertex 81.3383 74.8981 0
      vertex 81.2124 75.1642 4
      vertex 81.2124 75.1642 0
    endloop
  endfacet
  facet normal -0.903931 -0.427677 0
    outer loop
      vertex 81.2124 75.1642 4
      vertex 81.3383 74.8981 0
      vertex 81.3383 74.8981 4
    endloop
  endfacet
  facet normal -0.941565 -0.336831 0
    outer loop
      vertex 81.4375 74.6208 0
      vertex 81.3383 74.8981 4
      vertex 81.3383 74.8981 0
    endloop
  endfacet
  facet normal -0.941565 -0.336831 0
    outer loop
      vertex 81.3383 74.8981 4
      vertex 81.4375 74.6208 0
      vertex 81.4375 74.6208 4
    endloop
  endfacet
  facet normal -0.970042 -0.242935 0
    outer loop
      vertex 81.509 74.3353 0
      vertex 81.4375 74.6208 4
      vertex 81.4375 74.6208 0
    endloop
  endfacet
  facet normal -0.970042 -0.242935 0
    outer loop
      vertex 81.4375 74.6208 4
      vertex 81.509 74.3353 0
      vertex 81.509 74.3353 4
    endloop
  endfacet
  facet normal -0.989174 -0.146746 0
    outer loop
      vertex 81.5522 74.0441 0
      vertex 81.509 74.3353 4
      vertex 81.509 74.3353 0
    endloop
  endfacet
  facet normal -0.989174 -0.146746 0
    outer loop
      vertex 81.509 74.3353 4
      vertex 81.5522 74.0441 0
      vertex 81.5522 74.0441 4
    endloop
  endfacet
  facet normal -0.998787 -0.0492431 0
    outer loop
      vertex 81.5667 73.75 0
      vertex 81.5522 74.0441 4
      vertex 81.5522 74.0441 0
    endloop
  endfacet
  facet normal -0.998787 -0.0492431 0
    outer loop
      vertex 81.5522 74.0441 4
      vertex 81.5667 73.75 0
      vertex 81.5667 73.75 4
    endloop
  endfacet
  facet normal -1 0 0
    outer loop
      vertex 81.5667 63.5 0
      vertex 81.5667 73.75 4
      vertex 81.5667 73.75 0
    endloop
  endfacet
  facet normal -1 -0 0
    outer loop
      vertex 81.5667 73.75 4
      vertex 81.5667 63.5 0
      vertex 81.5667 63.5 4
    endloop
  endfacet
  facet normal -0.998787 0.0492431 0
    outer loop
      vertex 81.5522 63.2059 0
      vertex 81.5667 63.5 4
      vertex 81.5667 63.5 0
    endloop
  endfacet
  facet normal -0.998787 0.0492431 0
    outer loop
      vertex 81.5667 63.5 4
      vertex 81.5522 63.2059 0
      vertex 81.5522 63.2059 4
    endloop
  endfacet
  facet normal -0.989174 0.146746 0
    outer loop
      vertex 81.509 62.9147 0
      vertex 81.5522 63.2059 4
      vertex 81.5522 63.2059 0
    endloop
  endfacet
  facet normal -0.989174 0.146746 0
    outer loop
      vertex 81.5522 63.2059 4
      vertex 81.509 62.9147 0
      vertex 81.509 62.9147 4
    endloop
  endfacet
  facet normal -0.970042 0.242935 0
    outer loop
      vertex 81.4375 62.6292 0
      vertex 81.509 62.9147 4
      vertex 81.509 62.9147 0
    endloop
  endfacet
  facet normal -0.970042 0.242935 0
    outer loop
      vertex 81.509 62.9147 4
      vertex 81.4375 62.6292 0
      vertex 81.4375 62.6292 4
    endloop
  endfacet
  facet normal -0.941565 0.336831 0
    outer loop
      vertex 81.3383 62.3519 0
      vertex 81.4375 62.6292 4
      vertex 81.4375 62.6292 0
    endloop
  endfacet
  facet normal -0.941565 0.336831 0
    outer loop
      vertex 81.4375 62.6292 4
      vertex 81.3383 62.3519 0
      vertex 81.3383 62.3519 4
    endloop
  endfacet
  facet normal -0.903931 0.427677 0
    outer loop
      vertex 81.2124 62.0858 0
      vertex 81.3383 62.3519 4
      vertex 81.3383 62.3519 0
    endloop
  endfacet
  facet normal -0.903931 0.427677 0
    outer loop
      vertex 81.3383 62.3519 4
      vertex 81.2124 62.0858 0
      vertex 81.2124 62.0858 4
    endloop
  endfacet
  facet normal -0.857793 0.513996 0
    outer loop
      vertex 81.0611 61.8333 0
      vertex 81.2124 62.0858 4
      vertex 81.2124 62.0858 0
    endloop
  endfacet
  facet normal -0.857793 0.513996 0
    outer loop
      vertex 81.2124 62.0858 4
      vertex 81.0611 61.8333 0
      vertex 81.0611 61.8333 4
    endloop
  endfacet
  facet normal -0.803208 0.595699 0
    outer loop
      vertex 80.8857 61.5968 0
      vertex 81.0611 61.8333 4
      vertex 81.0611 61.8333 0
    endloop
  endfacet
  facet normal -0.803208 0.595699 0
    outer loop
      vertex 81.0611 61.8333 4
      vertex 80.8857 61.5968 0
      vertex 80.8857 61.5968 4
    endloop
  endfacet
  facet normal -0.740908 0.671607 0
    outer loop
      vertex 80.688 61.3787 0
      vertex 80.8857 61.5968 4
      vertex 80.8857 61.5968 0
    endloop
  endfacet
  facet normal -0.740908 0.671607 0
    outer loop
      vertex 80.8857 61.5968 4
      vertex 80.688 61.3787 0
      vertex 80.688 61.3787 4
    endloop
  endfacet
  facet normal -0.671438 0.741061 0
    outer loop
      vertex 80.688 61.3787 0
      vertex 80.4698 61.181 4
      vertex 80.688 61.3787 4
    endloop
  endfacet
  facet normal -0.671438 0.741061 0
    outer loop
      vertex 80.4698 61.181 4
      vertex 80.688 61.3787 0
      vertex 80.4698 61.181 0
    endloop
  endfacet
  facet normal -0.595861 0.803088 0
    outer loop
      vertex 80.4698 61.181 0
      vertex 80.2334 61.0056 4
      vertex 80.4698 61.181 4
    endloop
  endfacet
  facet normal -0.595861 0.803088 0
    outer loop
      vertex 80.2334 61.0056 4
      vertex 80.4698 61.181 0
      vertex 80.2334 61.0056 0
    endloop
  endfacet
  facet normal -0.514096 0.857733 0
    outer loop
      vertex 80.2334 61.0056 0
      vertex 79.9808 60.8542 4
      vertex 80.2334 61.0056 4
    endloop
  endfacet
  facet normal -0.514096 0.857733 0
    outer loop
      vertex 79.9808 60.8542 4
      vertex 80.2334 61.0056 0
      vertex 79.9808 60.8542 0
    endloop
  endfacet
  facet normal -0.4274 0.904063 0
    outer loop
      vertex 79.9808 60.8542 0
      vertex 79.7147 60.7284 4
      vertex 79.9808 60.8542 4
    endloop
  endfacet
  facet normal -0.4274 0.904063 0
    outer loop
      vertex 79.7147 60.7284 4
      vertex 79.9808 60.8542 0
      vertex 79.7147 60.7284 0
    endloop
  endfacet
  facet normal -0.336939 0.941527 0
    outer loop
      vertex 79.7147 60.7284 0
      vertex 79.4375 60.6292 4
      vertex 79.7147 60.7284 4
    endloop
  endfacet
  facet normal -0.336939 0.941527 0
    outer loop
      vertex 79.4375 60.6292 4
      vertex 79.7147 60.7284 0
      vertex 79.4375 60.6292 0
    endloop
  endfacet
  facet normal -0.243175 0.969982 0
    outer loop
      vertex 79.4375 60.6292 0
      vertex 79.1519 60.5576 4
      vertex 79.4375 60.6292 4
    endloop
  endfacet
  facet normal -0.243175 0.969982 0
    outer loop
      vertex 79.1519 60.5576 4
      vertex 79.4375 60.6292 0
      vertex 79.1519 60.5576 0
    endloop
  endfacet
  facet normal -0.146413 0.989224 0
    outer loop
      vertex 79.1519 60.5576 0
      vertex 78.8607 60.5145 4
      vertex 79.1519 60.5576 4
    endloop
  endfacet
  facet normal -0.146413 0.989224 0
    outer loop
      vertex 78.8607 60.5145 4
      vertex 79.1519 60.5576 0
      vertex 78.8607 60.5145 0
    endloop
  endfacet
  facet normal -0.0492599 0.998786 0
    outer loop
      vertex 78.8607 60.5145 0
      vertex 78.5667 60.5 4
      vertex 78.8607 60.5145 4
    endloop
  endfacet
  facet normal -0.0492599 0.998786 0
    outer loop
      vertex 78.5667 60.5 4
      vertex 78.8607 60.5145 0
      vertex 78.5667 60.5 0
    endloop
  endfacet
  facet normal 0 1 -0
    outer loop
      vertex 78.5667 60.5 0
      vertex 54.7833 60.5 4
      vertex 78.5667 60.5 4
    endloop
  endfacet
  facet normal 0 1 0
    outer loop
      vertex 54.7833 60.5 4
      vertex 78.5667 60.5 0
      vertex 54.7833 60.5 0
    endloop
  endfacet
  facet normal 0.0492431 0.998787 -0
    outer loop
      vertex 90.5667 60.5 0
      vertex 90.2726 60.5145 4
      vertex 90.5667 60.5 4
    endloop
  endfacet
  facet normal 0.0492431 0.998787 0
    outer loop
      vertex 90.2726 60.5145 4
      vertex 90.5667 60.5 0
      vertex 90.2726 60.5145 0
    endloop
  endfacet
  facet normal 0.146413 0.989224 -0
    outer loop
      vertex 90.2726 60.5145 0
      vertex 89.9814 60.5576 4
      vertex 90.2726 60.5145 4
    endloop
  endfacet
  facet normal 0.146413 0.989224 0
    outer loop
      vertex 89.9814 60.5576 4
      vertex 90.2726 60.5145 0
      vertex 89.9814 60.5576 0
    endloop
  endfacet
  facet normal 0.243175 0.969982 -0
    outer loop
      vertex 89.9814 60.5576 0
      vertex 89.6958 60.6292 4
      vertex 89.9814 60.5576 4
    endloop
  endfacet
  facet normal 0.243175 0.969982 0
    outer loop
      vertex 89.6958 60.6292 4
      vertex 89.9814 60.5576 0
      vertex 89.6958 60.6292 0
    endloop
  endfacet
  facet normal 0.336939 0.941527 -0
    outer loop
      vertex 89.6958 60.6292 0
      vertex 89.4186 60.7284 4
      vertex 89.6958 60.6292 4
    endloop
  endfacet
  facet normal 0.336939 0.941527 0
    outer loop
      vertex 89.4186 60.7284 4
      vertex 89.6958 60.6292 0
      vertex 89.4186 60.7284 0
    endloop
  endfacet
  facet normal 0.4274 0.904063 -0
    outer loop
      vertex 89.4186 60.7284 0
      vertex 89.1525 60.8542 4
      vertex 89.4186 60.7284 4
    endloop
  endfacet
  facet normal 0.4274 0.904063 0
    outer loop
      vertex 89.1525 60.8542 4
      vertex 89.4186 60.7284 0
      vertex 89.1525 60.8542 0
    endloop
  endfacet
  facet normal 0.514096 0.857733 -0
    outer loop
      vertex 89.1525 60.8542 0
      vertex 88.8999 61.0056 4
      vertex 89.1525 60.8542 4
    endloop
  endfacet
  facet normal 0.514096 0.857733 0
    outer loop
      vertex 88.8999 61.0056 4
      vertex 89.1525 60.8542 0
      vertex 88.8999 61.0056 0
    endloop
  endfacet
  facet normal 0.595861 0.803088 -0
    outer loop
      vertex 88.8999 61.0056 0
      vertex 88.6635 61.181 4
      vertex 88.8999 61.0056 4
    endloop
  endfacet
  facet normal 0.595861 0.803088 0
    outer loop
      vertex 88.6635 61.181 4
      vertex 88.8999 61.0056 0
      vertex 88.6635 61.181 0
    endloop
  endfacet
  facet normal 0.671438 0.741061 -0
    outer loop
      vertex 88.6635 61.181 0
      vertex 88.4453 61.3787 4
      vertex 88.6635 61.181 4
    endloop
  endfacet
  facet normal 0.671438 0.741061 0
    outer loop
      vertex 88.4453 61.3787 4
      vertex 88.6635 61.181 0
      vertex 88.4453 61.3787 0
    endloop
  endfacet
  facet normal 0.740908 0.671607 0
    outer loop
      vertex 88.4453 61.3787 4
      vertex 88.2476 61.5968 0
      vertex 88.2476 61.5968 4
    endloop
  endfacet
  facet normal 0.740908 0.671607 0
    outer loop
      vertex 88.2476 61.5968 0
      vertex 88.4453 61.3787 4
      vertex 88.4453 61.3787 0
    endloop
  endfacet
  facet normal 0.803371 0.595479 0
    outer loop
      vertex 88.2476 61.5968 4
      vertex 88.0723 61.8333 0
      vertex 88.0723 61.8333 4
    endloop
  endfacet
  facet normal 0.803371 0.595479 0
    outer loop
      vertex 88.0723 61.8333 0
      vertex 88.2476 61.5968 4
      vertex 88.2476 61.5968 0
    endloop
  endfacet
  facet normal 0.857643 0.514246 0
    outer loop
      vertex 88.0723 61.8333 4
      vertex 87.9209 62.0858 0
      vertex 87.9209 62.0858 4
    endloop
  endfacet
  facet normal 0.857643 0.514246 0
    outer loop
      vertex 87.9209 62.0858 0
      vertex 88.0723 61.8333 4
      vertex 88.0723 61.8333 0
    endloop
  endfacet
  facet normal 0.903931 0.427677 0
    outer loop
      vertex 87.9209 62.0858 4
      vertex 87.795 62.3519 0
      vertex 87.795 62.3519 4
    endloop
  endfacet
  facet normal 0.903931 0.427677 0
    outer loop
      vertex 87.795 62.3519 0
      vertex 87.9209 62.0858 4
      vertex 87.9209 62.0858 0
    endloop
  endfacet
  facet normal 0.941565 0.336831 0
    outer loop
      vertex 87.795 62.3519 4
      vertex 87.6958 62.6292 0
      vertex 87.6958 62.6292 4
    endloop
  endfacet
  facet normal 0.941565 0.336831 0
    outer loop
      vertex 87.6958 62.6292 0
      vertex 87.795 62.3519 4
      vertex 87.795 62.3519 0
    endloop
  endfacet
  facet normal 0.970042 0.242935 0
    outer loop
      vertex 87.6958 62.6292 4
      vertex 87.6243 62.9147 0
      vertex 87.6243 62.9147 4
    endloop
  endfacet
  facet normal 0.970042 0.242935 0
    outer loop
      vertex 87.6243 62.9147 0
      vertex 87.6958 62.6292 4
      vertex 87.6958 62.6292 0
    endloop
  endfacet
  facet normal 0.989174 0.146746 0
    outer loop
      vertex 87.6243 62.9147 4
      vertex 87.5811 63.2059 0
      vertex 87.5811 63.2059 4
    endloop
  endfacet
  facet normal 0.989174 0.146746 0
    outer loop
      vertex 87.5811 63.2059 0
      vertex 87.6243 62.9147 4
      vertex 87.6243 62.9147 0
    endloop
  endfacet
  facet normal 0.998803 0.0489044 0
    outer loop
      vertex 87.5811 63.2059 4
      vertex 87.5667 63.5 0
      vertex 87.5667 63.5 4
    endloop
  endfacet
  facet normal 0.998803 0.0489044 0
    outer loop
      vertex 87.5667 63.5 0
      vertex 87.5811 63.2059 4
      vertex 87.5811 63.2059 0
    endloop
  endfacet
  facet normal 1 -0 0
    outer loop
      vertex 87.5667 63.5 4
      vertex 87.5667 73.75 0
      vertex 87.5667 73.75 4
    endloop
  endfacet
  facet normal 1 0 0
    outer loop
      vertex 87.5667 73.75 0
      vertex 87.5667 63.5 4
      vertex 87.5667 63.5 0
    endloop
  endfacet
  facet normal 0.998803 -0.0489044 0
    outer loop
      vertex 87.5667 73.75 4
      vertex 87.5811 74.0441 0
      vertex 87.5811 74.0441 4
    endloop
  endfacet
  facet normal 0.998803 -0.0489044 0
    outer loop
      vertex 87.5811 74.0441 0
      vertex 87.5667 73.75 4
      vertex 87.5667 73.75 0
    endloop
  endfacet
  facet normal 0.989174 -0.146746 0
    outer loop
      vertex 87.5811 74.0441 4
      vertex 87.6243 74.3353 0
      vertex 87.6243 74.3353 4
    endloop
  endfacet
  facet normal 0.989174 -0.146746 0
    outer loop
      vertex 87.6243 74.3353 0
      vertex 87.5811 74.0441 4
      vertex 87.5811 74.0441 0
    endloop
  endfacet
  facet normal 0.970042 -0.242935 0
    outer loop
      vertex 87.6243 74.3353 4
      vertex 87.6958 74.6208 0
      vertex 87.6958 74.6208 4
    endloop
  endfacet
  facet normal 0.970042 -0.242935 0
    outer loop
      vertex 87.6958 74.6208 0
      vertex 87.6243 74.3353 4
      vertex 87.6243 74.3353 0
    endloop
  endfacet
  facet normal 0.941565 -0.336831 0
    outer loop
      vertex 87.6958 74.6208 4
      vertex 87.795 74.8981 0
      vertex 87.795 74.8981 4
    endloop
  endfacet
  facet normal 0.941565 -0.336831 0
    outer loop
      vertex 87.795 74.8981 0
      vertex 87.6958 74.6208 4
      vertex 87.6958 74.6208 0
    endloop
  endfacet
  facet normal 0.903931 -0.427677 0
    outer loop
      vertex 87.795 74.8981 4
      vertex 87.9209 75.1642 0
      vertex 87.9209 75.1642 4
    endloop
  endfacet
  facet normal 0.903931 -0.427677 0
    outer loop
      vertex 87.9209 75.1642 0
      vertex 87.795 74.8981 4
      vertex 87.795 74.8981 0
    endloop
  endfacet
  facet normal 0.857643 -0.514246 0
    outer loop
      vertex 87.9209 75.1642 4
      vertex 88.0723 75.4167 0
      vertex 88.0723 75.4167 4
    endloop
  endfacet
  facet normal 0.857643 -0.514246 0
    outer loop
      vertex 88.0723 75.4167 0
      vertex 87.9209 75.1642 4
      vertex 87.9209 75.1642 0
    endloop
  endfacet
  facet normal 0.803371 -0.595479 0
    outer loop
      vertex 88.0723 75.4167 4
      vertex 88.2476 75.6532 0
      vertex 88.2476 75.6532 4
    endloop
  endfacet
  facet normal 0.803371 -0.595479 0
    outer loop
      vertex 88.2476 75.6532 0
      vertex 88.0723 75.4167 4
      vertex 88.0723 75.4167 0
    endloop
  endfacet
  facet normal 0.740908 -0.671607 0
    outer loop
      vertex 88.2476 75.6532 4
      vertex 88.4453 75.8713 0
      vertex 88.4453 75.8713 4
    endloop
  endfacet
  facet normal 0.740908 -0.671607 0
    outer loop
      vertex 88.4453 75.8713 0
      vertex 88.2476 75.6532 4
      vertex 88.2476 75.6532 0
    endloop
  endfacet
  facet normal 0.671438 -0.741061 0
    outer loop
      vertex 88.4453 75.8713 0
      vertex 88.6635 76.069 4
      vertex 88.4453 75.8713 4
    endloop
  endfacet
  facet normal 0.671438 -0.741061 0
    outer loop
      vertex 88.6635 76.069 4
      vertex 88.4453 75.8713 0
      vertex 88.6635 76.069 0
    endloop
  endfacet
  facet normal 0.595861 -0.803088 0
    outer loop
      vertex 88.6635 76.069 0
      vertex 88.8999 76.2444 4
      vertex 88.6635 76.069 4
    endloop
  endfacet
  facet normal 0.595861 -0.803088 0
    outer loop
      vertex 88.8999 76.2444 4
      vertex 88.6635 76.069 0
      vertex 88.8999 76.2444 0
    endloop
  endfacet
  facet normal 0.514096 -0.857733 0
    outer loop
      vertex 88.8999 76.2444 0
      vertex 89.1525 76.3958 4
      vertex 88.8999 76.2444 4
    endloop
  endfacet
  facet normal 0.514096 -0.857733 0
    outer loop
      vertex 89.1525 76.3958 4
      vertex 88.8999 76.2444 0
      vertex 89.1525 76.3958 0
    endloop
  endfacet
  facet normal 0.4274 -0.904063 0
    outer loop
      vertex 89.1525 76.3958 0
      vertex 89.4186 76.5216 4
      vertex 89.1525 76.3958 4
    endloop
  endfacet
  facet normal 0.4274 -0.904063 0
    outer loop
      vertex 89.4186 76.5216 4
      vertex 89.1525 76.3958 0
      vertex 89.4186 76.5216 0
    endloop
  endfacet
  facet normal 0.336939 -0.941527 0
    outer loop
      vertex 89.4186 76.5216 0
      vertex 89.6958 76.6208 4
      vertex 89.4186 76.5216 4
    endloop
  endfacet
  facet normal 0.336939 -0.941527 0
    outer loop
      vertex 89.6958 76.6208 4
      vertex 89.4186 76.5216 0
      vertex 89.6958 76.6208 0
    endloop
  endfacet
  facet normal 0.243175 -0.969982 0
    outer loop
      vertex 89.6958 76.6208 0
      vertex 89.9814 76.6924 4
      vertex 89.6958 76.6208 4
    endloop
  endfacet
  facet normal 0.243175 -0.969982 0
    outer loop
      vertex 89.9814 76.6924 4
      vertex 89.6958 76.6208 0
      vertex 89.9814 76.6924 0
    endloop
  endfacet
  facet normal 0.146413 -0.989224 0
    outer loop
      vertex 89.9814 76.6924 0
      vertex 90.2726 76.7355 4
      vertex 89.9814 76.6924 4
    endloop
  endfacet
  facet normal 0.146413 -0.989224 0
    outer loop
      vertex 90.2726 76.7355 4
      vertex 89.9814 76.6924 0
      vertex 90.2726 76.7355 0
    endloop
  endfacet
  facet normal 0.0492431 -0.998787 0
    outer loop
      vertex 90.2726 76.7355 0
      vertex 90.5667 76.75 4
      vertex 90.2726 76.7355 4
    endloop
  endfacet
  facet normal 0.0492431 -0.998787 0
    outer loop
      vertex 90.5667 76.75 4
      vertex 90.2726 76.7355 0
      vertex 90.5667 76.75 0
    endloop
  endfacet
  facet normal 0 -1 0
    outer loop
      vertex 90.5667 76.75 0
      vertex 114.35 76.75 4
      vertex 90.5667 76.75 4
    endloop
  endfacet
  facet normal 0 -1 -0
    outer loop
      vertex 114.35 76.75 4
      vertex 90.5667 76.75 0
      vertex 114.35 76.75 0
    endloop
  endfacet
  facet normal -0.0492599 -0.998786 0
    outer loop
      vertex 114.35 76.75 0
      vertex 114.644 76.7355 4
      vertex 114.35 76.75 4
    endloop
  endfacet
  facet normal -0.0492599 -0.998786 -0
    outer loop
      vertex 114.644 76.7355 4
      vertex 114.35 76.75 0
      vertex 114.644 76.7355 0
    endloop
  endfacet
  facet normal -0.146512 -0.989209 0
    outer loop
      vertex 114.644 76.7355 0
      vertex 114.935 76.6924 4
      vertex 114.644 76.7355 4
    endloop
  endfacet
  facet normal -0.146512 -0.989209 -0
    outer loop
      vertex 114.935 76.6924 4
      vertex 114.644 76.7355 0
      vertex 114.935 76.6924 0
    endloop
  endfacet
  facet normal -0.242855 -0.970063 0
    outer loop
      vertex 114.935 76.6924 0
      vertex 115.221 76.6208 4
      vertex 114.935 76.6924 4
    endloop
  endfacet
  facet normal -0.242855 -0.970063 -0
    outer loop
      vertex 115.221 76.6208 4
      vertex 114.935 76.6924 0
      vertex 115.221 76.6208 0
    endloop
  endfacet
  facet normal -0.337154 -0.941449 0
    outer loop
      vertex 115.221 76.6208 0
      vertex 115.498 76.5216 4
      vertex 115.221 76.6208 4
    endloop
  endfacet
  facet normal -0.337154 -0.941449 -0
    outer loop
      vertex 115.498 76.5216 4
      vertex 115.221 76.6208 0
      vertex 115.498 76.5216 0
    endloop
  endfacet
  facet normal -0.427531 -0.904001 0
    outer loop
      vertex 115.498 76.5216 0
      vertex 115.764 76.3958 4
      vertex 115.498 76.5216 4
    endloop
  endfacet
  facet normal -0.427531 -0.904001 -0
    outer loop
      vertex 115.764 76.3958 4
      vertex 115.498 76.5216 0
      vertex 115.764 76.3958 0
    endloop
  endfacet
  facet normal -0.513498 -0.858091 0
    outer loop
      vertex 115.764 76.3958 0
      vertex 116.017 76.2444 4
      vertex 115.764 76.3958 4
    endloop
  endfacet
  facet normal -0.513498 -0.858091 -0
    outer loop
      vertex 116.017 76.2444 4
      vertex 115.764 76.3958 0
      vertex 116.017 76.2444 0
    endloop
  endfacet
  facet normal -0.596512 -0.802604 0
    outer loop
      vertex 116.017 76.2444 0
      vertex 116.253 76.069 4
      vertex 116.017 76.2444 4
    endloop
  endfacet
  facet normal -0.596512 -0.802604 -0
    outer loop
      vertex 116.253 76.069 4
      vertex 116.017 76.2444 0
      vertex 116.253 76.069 0
    endloop
  endfacet
  facet normal -0.671776 -0.740754 0
    outer loop
      vertex 116.253 76.069 0
      vertex 116.471 75.8713 4
      vertex 116.253 76.069 4
    endloop
  endfacet
  facet normal -0.671776 -0.740754 -0
    outer loop
      vertex 116.471 75.8713 4
      vertex 116.253 76.069 0
      vertex 116.471 75.8713 0
    endloop
  endfacet
  facet normal -0.740401 -0.672166 0
    outer loop
      vertex 116.669 75.6532 0
      vertex 116.471 75.8713 4
      vertex 116.471 75.8713 0
    endloop
  endfacet
  facet normal -0.740401 -0.672166 0
    outer loop
      vertex 116.471 75.8713 4
      vertex 116.669 75.6532 0
      vertex 116.669 75.6532 4
    endloop
  endfacet
  facet normal -0.803858 -0.594821 0
    outer loop
      vertex 116.844 75.4167 0
      vertex 116.669 75.6532 4
      vertex 116.669 75.6532 0
    endloop
  endfacet
  facet normal -0.803858 -0.594821 0
    outer loop
      vertex 116.669 75.6532 4
      vertex 116.844 75.4167 0
      vertex 116.844 75.4167 4
    endloop
  endfacet
  facet normal -0.856744 -0.515743 0
    outer loop
      vertex 116.996 75.1642 0
      vertex 116.844 75.4167 4
      vertex 116.844 75.4167 0
    endloop
  endfacet
  facet normal -0.856744 -0.515743 0
    outer loop
      vertex 116.844 75.4167 4
      vertex 116.996 75.1642 0
      vertex 116.996 75.1642 4
    endloop
  endfacet
  facet normal -0.9038 -0.427955 0
    outer loop
      vertex 117.122 74.8981 0
      vertex 116.996 75.1642 4
      vertex 116.996 75.1642 0
    endloop
  endfacet
  facet normal -0.9038 -0.427955 0
    outer loop
      vertex 116.996 75.1642 4
      vertex 117.122 74.8981 0
      vertex 117.122 74.8981 4
    endloop
  endfacet
  facet normal -0.94178 -0.336229 0
    outer loop
      vertex 117.221 74.6208 0
      vertex 117.122 74.8981 4
      vertex 117.122 74.8981 0
    endloop
  endfacet
  facet normal -0.94178 -0.336229 0
    outer loop
      vertex 117.122 74.8981 4
      vertex 117.221 74.6208 0
      vertex 117.221 74.6208 4
    endloop
  endfacet
  facet normal -0.970442 -0.241336 0
    outer loop
      vertex 117.292 74.3353 0
      vertex 117.221 74.6208 4
      vertex 117.221 74.6208 0
    endloop
  endfacet
  facet normal -0.970442 -0.241336 0
    outer loop
      vertex 117.221 74.6208 4
      vertex 117.292 74.3353 0
      vertex 117.292 74.3353 4
    endloop
  endfacet
  facet normal -0.988776 -0.149403 0
    outer loop
      vertex 117.336 74.0441 0
      vertex 117.292 74.3353 4
      vertex 117.292 74.3353 0
    endloop
  endfacet
  facet normal -0.988776 -0.149403 0
    outer loop
      vertex 117.292 74.3353 4
      vertex 117.336 74.0441 0
      vertex 117.336 74.0441 4
    endloop
  endfacet
  facet normal -0.998869 -0.047549 0
    outer loop
      vertex 117.35 73.75 0
      vertex 117.336 74.0441 4
      vertex 117.336 74.0441 0
    endloop
  endfacet
  facet normal -0.998869 -0.047549 0
    outer loop
      vertex 117.336 74.0441 4
      vertex 117.35 73.75 0
      vertex 117.35 73.75 4
    endloop
  endfacet
  facet normal -1 0 0
    outer loop
      vertex 117.35 63.5 0
      vertex 117.35 73.75 4
      vertex 117.35 73.75 0
    endloop
  endfacet
  facet normal -1 -0 0
    outer loop
      vertex 117.35 73.75 4
      vertex 117.35 63.5 0
      vertex 117.35 63.5 4
    endloop
  endfacet
  facet normal -0.998869 0.047549 0
    outer loop
      vertex 117.336 63.2059 0
      vertex 117.35 63.5 4
      vertex 117.35 63.5 0
    endloop
  endfacet
  facet normal -0.998869 0.047549 0
    outer loop
      vertex 117.35 63.5 4
      vertex 117.336 63.2059 0
      vertex 117.336 63.2059 4
    endloop
  endfacet
  facet normal -0.988776 0.149403 0
    outer loop
      vertex 117.292 62.9147 0
      vertex 117.336 63.2059 4
      vertex 117.336 63.2059 0
    endloop
  endfacet
  facet normal -0.988776 0.149403 0
    outer loop
      vertex 117.336 63.2059 4
      vertex 117.292 62.9147 0
      vertex 117.292 62.9147 4
    endloop
  endfacet
  facet normal -0.970442 0.241336 0
    outer loop
      vertex 117.221 62.6292 0
      vertex 117.292 62.9147 4
      vertex 117.292 62.9147 0
    endloop
  endfacet
  facet normal -0.970442 0.241336 0
    outer loop
      vertex 117.292 62.9147 4
      vertex 117.221 62.6292 0
      vertex 117.221 62.6292 4
    endloop
  endfacet
  facet normal -0.94178 0.336229 0
    outer loop
      vertex 117.122 62.3519 0
      vertex 117.221 62.6292 4
      vertex 117.221 62.6292 0
    endloop
  endfacet
  facet normal -0.94178 0.336229 0
    outer loop
      vertex 117.221 62.6292 4
      vertex 117.122 62.3519 0
      vertex 117.122 62.3519 4
    endloop
  endfacet
  facet normal -0.9038 0.427955 0
    outer loop
      vertex 116.996 62.0858 0
      vertex 117.122 62.3519 4
      vertex 117.122 62.3519 0
    endloop
  endfacet
  facet normal -0.9038 0.427955 0
    outer loop
      vertex 117.122 62.3519 4
      vertex 116.996 62.0858 0
      vertex 116.996 62.0858 4
    endloop
  endfacet
  facet normal -0.856744 0.515743 0
    outer loop
      vertex 116.844 61.8333 0
      vertex 116.996 62.0858 4
      vertex 116.996 62.0858 0
    endloop
  endfacet
  facet normal -0.856744 0.515743 0
    outer loop
      vertex 116.996 62.0858 4
      vertex 116.844 61.8333 0
      vertex 116.844 61.8333 4
    endloop
  endfacet
  facet normal -0.803858 0.594821 0
    outer loop
      vertex 116.669 61.5968 0
      vertex 116.844 61.8333 4
      vertex 116.844 61.8333 0
    endloop
  endfacet
  facet normal -0.803858 0.594821 0
    outer loop
      vertex 116.844 61.8333 4
      vertex 116.669 61.5968 0
      vertex 116.669 61.5968 4
    endloop
  endfacet
  facet normal -0.740401 0.672166 0
    outer loop
      vertex 116.471 61.3787 0
      vertex 116.669 61.5968 4
      vertex 116.669 61.5968 0
    endloop
  endfacet
  facet normal -0.740401 0.672166 0
    outer loop
      vertex 116.669 61.5968 4
      vertex 116.471 61.3787 0
      vertex 116.471 61.3787 4
    endloop
  endfacet
  facet normal -0.671776 0.740754 0
    outer loop
      vertex 116.471 61.3787 0
      vertex 116.253 61.181 4
      vertex 116.471 61.3787 4
    endloop
  endfacet
  facet normal -0.671776 0.740754 0
    outer loop
      vertex 116.253 61.181 4
      vertex 116.471 61.3787 0
      vertex 116.253 61.181 0
    endloop
  endfacet
  facet normal -0.596512 0.802604 0
    outer loop
      vertex 116.253 61.181 0
      vertex 116.017 61.0056 4
      vertex 116.253 61.181 4
    endloop
  endfacet
  facet normal -0.596512 0.802604 0
    outer loop
      vertex 116.017 61.0056 4
      vertex 116.253 61.181 0
      vertex 116.017 61.0056 0
    endloop
  endfacet
  facet normal -0.513498 0.858091 0
    outer loop
      vertex 116.017 61.0056 0
      vertex 115.764 60.8542 4
      vertex 116.017 61.0056 4
    endloop
  endfacet
  facet normal -0.513498 0.858091 0
    outer loop
      vertex 115.764 60.8542 4
      vertex 116.017 61.0056 0
      vertex 115.764 60.8542 0
    endloop
  endfacet
  facet normal -0.427531 0.904001 0
    outer loop
      vertex 115.764 60.8542 0
      vertex 115.498 60.7284 4
      vertex 115.764 60.8542 4
    endloop
  endfacet
  facet normal -0.427531 0.904001 0
    outer loop
      vertex 115.498 60.7284 4
      vertex 115.764 60.8542 0
      vertex 115.498 60.7284 0
    endloop
  endfacet
  facet normal -0.337154 0.941449 0
    outer loop
      vertex 115.498 60.7284 0
      vertex 115.221 60.6292 4
      vertex 115.498 60.7284 4
    endloop
  endfacet
  facet normal -0.337154 0.941449 0
    outer loop
      vertex 115.221 60.6292 4
      vertex 115.498 60.7284 0
      vertex 115.221 60.6292 0
    endloop
  endfacet
  facet normal -0.242855 0.970063 0
    outer loop
      vertex 115.221 60.6292 0
      vertex 114.935 60.5576 4
      vertex 115.221 60.6292 4
    endloop
  endfacet
  facet normal -0.242855 0.970063 0
    outer loop
      vertex 114.935 60.5576 4
      vertex 115.221 60.6292 0
      vertex 114.935 60.5576 0
    endloop
  endfacet
  facet normal -0.146512 0.989209 0
    outer loop
      vertex 114.935 60.5576 0
      vertex 114.644 60.5145 4
      vertex 114.935 60.5576 4
    endloop
  endfacet
  facet normal -0.146512 0.989209 0
    outer loop
      vertex 114.644 60.5145 4
      vertex 114.935 60.5576 0
      vertex 114.644 60.5145 0
    endloop
  endfacet
  facet normal -0.0492599 0.998786 0
    outer loop
      vertex 114.644 60.5145 0
      vertex 114.35 60.5 4
      vertex 114.644 60.5145 4
    endloop
  endfacet
  facet normal -0.0492599 0.998786 0
    outer loop
      vertex 114.35 60.5 4
      vertex 114.644 60.5145 0
      vertex 114.35 60.5 0
    endloop
  endfacet
  facet normal 0 1 -0
    outer loop
      vertex 114.35 60.5 0
      vertex 90.5667 60.5 4
      vertex 114.35 60.5 4
    endloop
  endfacet
  facet normal 0 1 0
    outer loop
      vertex 90.5667 60.5 4
      vertex 114.35 60.5 0
      vertex 90.5667 60.5 0
    endloop
  endfacet
  facet normal 0.0492431 0.998787 -0
    outer loop
      vertex 19 60.5 0
      vertex 18.7059 60.5145 4
      vertex 19 60.5 4
    endloop
  endfacet
  facet normal 0.0492431 0.998787 0
    outer loop
      vertex 18.7059 60.5145 4
      vertex 19 60.5 0
      vertex 18.7059 60.5145 0
    endloop
  endfacet
  facet normal 0.146413 0.989224 -0
    outer loop
      vertex 18.7059 60.5145 0
      vertex 18.4147 60.5576 4
      vertex 18.7059 60.5145 4
    endloop
  endfacet
  facet normal 0.146413 0.989224 0
    outer loop
      vertex 18.4147 60.5576 4
      vertex 18.7059 60.5145 0
      vertex 18.4147 60.5576 0
    endloop
  endfacet
  facet normal 0.243255 0.969962 -0
    outer loop
      vertex 18.4147 60.5576 0
      vertex 18.1292 60.6292 4
      vertex 18.4147 60.5576 4
    endloop
  endfacet
  facet normal 0.243255 0.969962 0
    outer loop
      vertex 18.1292 60.6292 4
      vertex 18.4147 60.5576 0
      vertex 18.1292 60.6292 0
    endloop
  endfacet
  facet normal 0.336831 0.941565 -0
    outer loop
      vertex 18.1292 60.6292 0
      vertex 17.8519 60.7284 4
      vertex 18.1292 60.6292 4
    endloop
  endfacet
  facet normal 0.336831 0.941565 0
    outer loop
      vertex 17.8519 60.7284 4
      vertex 18.1292 60.6292 0
      vertex 17.8519 60.7284 0
    endloop
  endfacet
  facet normal 0.4274 0.904063 -0
    outer loop
      vertex 17.8519 60.7284 0
      vertex 17.5858 60.8542 4
      vertex 17.8519 60.7284 4
    endloop
  endfacet
  facet normal 0.4274 0.904063 0
    outer loop
      vertex 17.5858 60.8542 4
      vertex 17.8519 60.7284 0
      vertex 17.5858 60.8542 0
    endloop
  endfacet
  facet normal 0.514246 0.857643 -0
    outer loop
      vertex 17.5858 60.8542 0
      vertex 17.3333 61.0056 4
      vertex 17.5858 60.8542 4
    endloop
  endfacet
  facet normal 0.514246 0.857643 0
    outer loop
      vertex 17.3333 61.0056 4
      vertex 17.5858 60.8542 0
      vertex 17.3333 61.0056 0
    endloop
  endfacet
  facet normal 0.595699 0.803208 -0
    outer loop
      vertex 17.3333 61.0056 0
      vertex 17.0968 61.181 4
      vertex 17.3333 61.0056 4
    endloop
  endfacet
  facet normal 0.595699 0.803208 0
    outer loop
      vertex 17.0968 61.181 4
      vertex 17.3333 61.0056 0
      vertex 17.0968 61.181 0
    endloop
  endfacet
  facet normal 0.671607 0.740908 -0
    outer loop
      vertex 17.0968 61.181 0
      vertex 16.8787 61.3787 4
      vertex 17.0968 61.181 4
    endloop
  endfacet
  facet normal 0.671607 0.740908 0
    outer loop
      vertex 16.8787 61.3787 4
      vertex 17.0968 61.181 0
      vertex 16.8787 61.3787 0
    endloop
  endfacet
  facet normal 0.740908 0.671607 0
    outer loop
      vertex 16.8787 61.3787 4
      vertex 16.681 61.5968 0
      vertex 16.681 61.5968 4
    endloop
  endfacet
  facet normal 0.740908 0.671607 0
    outer loop
      vertex 16.681 61.5968 0
      vertex 16.8787 61.3787 4
      vertex 16.8787 61.3787 0
    endloop
  endfacet
  facet normal 0.803208 0.595699 0
    outer loop
      vertex 16.681 61.5968 4
      vertex 16.5056 61.8333 0
      vertex 16.5056 61.8333 4
    endloop
  endfacet
  facet normal 0.803208 0.595699 0
    outer loop
      vertex 16.5056 61.8333 0
      vertex 16.681 61.5968 4
      vertex 16.681 61.5968 0
    endloop
  endfacet
  facet normal 0.857643 0.514246 0
    outer loop
      vertex 16.5056 61.8333 4
      vertex 16.3542 62.0858 0
      vertex 16.3542 62.0858 4
    endloop
  endfacet
  facet normal 0.857643 0.514246 0
    outer loop
      vertex 16.3542 62.0858 0
      vertex 16.5056 61.8333 4
      vertex 16.5056 61.8333 0
    endloop
  endfacet
  facet normal 0.904063 0.4274 0
    outer loop
      vertex 16.3542 62.0858 4
      vertex 16.2284 62.3519 0
      vertex 16.2284 62.3519 4
    endloop
  endfacet
  facet normal 0.904063 0.4274 0
    outer loop
      vertex 16.2284 62.3519 0
      vertex 16.3542 62.0858 4
      vertex 16.3542 62.0858 0
    endloop
  endfacet
  facet normal 0.941565 0.336831 0
    outer loop
      vertex 16.2284 62.3519 4
      vertex 16.1292 62.6292 0
      vertex 16.1292 62.6292 4
    endloop
  endfacet
  facet normal 0.941565 0.336831 0
    outer loop
      vertex 16.1292 62.6292 0
      vertex 16.2284 62.3519 4
      vertex 16.2284 62.3519 0
    endloop
  endfacet
  facet normal 0.969962 0.243255 0
    outer loop
      vertex 16.1292 62.6292 4
      vertex 16.0576 62.9147 0
      vertex 16.0576 62.9147 4
    endloop
  endfacet
  facet normal 0.969962 0.243255 0
    outer loop
      vertex 16.0576 62.9147 0
      vertex 16.1292 62.6292 4
      vertex 16.1292 62.6292 0
    endloop
  endfacet
  facet normal 0.989224 0.146413 0
    outer loop
      vertex 16.0576 62.9147 4
      vertex 16.0145 63.2059 0
      vertex 16.0145 63.2059 4
    endloop
  endfacet
  facet normal 0.989224 0.146413 0
    outer loop
      vertex 16.0145 63.2059 0
      vertex 16.0576 62.9147 4
      vertex 16.0576 62.9147 0
    endloop
  endfacet
  facet normal 0.998787 0.0492431 0
    outer loop
      vertex 16.0145 63.2059 4
      vertex 16 63.5 0
      vertex 16 63.5 4
    endloop
  endfacet
  facet normal 0.998787 0.0492431 0
    outer loop
      vertex 16 63.5 0
      vertex 16.0145 63.2059 4
      vertex 16.0145 63.2059 0
    endloop
  endfacet
  facet normal 1 -0 0
    outer loop
      vertex 16 63.5 4
      vertex 16 73.75 0
      vertex 16 73.75 4
    endloop
  endfacet
  facet normal 1 0 0
    outer loop
      vertex 16 73.75 0
      vertex 16 63.5 4
      vertex 16 63.5 0
    endloop
  endfacet
  facet normal 0.998787 -0.0492431 0
    outer loop
      vertex 16 73.75 4
      vertex 16.0145 74.0441 0
      vertex 16.0145 74.0441 4
    endloop
  endfacet
  facet normal 0.998787 -0.0492431 0
    outer loop
      vertex 16.0145 74.0441 0
      vertex 16 73.75 4
      vertex 16 73.75 0
    endloop
  endfacet
  facet normal 0.989224 -0.146413 0
    outer loop
      vertex 16.0145 74.0441 4
      vertex 16.0576 74.3353 0
      vertex 16.0576 74.3353 4
    endloop
  endfacet
  facet normal 0.989224 -0.146413 0
    outer loop
      vertex 16.0576 74.3353 0
      vertex 16.0145 74.0441 4
      vertex 16.0145 74.0441 0
    endloop
  endfacet
  facet normal 0.969962 -0.243255 0
    outer loop
      vertex 16.0576 74.3353 4
      vertex 16.1292 74.6208 0
      vertex 16.1292 74.6208 4
    endloop
  endfacet
  facet normal 0.969962 -0.243255 0
    outer loop
      vertex 16.1292 74.6208 0
      vertex 16.0576 74.3353 4
      vertex 16.0576 74.3353 0
    endloop
  endfacet
  facet normal 0.941565 -0.336831 0
    outer loop
      vertex 16.1292 74.6208 4
      vertex 16.2284 74.8981 0
      vertex 16.2284 74.8981 4
    endloop
  endfacet
  facet normal 0.941565 -0.336831 0
    outer loop
      vertex 16.2284 74.8981 0
      vertex 16.1292 74.6208 4
      vertex 16.1292 74.6208 0
    endloop
  endfacet
  facet normal 0.904063 -0.4274 0
    outer loop
      vertex 16.2284 74.8981 4
      vertex 16.3542 75.1642 0
      vertex 16.3542 75.1642 4
    endloop
  endfacet
  facet normal 0.904063 -0.4274 0
    outer loop
      vertex 16.3542 75.1642 0
      vertex 16.2284 74.8981 4
      vertex 16.2284 74.8981 0
    endloop
  endfacet
  facet normal 0.857643 -0.514246 0
    outer loop
      vertex 16.3542 75.1642 4
      vertex 16.5056 75.4167 0
      vertex 16.5056 75.4167 4
    endloop
  endfacet
  facet normal 0.857643 -0.514246 0
    outer loop
      vertex 16.5056 75.4167 0
      vertex 16.3542 75.1642 4
      vertex 16.3542 75.1642 0
    endloop
  endfacet
  facet normal 0.803208 -0.595699 0
    outer loop
      vertex 16.5056 75.4167 4
      vertex 16.681 75.6532 0
      vertex 16.681 75.6532 4
    endloop
  endfacet
  facet normal 0.803208 -0.595699 0
    outer loop
      vertex 16.681 75.6532 0
      vertex 16.5056 75.4167 4
      vertex 16.5056 75.4167 0
    endloop
  endfacet
  facet normal 0.740908 -0.671607 0
    outer loop
      vertex 16.681 75.6532 4
      vertex 16.8787 75.8713 0
      vertex 16.8787 75.8713 4
    endloop
  endfacet
  facet normal 0.740908 -0.671607 0
    outer loop
      vertex 16.8787 75.8713 0
      vertex 16.681 75.6532 4
      vertex 16.681 75.6532 0
    endloop
  endfacet
  facet normal 0.671607 -0.740908 0
    outer loop
      vertex 16.8787 75.8713 0
      vertex 17.0968 76.069 4
      vertex 16.8787 75.8713 4
    endloop
  endfacet
  facet normal 0.671607 -0.740908 0
    outer loop
      vertex 17.0968 76.069 4
      vertex 16.8787 75.8713 0
      vertex 17.0968 76.069 0
    endloop
  endfacet
  facet normal 0.595699 -0.803208 0
    outer loop
      vertex 17.0968 76.069 0
      vertex 17.3333 76.2444 4
      vertex 17.0968 76.069 4
    endloop
  endfacet
  facet normal 0.595699 -0.803208 0
    outer loop
      vertex 17.3333 76.2444 4
      vertex 17.0968 76.069 0
      vertex 17.3333 76.2444 0
    endloop
  endfacet
  facet normal 0.514246 -0.857643 0
    outer loop
      vertex 17.3333 76.2444 0
      vertex 17.5858 76.3958 4
      vertex 17.3333 76.2444 4
    endloop
  endfacet
  facet normal 0.514246 -0.857643 0
    outer loop
      vertex 17.5858 76.3958 4
      vertex 17.3333 76.2444 0
      vertex 17.5858 76.3958 0
    endloop
  endfacet
  facet normal 0.4274 -0.904063 0
    outer loop
      vertex 17.5858 76.3958 0
      vertex 17.8519 76.5216 4
      vertex 17.5858 76.3958 4
    endloop
  endfacet
  facet normal 0.4274 -0.904063 0
    outer loop
      vertex 17.8519 76.5216 4
      vertex 17.5858 76.3958 0
      vertex 17.8519 76.5216 0
    endloop
  endfacet
  facet normal 0.336831 -0.941565 0
    outer loop
      vertex 17.8519 76.5216 0
      vertex 18.1292 76.6208 4
      vertex 17.8519 76.5216 4
    endloop
  endfacet
  facet normal 0.336831 -0.941565 0
    outer loop
      vertex 18.1292 76.6208 4
      vertex 17.8519 76.5216 0
      vertex 18.1292 76.6208 0
    endloop
  endfacet
  facet normal 0.243255 -0.969962 0
    outer loop
      vertex 18.1292 76.6208 0
      vertex 18.4147 76.6924 4
      vertex 18.1292 76.6208 4
    endloop
  endfacet
  facet normal 0.243255 -0.969962 0
    outer loop
      vertex 18.4147 76.6924 4
      vertex 18.1292 76.6208 0
      vertex 18.4147 76.6924 0
    endloop
  endfacet
  facet normal 0.146413 -0.989224 0
    outer loop
      vertex 18.4147 76.6924 0
      vertex 18.7059 76.7355 4
      vertex 18.4147 76.6924 4
    endloop
  endfacet
  facet normal 0.146413 -0.989224 0
    outer loop
      vertex 18.7059 76.7355 4
      vertex 18.4147 76.6924 0
      vertex 18.7059 76.7355 0
    endloop
  endfacet
  facet normal 0.0492431 -0.998787 0
    outer loop
      vertex 18.7059 76.7355 0
      vertex 19 76.75 4
      vertex 18.7059 76.7355 4
    endloop
  endfacet
  facet normal 0.0492431 -0.998787 0
    outer loop
      vertex 19 76.75 4
      vertex 18.7059 76.7355 0
      vertex 19 76.75 0
    endloop
  endfacet
  facet normal 0 -1 0
    outer loop
      vertex 19 76.75 0
      vertex 42.7833 76.75 4
      vertex 19 76.75 4
    endloop
  endfacet
  facet normal 0 -1 -0
    outer loop
      vertex 42.7833 76.75 4
      vertex 19 76.75 0
      vertex 42.7833 76.75 0
    endloop
  endfacet
  facet normal -0.0492431 -0.998787 0
    outer loop
      vertex 42.7833 76.75 0
      vertex 43.0774 76.7355 4
      vertex 42.7833 76.75 4
    endloop
  endfacet
  facet normal -0.0492431 -0.998787 -0
    outer loop
      vertex 43.0774 76.7355 4
      vertex 42.7833 76.75 0
      vertex 43.0774 76.7355 0
    endloop
  endfacet
  facet normal -0.146413 -0.989224 0
    outer loop
      vertex 43.0774 76.7355 0
      vertex 43.3686 76.6924 4
      vertex 43.0774 76.7355 4
    endloop
  endfacet
  facet normal -0.146413 -0.989224 -0
    outer loop
      vertex 43.3686 76.6924 4
      vertex 43.0774 76.7355 0
      vertex 43.3686 76.6924 0
    endloop
  endfacet
  facet normal -0.243175 -0.969982 0
    outer loop
      vertex 43.3686 76.6924 0
      vertex 43.6542 76.6208 4
      vertex 43.3686 76.6924 4
    endloop
  endfacet
  facet normal -0.243175 -0.969982 -0
    outer loop
      vertex 43.6542 76.6208 4
      vertex 43.3686 76.6924 0
      vertex 43.6542 76.6208 0
    endloop
  endfacet
  facet normal -0.336939 -0.941527 0
    outer loop
      vertex 43.6542 76.6208 0
      vertex 43.9314 76.5216 4
      vertex 43.6542 76.6208 4
    endloop
  endfacet
  facet normal -0.336939 -0.941527 -0
    outer loop
      vertex 43.9314 76.5216 4
      vertex 43.6542 76.6208 0
      vertex 43.9314 76.5216 0
    endloop
  endfacet
  facet normal -0.4274 -0.904063 0
    outer loop
      vertex 43.9314 76.5216 0
      vertex 44.1975 76.3958 4
      vertex 43.9314 76.5216 4
    endloop
  endfacet
  facet normal -0.4274 -0.904063 -0
    outer loop
      vertex 44.1975 76.3958 4
      vertex 43.9314 76.5216 0
      vertex 44.1975 76.3958 0
    endloop
  endfacet
  facet normal -0.514246 -0.857643 0
    outer loop
      vertex 44.1975 76.3958 0
      vertex 44.45 76.2444 4
      vertex 44.1975 76.3958 4
    endloop
  endfacet
  facet normal -0.514246 -0.857643 -0
    outer loop
      vertex 44.45 76.2444 4
      vertex 44.1975 76.3958 0
      vertex 44.45 76.2444 0
    endloop
  endfacet
  facet normal -0.595699 -0.803208 0
    outer loop
      vertex 44.45 76.2444 0
      vertex 44.6865 76.069 4
      vertex 44.45 76.2444 4
    endloop
  endfacet
  facet normal -0.595699 -0.803208 -0
    outer loop
      vertex 44.6865 76.069 4
      vertex 44.45 76.2444 0
      vertex 44.6865 76.069 0
    endloop
  endfacet
  facet normal -0.671607 -0.740908 0
    outer loop
      vertex 44.6865 76.069 0
      vertex 44.9046 75.8713 4
      vertex 44.6865 76.069 4
    endloop
  endfacet
  facet normal -0.671607 -0.740908 -0
    outer loop
      vertex 44.9046 75.8713 4
      vertex 44.6865 76.069 0
      vertex 44.9046 75.8713 0
    endloop
  endfacet
  facet normal -0.740739 -0.671793 0
    outer loop
      vertex 45.1024 75.6532 0
      vertex 44.9046 75.8713 4
      vertex 44.9046 75.8713 0
    endloop
  endfacet
  facet normal -0.740739 -0.671793 0
    outer loop
      vertex 44.9046 75.8713 4
      vertex 45.1024 75.6532 0
      vertex 45.1024 75.6532 4
    endloop
  endfacet
  facet normal -0.803371 -0.595479 0
    outer loop
      vertex 45.2777 75.4167 0
      vertex 45.1024 75.6532 4
      vertex 45.1024 75.6532 0
    endloop
  endfacet
  facet normal -0.803371 -0.595479 0
    outer loop
      vertex 45.1024 75.6532 4
      vertex 45.2777 75.4167 0
      vertex 45.2777 75.4167 4
    endloop
  endfacet
  facet normal -0.857643 -0.514246 0
    outer loop
      vertex 45.4291 75.1642 0
      vertex 45.2777 75.4167 4
      vertex 45.2777 75.4167 0
    endloop
  endfacet
  facet normal -0.857643 -0.514246 0
    outer loop
      vertex 45.2777 75.4167 4
      vertex 45.4291 75.1642 0
      vertex 45.4291 75.1642 4
    endloop
  endfacet
  facet normal -0.903931 -0.427677 0
    outer loop
      vertex 45.555 74.8981 0
      vertex 45.4291 75.1642 4
      vertex 45.4291 75.1642 0
    endloop
  endfacet
  facet normal -0.903931 -0.427677 0
    outer loop
      vertex 45.4291 75.1642 4
      vertex 45.555 74.8981 0
      vertex 45.555 74.8981 4
    endloop
  endfacet
  facet normal -0.941673 -0.33653 0
    outer loop
      vertex 45.6541 74.6208 0
      vertex 45.555 74.8981 4
      vertex 45.555 74.8981 0
    endloop
  endfacet
  facet normal -0.941673 -0.33653 0
    outer loop
      vertex 45.555 74.8981 4
      vertex 45.6541 74.6208 0
      vertex 45.6541 74.6208 4
    endloop
  endfacet
  facet normal -0.969962 -0.243255 0
    outer loop
      vertex 45.7257 74.3353 0
      vertex 45.6541 74.6208 4
      vertex 45.6541 74.6208 0
    endloop
  endfacet
  facet normal -0.969962 -0.243255 0
    outer loop
      vertex 45.6541 74.6208 4
      vertex 45.7257 74.3353 0
      vertex 45.7257 74.3353 4
    endloop
  endfacet
  facet normal -0.989174 -0.146746 0
    outer loop
      vertex 45.7689 74.0441 0
      vertex 45.7257 74.3353 4
      vertex 45.7257 74.3353 0
    endloop
  endfacet
  facet normal -0.989174 -0.146746 0
    outer loop
      vertex 45.7257 74.3353 4
      vertex 45.7689 74.0441 0
      vertex 45.7689 74.0441 4
    endloop
  endfacet
  facet normal -0.998803 -0.0489044 0
    outer loop
      vertex 45.7833 73.75 0
      vertex 45.7689 74.0441 4
      vertex 45.7689 74.0441 0
    endloop
  endfacet
  facet normal -0.998803 -0.0489044 0
    outer loop
      vertex 45.7689 74.0441 4
      vertex 45.7833 73.75 0
      vertex 45.7833 73.75 4
    endloop
  endfacet
  facet normal -1 0 0
    outer loop
      vertex 45.7833 63.5 0
      vertex 45.7833 73.75 4
      vertex 45.7833 73.75 0
    endloop
  endfacet
  facet normal -1 -0 0
    outer loop
      vertex 45.7833 73.75 4
      vertex 45.7833 63.5 0
      vertex 45.7833 63.5 4
    endloop
  endfacet
  facet normal -0.998803 0.0489044 0
    outer loop
      vertex 45.7689 63.2059 0
      vertex 45.7833 63.5 4
      vertex 45.7833 63.5 0
    endloop
  endfacet
  facet normal -0.998803 0.0489044 0
    outer loop
      vertex 45.7833 63.5 4
      vertex 45.7689 63.2059 0
      vertex 45.7689 63.2059 4
    endloop
  endfacet
  facet normal -0.989174 0.146746 0
    outer loop
      vertex 45.7257 62.9147 0
      vertex 45.7689 63.2059 4
      vertex 45.7689 63.2059 0
    endloop
  endfacet
  facet normal -0.989174 0.146746 0
    outer loop
      vertex 45.7689 63.2059 4
      vertex 45.7257 62.9147 0
      vertex 45.7257 62.9147 4
    endloop
  endfacet
  facet normal -0.969962 0.243255 0
    outer loop
      vertex 45.6541 62.6292 0
      vertex 45.7257 62.9147 4
      vertex 45.7257 62.9147 0
    endloop
  endfacet
  facet normal -0.969962 0.243255 0
    outer loop
      vertex 45.7257 62.9147 4
      vertex 45.6541 62.6292 0
      vertex 45.6541 62.6292 4
    endloop
  endfacet
  facet normal -0.941673 0.33653 0
    outer loop
      vertex 45.555 62.3519 0
      vertex 45.6541 62.6292 4
      vertex 45.6541 62.6292 0
    endloop
  endfacet
  facet normal -0.941673 0.33653 0
    outer loop
      vertex 45.6541 62.6292 4
      vertex 45.555 62.3519 0
      vertex 45.555 62.3519 4
    endloop
  endfacet
  facet normal -0.903931 0.427677 0
    outer loop
      vertex 45.4291 62.0858 0
      vertex 45.555 62.3519 4
      vertex 45.555 62.3519 0
    endloop
  endfacet
  facet normal -0.903931 0.427677 0
    outer loop
      vertex 45.555 62.3519 4
      vertex 45.4291 62.0858 0
      vertex 45.4291 62.0858 4
    endloop
  endfacet
  facet normal -0.857643 0.514246 0
    outer loop
      vertex 45.2777 61.8333 0
      vertex 45.4291 62.0858 4
      vertex 45.4291 62.0858 0
    endloop
  endfacet
  facet normal -0.857643 0.514246 0
    outer loop
      vertex 45.4291 62.0858 4
      vertex 45.2777 61.8333 0
      vertex 45.2777 61.8333 4
    endloop
  endfacet
  facet normal -0.803371 0.595479 0
    outer loop
      vertex 45.1024 61.5968 0
      vertex 45.2777 61.8333 4
      vertex 45.2777 61.8333 0
    endloop
  endfacet
  facet normal -0.803371 0.595479 0
    outer loop
      vertex 45.2777 61.8333 4
      vertex 45.1024 61.5968 0
      vertex 45.1024 61.5968 4
    endloop
  endfacet
  facet normal -0.740739 0.671793 0
    outer loop
      vertex 44.9046 61.3787 0
      vertex 45.1024 61.5968 4
      vertex 45.1024 61.5968 0
    endloop
  endfacet
  facet normal -0.740739 0.671793 0
    outer loop
      vertex 45.1024 61.5968 4
      vertex 44.9046 61.3787 0
      vertex 44.9046 61.3787 4
    endloop
  endfacet
  facet normal -0.671607 0.740908 0
    outer loop
      vertex 44.9046 61.3787 0
      vertex 44.6865 61.181 4
      vertex 44.9046 61.3787 4
    endloop
  endfacet
  facet normal -0.671607 0.740908 0
    outer loop
      vertex 44.6865 61.181 4
      vertex 44.9046 61.3787 0
      vertex 44.6865 61.181 0
    endloop
  endfacet
  facet normal -0.595699 0.803208 0
    outer loop
      vertex 44.6865 61.181 0
      vertex 44.45 61.0056 4
      vertex 44.6865 61.181 4
    endloop
  endfacet
  facet normal -0.595699 0.803208 0
    outer loop
      vertex 44.45 61.0056 4
      vertex 44.6865 61.181 0
      vertex 44.45 61.0056 0
    endloop
  endfacet
  facet normal -0.514246 0.857643 0
    outer loop
      vertex 44.45 61.0056 0
      vertex 44.1975 60.8542 4
      vertex 44.45 61.0056 4
    endloop
  endfacet
  facet normal -0.514246 0.857643 0
    outer loop
      vertex 44.1975 60.8542 4
      vertex 44.45 61.0056 0
      vertex 44.1975 60.8542 0
    endloop
  endfacet
  facet normal -0.4274 0.904063 0
    outer loop
      vertex 44.1975 60.8542 0
      vertex 43.9314 60.7284 4
      vertex 44.1975 60.8542 4
    endloop
  endfacet
  facet normal -0.4274 0.904063 0
    outer loop
      vertex 43.9314 60.7284 4
      vertex 44.1975 60.8542 0
      vertex 43.9314 60.7284 0
    endloop
  endfacet
  facet normal -0.336939 0.941527 0
    outer loop
      vertex 43.9314 60.7284 0
      vertex 43.6542 60.6292 4
      vertex 43.9314 60.7284 4
    endloop
  endfacet
  facet normal -0.336939 0.941527 0
    outer loop
      vertex 43.6542 60.6292 4
      vertex 43.9314 60.7284 0
      vertex 43.6542 60.6292 0
    endloop
  endfacet
  facet normal -0.243175 0.969982 0
    outer loop
      vertex 43.6542 60.6292 0
      vertex 43.3686 60.5576 4
      vertex 43.6542 60.6292 4
    endloop
  endfacet
  facet normal -0.243175 0.969982 0
    outer loop
      vertex 43.3686 60.5576 4
      vertex 43.6542 60.6292 0
      vertex 43.3686 60.5576 0
    endloop
  endfacet
  facet normal -0.146413 0.989224 0
    outer loop
      vertex 43.3686 60.5576 0
      vertex 43.0774 60.5145 4
      vertex 43.3686 60.5576 4
    endloop
  endfacet
  facet normal -0.146413 0.989224 0
    outer loop
      vertex 43.0774 60.5145 4
      vertex 43.3686 60.5576 0
      vertex 43.0774 60.5145 0
    endloop
  endfacet
  facet normal -0.0492431 0.998787 0
    outer loop
      vertex 43.0774 60.5145 0
      vertex 42.7833 60.5 4
      vertex 43.0774 60.5145 4
    endloop
  endfacet
  facet normal -0.0492431 0.998787 0
    outer loop
      vertex 42.7833 60.5 4
      vertex 43.0774 60.5145 0
      vertex 42.7833 60.5 0
    endloop
  endfacet
  facet normal 0 1 -0
    outer loop
      vertex 42.7833 60.5 0
      vertex 19 60.5 4
      vertex 42.7833 60.5 4
    endloop
  endfacet
  facet normal 0 1 0
    outer loop
      vertex 19 60.5 4
      vertex 42.7833 60.5 0
      vertex 19 60.5 0
    endloop
  endfacet
  facet normal 0.0492599 0.998786 -0
    outer loop
      vertex 54.7833 38.25 0
      vertex 54.4893 38.2645 4
      vertex 54.7833 38.25 4
    endloop
  endfacet
  facet normal 0.0492599 0.998786 0
    outer loop
      vertex 54.4893 38.2645 4
      vertex 54.7833 38.25 0
      vertex 54.4893 38.2645 0
    endloop
  endfacet
  facet normal 0.146413 0.989224 -0
    outer loop
      vertex 54.4893 38.2645 0
      vertex 54.1981 38.3076 4
      vertex 54.4893 38.2645 4
    endloop
  endfacet
  facet normal 0.146413 0.989224 0
    outer loop
      vertex 54.1981 38.3076 4
      vertex 54.4893 38.2645 0
      vertex 54.1981 38.3076 0
    endloop
  endfacet
  facet normal 0.243175 0.969982 -0
    outer loop
      vertex 54.1981 38.3076 0
      vertex 53.9125 38.3792 4
      vertex 54.1981 38.3076 4
    endloop
  endfacet
  facet normal 0.243175 0.969982 0
    outer loop
      vertex 53.9125 38.3792 4
      vertex 54.1981 38.3076 0
      vertex 53.9125 38.3792 0
    endloop
  endfacet
  facet normal 0.336939 0.941527 -0
    outer loop
      vertex 53.9125 38.3792 0
      vertex 53.6353 38.4784 4
      vertex 53.9125 38.3792 4
    endloop
  endfacet
  facet normal 0.336939 0.941527 0
    outer loop
      vertex 53.6353 38.4784 4
      vertex 53.9125 38.3792 0
      vertex 53.6353 38.4784 0
    endloop
  endfacet
  facet normal 0.427269 0.904125 -0
    outer loop
      vertex 53.6353 38.4784 0
      vertex 53.3691 38.6042 4
      vertex 53.6353 38.4784 4
    endloop
  endfacet
  facet normal 0.427269 0.904125 0
    outer loop
      vertex 53.3691 38.6042 4
      vertex 53.6353 38.4784 0
      vertex 53.3691 38.6042 0
    endloop
  endfacet
  facet normal 0.514246 0.857643 -0
    outer loop
      vertex 53.3691 38.6042 0
      vertex 53.1166 38.7556 4
      vertex 53.3691 38.6042 4
    endloop
  endfacet
  facet normal 0.514246 0.857643 0
    outer loop
      vertex 53.1166 38.7556 4
      vertex 53.3691 38.6042 0
      vertex 53.1166 38.7556 0
    endloop
  endfacet
  facet normal 0.595699 0.803208 -0
    outer loop
      vertex 53.1166 38.7556 0
      vertex 52.8801 38.931 4
      vertex 53.1166 38.7556 4
    endloop
  endfacet
  facet normal 0.595699 0.803208 0
    outer loop
      vertex 52.8801 38.931 4
      vertex 53.1166 38.7556 0
      vertex 52.8801 38.931 0
    endloop
  endfacet
  facet normal 0.671607 0.740908 -0
    outer loop
      vertex 52.8801 38.931 0
      vertex 52.662 39.1287 4
      vertex 52.8801 38.931 4
    endloop
  endfacet
  facet normal 0.671607 0.740908 0
    outer loop
      vertex 52.662 39.1287 4
      vertex 52.8801 38.931 0
      vertex 52.662 39.1287 0
    endloop
  endfacet
  facet normal 0.740908 0.671607 0
    outer loop
      vertex 52.662 39.1287 4
      vertex 52.4643 39.3468 0
      vertex 52.4643 39.3468 4
    endloop
  endfacet
  facet normal 0.740908 0.671607 0
    outer loop
      vertex 52.4643 39.3468 0
      vertex 52.662 39.1287 4
      vertex 52.662 39.1287 0
    endloop
  endfacet
  facet normal 0.803208 0.595699 0
    outer loop
      vertex 52.4643 39.3468 4
      vertex 52.2889 39.5833 0
      vertex 52.2889 39.5833 4
    endloop
  endfacet
  facet normal 0.803208 0.595699 0
    outer loop
      vertex 52.2889 39.5833 0
      vertex 52.4643 39.3468 4
      vertex 52.4643 39.3468 0
    endloop
  endfacet
  facet normal 0.857793 0.513996 0
    outer loop
      vertex 52.2889 39.5833 4
      vertex 52.1376 39.8358 0
      vertex 52.1376 39.8358 4
    endloop
  endfacet
  facet normal 0.857793 0.513996 0
    outer loop
      vertex 52.1376 39.8358 0
      vertex 52.2889 39.5833 4
      vertex 52.2889 39.5833 0
    endloop
  endfacet
  facet normal 0.903931 0.427677 0
    outer loop
      vertex 52.1376 39.8358 4
      vertex 52.0117 40.1019 0
      vertex 52.0117 40.1019 4
    endloop
  endfacet
  facet normal 0.903931 0.427677 0
    outer loop
      vertex 52.0117 40.1019 0
      vertex 52.1376 39.8358 4
      vertex 52.1376 39.8358 0
    endloop
  endfacet
  facet normal 0.941565 0.336831 0
    outer loop
      vertex 52.0117 40.1019 4
      vertex 51.9125 40.3792 0
      vertex 51.9125 40.3792 4
    endloop
  endfacet
  facet normal 0.941565 0.336831 0
    outer loop
      vertex 51.9125 40.3792 0
      vertex 52.0117 40.1019 4
      vertex 52.0117 40.1019 0
    endloop
  endfacet
  facet normal 0.970042 0.242935 0
    outer loop
      vertex 51.9125 40.3792 4
      vertex 51.841 40.6647 0
      vertex 51.841 40.6647 4
    endloop
  endfacet
  facet normal 0.970042 0.242935 0
    outer loop
      vertex 51.841 40.6647 0
      vertex 51.9125 40.3792 4
      vertex 51.9125 40.3792 0
    endloop
  endfacet
  facet normal 0.989174 0.146746 0
    outer loop
      vertex 51.841 40.6647 4
      vertex 51.7978 40.9559 0
      vertex 51.7978 40.9559 4
    endloop
  endfacet
  facet normal 0.989174 0.146746 0
    outer loop
      vertex 51.7978 40.9559 0
      vertex 51.841 40.6647 4
      vertex 51.841 40.6647 0
    endloop
  endfacet
  facet normal 0.998787 0.0492431 0
    outer loop
      vertex 51.7978 40.9559 4
      vertex 51.7833 41.25 0
      vertex 51.7833 41.25 4
    endloop
  endfacet
  facet normal 0.998787 0.0492431 0
    outer loop
      vertex 51.7833 41.25 0
      vertex 51.7978 40.9559 4
      vertex 51.7978 40.9559 0
    endloop
  endfacet
  facet normal 1 -0 0
    outer loop
      vertex 51.7833 41.25 4
      vertex 51.7833 51.5 0
      vertex 51.7833 51.5 4
    endloop
  endfacet
  facet normal 1 0 0
    outer loop
      vertex 51.7833 51.5 0
      vertex 51.7833 41.25 4
      vertex 51.7833 41.25 0
    endloop
  endfacet
  facet normal 0.998787 -0.0492431 0
    outer loop
      vertex 51.7833 51.5 4
      vertex 51.7978 51.7941 0
      vertex 51.7978 51.7941 4
    endloop
  endfacet
  facet normal 0.998787 -0.0492431 0
    outer loop
      vertex 51.7978 51.7941 0
      vertex 51.7833 51.5 4
      vertex 51.7833 51.5 0
    endloop
  endfacet
  facet normal 0.989174 -0.146746 0
    outer loop
      vertex 51.7978 51.7941 4
      vertex 51.841 52.0853 0
      vertex 51.841 52.0853 4
    endloop
  endfacet
  facet normal 0.989174 -0.146746 0
    outer loop
      vertex 51.841 52.0853 0
      vertex 51.7978 51.7941 4
      vertex 51.7978 51.7941 0
    endloop
  endfacet
  facet normal 0.970042 -0.242935 0
    outer loop
      vertex 51.841 52.0853 4
      vertex 51.9125 52.3708 0
      vertex 51.9125 52.3708 4
    endloop
  endfacet
  facet normal 0.970042 -0.242935 0
    outer loop
      vertex 51.9125 52.3708 0
      vertex 51.841 52.0853 4
      vertex 51.841 52.0853 0
    endloop
  endfacet
  facet normal 0.941565 -0.336831 0
    outer loop
      vertex 51.9125 52.3708 4
      vertex 52.0117 52.6481 0
      vertex 52.0117 52.6481 4
    endloop
  endfacet
  facet normal 0.941565 -0.336831 0
    outer loop
      vertex 52.0117 52.6481 0
      vertex 51.9125 52.3708 4
      vertex 51.9125 52.3708 0
    endloop
  endfacet
  facet normal 0.903931 -0.427677 0
    outer loop
      vertex 52.0117 52.6481 4
      vertex 52.1376 52.9142 0
      vertex 52.1376 52.9142 4
    endloop
  endfacet
  facet normal 0.903931 -0.427677 0
    outer loop
      vertex 52.1376 52.9142 0
      vertex 52.0117 52.6481 4
      vertex 52.0117 52.6481 0
    endloop
  endfacet
  facet normal 0.857793 -0.513996 0
    outer loop
      vertex 52.1376 52.9142 4
      vertex 52.2889 53.1667 0
      vertex 52.2889 53.1667 4
    endloop
  endfacet
  facet normal 0.857793 -0.513996 0
    outer loop
      vertex 52.2889 53.1667 0
      vertex 52.1376 52.9142 4
      vertex 52.1376 52.9142 0
    endloop
  endfacet
  facet normal 0.803208 -0.595699 0
    outer loop
      vertex 52.2889 53.1667 4
      vertex 52.4643 53.4032 0
      vertex 52.4643 53.4032 4
    endloop
  endfacet
  facet normal 0.803208 -0.595699 0
    outer loop
      vertex 52.4643 53.4032 0
      vertex 52.2889 53.1667 4
      vertex 52.2889 53.1667 0
    endloop
  endfacet
  facet normal 0.740908 -0.671607 0
    outer loop
      vertex 52.4643 53.4032 4
      vertex 52.662 53.6213 0
      vertex 52.662 53.6213 4
    endloop
  endfacet
  facet normal 0.740908 -0.671607 0
    outer loop
      vertex 52.662 53.6213 0
      vertex 52.4643 53.4032 4
      vertex 52.4643 53.4032 0
    endloop
  endfacet
  facet normal 0.671607 -0.740908 0
    outer loop
      vertex 52.662 53.6213 0
      vertex 52.8801 53.819 4
      vertex 52.662 53.6213 4
    endloop
  endfacet
  facet normal 0.671607 -0.740908 0
    outer loop
      vertex 52.8801 53.819 4
      vertex 52.662 53.6213 0
      vertex 52.8801 53.819 0
    endloop
  endfacet
  facet normal 0.595699 -0.803208 0
    outer loop
      vertex 52.8801 53.819 0
      vertex 53.1166 53.9944 4
      vertex 52.8801 53.819 4
    endloop
  endfacet
  facet normal 0.595699 -0.803208 0
    outer loop
      vertex 53.1166 53.9944 4
      vertex 52.8801 53.819 0
      vertex 53.1166 53.9944 0
    endloop
  endfacet
  facet normal 0.514246 -0.857643 0
    outer loop
      vertex 53.1166 53.9944 0
      vertex 53.3691 54.1458 4
      vertex 53.1166 53.9944 4
    endloop
  endfacet
  facet normal 0.514246 -0.857643 0
    outer loop
      vertex 53.3691 54.1458 4
      vertex 53.1166 53.9944 0
      vertex 53.3691 54.1458 0
    endloop
  endfacet
  facet normal 0.427269 -0.904125 0
    outer loop
      vertex 53.3691 54.1458 0
      vertex 53.6353 54.2716 4
      vertex 53.3691 54.1458 4
    endloop
  endfacet
  facet normal 0.427269 -0.904125 0
    outer loop
      vertex 53.6353 54.2716 4
      vertex 53.3691 54.1458 0
      vertex 53.6353 54.2716 0
    endloop
  endfacet
  facet normal 0.336939 -0.941527 0
    outer loop
      vertex 53.6353 54.2716 0
      vertex 53.9125 54.3708 4
      vertex 53.6353 54.2716 4
    endloop
  endfacet
  facet normal 0.336939 -0.941527 0
    outer loop
      vertex 53.9125 54.3708 4
      vertex 53.6353 54.2716 0
      vertex 53.9125 54.3708 0
    endloop
  endfacet
  facet normal 0.243175 -0.969982 0
    outer loop
      vertex 53.9125 54.3708 0
      vertex 54.1981 54.4424 4
      vertex 53.9125 54.3708 4
    endloop
  endfacet
  facet normal 0.243175 -0.969982 0
    outer loop
      vertex 54.1981 54.4424 4
      vertex 53.9125 54.3708 0
      vertex 54.1981 54.4424 0
    endloop
  endfacet
  facet normal 0.146413 -0.989224 0
    outer loop
      vertex 54.1981 54.4424 0
      vertex 54.4893 54.4855 4
      vertex 54.1981 54.4424 4
    endloop
  endfacet
  facet normal 0.146413 -0.989224 0
    outer loop
      vertex 54.4893 54.4855 4
      vertex 54.1981 54.4424 0
      vertex 54.4893 54.4855 0
    endloop
  endfacet
  facet normal 0.0492599 -0.998786 0
    outer loop
      vertex 54.4893 54.4855 0
      vertex 54.7833 54.5 4
      vertex 54.4893 54.4855 4
    endloop
  endfacet
  facet normal 0.0492599 -0.998786 0
    outer loop
      vertex 54.7833 54.5 4
      vertex 54.4893 54.4855 0
      vertex 54.7833 54.5 0
    endloop
  endfacet
  facet normal 0 -1 0
    outer loop
      vertex 54.7833 54.5 0
      vertex 78.5667 54.5 4
      vertex 54.7833 54.5 4
    endloop
  endfacet
  facet normal 0 -1 -0
    outer loop
      vertex 78.5667 54.5 4
      vertex 54.7833 54.5 0
      vertex 78.5667 54.5 0
    endloop
  endfacet
  facet normal -0.0492599 -0.998786 0
    outer loop
      vertex 78.5667 54.5 0
      vertex 78.8607 54.4855 4
      vertex 78.5667 54.5 4
    endloop
  endfacet
  facet normal -0.0492599 -0.998786 -0
    outer loop
      vertex 78.8607 54.4855 4
      vertex 78.5667 54.5 0
      vertex 78.8607 54.4855 0
    endloop
  endfacet
  facet normal -0.146413 -0.989224 0
    outer loop
      vertex 78.8607 54.4855 0
      vertex 79.1519 54.4424 4
      vertex 78.8607 54.4855 4
    endloop
  endfacet
  facet normal -0.146413 -0.989224 -0
    outer loop
      vertex 79.1519 54.4424 4
      vertex 78.8607 54.4855 0
      vertex 79.1519 54.4424 0
    endloop
  endfacet
  facet normal -0.243175 -0.969982 0
    outer loop
      vertex 79.1519 54.4424 0
      vertex 79.4375 54.3708 4
      vertex 79.1519 54.4424 4
    endloop
  endfacet
  facet normal -0.243175 -0.969982 -0
    outer loop
      vertex 79.4375 54.3708 4
      vertex 79.1519 54.4424 0
      vertex 79.4375 54.3708 0
    endloop
  endfacet
  facet normal -0.336939 -0.941527 0
    outer loop
      vertex 79.4375 54.3708 0
      vertex 79.7147 54.2716 4
      vertex 79.4375 54.3708 4
    endloop
  endfacet
  facet normal -0.336939 -0.941527 -0
    outer loop
      vertex 79.7147 54.2716 4
      vertex 79.4375 54.3708 0
      vertex 79.7147 54.2716 0
    endloop
  endfacet
  facet normal -0.4274 -0.904063 0
    outer loop
      vertex 79.7147 54.2716 0
      vertex 79.9808 54.1458 4
      vertex 79.7147 54.2716 4
    endloop
  endfacet
  facet normal -0.4274 -0.904063 -0
    outer loop
      vertex 79.9808 54.1458 4
      vertex 79.7147 54.2716 0
      vertex 79.9808 54.1458 0
    endloop
  endfacet
  facet normal -0.514096 -0.857733 0
    outer loop
      vertex 79.9808 54.1458 0
      vertex 80.2334 53.9944 4
      vertex 79.9808 54.1458 4
    endloop
  endfacet
  facet normal -0.514096 -0.857733 -0
    outer loop
      vertex 80.2334 53.9944 4
      vertex 79.9808 54.1458 0
      vertex 80.2334 53.9944 0
    endloop
  endfacet
  facet normal -0.595861 -0.803088 0
    outer loop
      vertex 80.2334 53.9944 0
      vertex 80.4698 53.819 4
      vertex 80.2334 53.9944 4
    endloop
  endfacet
  facet normal -0.595861 -0.803088 -0
    outer loop
      vertex 80.4698 53.819 4
      vertex 80.2334 53.9944 0
      vertex 80.4698 53.819 0
    endloop
  endfacet
  facet normal -0.671438 -0.741061 0
    outer loop
      vertex 80.4698 53.819 0
      vertex 80.688 53.6213 4
      vertex 80.4698 53.819 4
    endloop
  endfacet
  facet normal -0.671438 -0.741061 -0
    outer loop
      vertex 80.688 53.6213 4
      vertex 80.4698 53.819 0
      vertex 80.688 53.6213 0
    endloop
  endfacet
  facet normal -0.740908 -0.671607 0
    outer loop
      vertex 80.8857 53.4032 0
      vertex 80.688 53.6213 4
      vertex 80.688 53.6213 0
    endloop
  endfacet
  facet normal -0.740908 -0.671607 0
    outer loop
      vertex 80.688 53.6213 4
      vertex 80.8857 53.4032 0
      vertex 80.8857 53.4032 4
    endloop
  endfacet
  facet normal -0.803208 -0.595699 0
    outer loop
      vertex 81.0611 53.1667 0
      vertex 80.8857 53.4032 4
      vertex 80.8857 53.4032 0
    endloop
  endfacet
  facet normal -0.803208 -0.595699 0
    outer loop
      vertex 80.8857 53.4032 4
      vertex 81.0611 53.1667 0
      vertex 81.0611 53.1667 4
    endloop
  endfacet
  facet normal -0.857793 -0.513996 0
    outer loop
      vertex 81.2124 52.9142 0
      vertex 81.0611 53.1667 4
      vertex 81.0611 53.1667 0
    endloop
  endfacet
  facet normal -0.857793 -0.513996 0
    outer loop
      vertex 81.0611 53.1667 4
      vertex 81.2124 52.9142 0
      vertex 81.2124 52.9142 4
    endloop
  endfacet
  facet normal -0.903931 -0.427677 0
    outer loop
      vertex 81.3383 52.6481 0
      vertex 81.2124 52.9142 4
      vertex 81.2124 52.9142 0
    endloop
  endfacet
  facet normal -0.903931 -0.427677 0
    outer loop
      vertex 81.2124 52.9142 4
      vertex 81.3383 52.6481 0
      vertex 81.3383 52.6481 4
    endloop
  endfacet
  facet normal -0.941565 -0.336831 0
    outer loop
      vertex 81.4375 52.3708 0
      vertex 81.3383 52.6481 4
      vertex 81.3383 52.6481 0
    endloop
  endfacet
  facet normal -0.941565 -0.336831 0
    outer loop
      vertex 81.3383 52.6481 4
      vertex 81.4375 52.3708 0
      vertex 81.4375 52.3708 4
    endloop
  endfacet
  facet normal -0.970042 -0.242935 0
    outer loop
      vertex 81.509 52.0853 0
      vertex 81.4375 52.3708 4
      vertex 81.4375 52.3708 0
    endloop
  endfacet
  facet normal -0.970042 -0.242935 0
    outer loop
      vertex 81.4375 52.3708 4
      vertex 81.509 52.0853 0
      vertex 81.509 52.0853 4
    endloop
  endfacet
  facet normal -0.989174 -0.146746 0
    outer loop
      vertex 81.5522 51.7941 0
      vertex 81.509 52.0853 4
      vertex 81.509 52.0853 0
    endloop
  endfacet
  facet normal -0.989174 -0.146746 0
    outer loop
      vertex 81.509 52.0853 4
      vertex 81.5522 51.7941 0
      vertex 81.5522 51.7941 4
    endloop
  endfacet
  facet normal -0.998787 -0.0492431 0
    outer loop
      vertex 81.5667 51.5 0
      vertex 81.5522 51.7941 4
      vertex 81.5522 51.7941 0
    endloop
  endfacet
  facet normal -0.998787 -0.0492431 0
    outer loop
      vertex 81.5522 51.7941 4
      vertex 81.5667 51.5 0
      vertex 81.5667 51.5 4
    endloop
  endfacet
  facet normal -1 0 0
    outer loop
      vertex 81.5667 41.25 0
      vertex 81.5667 51.5 4
      vertex 81.5667 51.5 0
    endloop
  endfacet
  facet normal -1 -0 0
    outer loop
      vertex 81.5667 51.5 4
      vertex 81.5667 41.25 0
      vertex 81.5667 41.25 4
    endloop
  endfacet
  facet normal -0.998787 0.0492431 0
    outer loop
      vertex 81.5522 40.9559 0
      vertex 81.5667 41.25 4
      vertex 81.5667 41.25 0
    endloop
  endfacet
  facet normal -0.998787 0.0492431 0
    outer loop
      vertex 81.5667 41.25 4
      vertex 81.5522 40.9559 0
      vertex 81.5522 40.9559 4
    endloop
  endfacet
  facet normal -0.989174 0.146746 0
    outer loop
      vertex 81.509 40.6647 0
      vertex 81.5522 40.9559 4
      vertex 81.5522 40.9559 0
    endloop
  endfacet
  facet normal -0.989174 0.146746 0
    outer loop
      vertex 81.5522 40.9559 4
      vertex 81.509 40.6647 0
      vertex 81.509 40.6647 4
    endloop
  endfacet
  facet normal -0.970042 0.242935 0
    outer loop
      vertex 81.4375 40.3792 0
      vertex 81.509 40.6647 4
      vertex 81.509 40.6647 0
    endloop
  endfacet
  facet normal -0.970042 0.242935 0
    outer loop
      vertex 81.509 40.6647 4
      vertex 81.4375 40.3792 0
      vertex 81.4375 40.3792 4
    endloop
  endfacet
  facet normal -0.941565 0.336831 0
    outer loop
      vertex 81.3383 40.1019 0
      vertex 81.4375 40.3792 4
      vertex 81.4375 40.3792 0
    endloop
  endfacet
  facet normal -0.941565 0.336831 0
    outer loop
      vertex 81.4375 40.3792 4
      vertex 81.3383 40.1019 0
      vertex 81.3383 40.1019 4
    endloop
  endfacet
  facet normal -0.903931 0.427677 0
    outer loop
      vertex 81.2124 39.8358 0
      vertex 81.3383 40.1019 4
      vertex 81.3383 40.1019 0
    endloop
  endfacet
  facet normal -0.903931 0.427677 0
    outer loop
      vertex 81.3383 40.1019 4
      vertex 81.2124 39.8358 0
      vertex 81.2124 39.8358 4
    endloop
  endfacet
  facet normal -0.857793 0.513996 0
    outer loop
      vertex 81.0611 39.5833 0
      vertex 81.2124 39.8358 4
      vertex 81.2124 39.8358 0
    endloop
  endfacet
  facet normal -0.857793 0.513996 0
    outer loop
      vertex 81.2124 39.8358 4
      vertex 81.0611 39.5833 0
      vertex 81.0611 39.5833 4
    endloop
  endfacet
  facet normal -0.803208 0.595699 0
    outer loop
      vertex 80.8857 39.3468 0
      vertex 81.0611 39.5833 4
      vertex 81.0611 39.5833 0
    endloop
  endfacet
  facet normal -0.803208 0.595699 0
    outer loop
      vertex 81.0611 39.5833 4
      vertex 80.8857 39.3468 0
      vertex 80.8857 39.3468 4
    endloop
  endfacet
  facet normal -0.740908 0.671607 0
    outer loop
      vertex 80.688 39.1287 0
      vertex 80.8857 39.3468 4
      vertex 80.8857 39.3468 0
    endloop
  endfacet
  facet normal -0.740908 0.671607 0
    outer loop
      vertex 80.8857 39.3468 4
      vertex 80.688 39.1287 0
      vertex 80.688 39.1287 4
    endloop
  endfacet
  facet normal -0.671438 0.741061 0
    outer loop
      vertex 80.688 39.1287 0
      vertex 80.4698 38.931 4
      vertex 80.688 39.1287 4
    endloop
  endfacet
  facet normal -0.671438 0.741061 0
    outer loop
      vertex 80.4698 38.931 4
      vertex 80.688 39.1287 0
      vertex 80.4698 38.931 0
    endloop
  endfacet
  facet normal -0.595861 0.803088 0
    outer loop
      vertex 80.4698 38.931 0
      vertex 80.2334 38.7556 4
      vertex 80.4698 38.931 4
    endloop
  endfacet
  facet normal -0.595861 0.803088 0
    outer loop
      vertex 80.2334 38.7556 4
      vertex 80.4698 38.931 0
      vertex 80.2334 38.7556 0
    endloop
  endfacet
  facet normal -0.514096 0.857733 0
    outer loop
      vertex 80.2334 38.7556 0
      vertex 79.9808 38.6042 4
      vertex 80.2334 38.7556 4
    endloop
  endfacet
  facet normal -0.514096 0.857733 0
    outer loop
      vertex 79.9808 38.6042 4
      vertex 80.2334 38.7556 0
      vertex 79.9808 38.6042 0
    endloop
  endfacet
  facet normal -0.4274 0.904063 0
    outer loop
      vertex 79.9808 38.6042 0
      vertex 79.7147 38.4784 4
      vertex 79.9808 38.6042 4
    endloop
  endfacet
  facet normal -0.4274 0.904063 0
    outer loop
      vertex 79.7147 38.4784 4
      vertex 79.9808 38.6042 0
      vertex 79.7147 38.4784 0
    endloop
  endfacet
  facet normal -0.336939 0.941527 0
    outer loop
      vertex 79.7147 38.4784 0
      vertex 79.4375 38.3792 4
      vertex 79.7147 38.4784 4
    endloop
  endfacet
  facet normal -0.336939 0.941527 0
    outer loop
      vertex 79.4375 38.3792 4
      vertex 79.7147 38.4784 0
      vertex 79.4375 38.3792 0
    endloop
  endfacet
  facet normal -0.243175 0.969982 0
    outer loop
      vertex 79.4375 38.3792 0
      vertex 79.1519 38.3076 4
      vertex 79.4375 38.3792 4
    endloop
  endfacet
  facet normal -0.243175 0.969982 0
    outer loop
      vertex 79.1519 38.3076 4
      vertex 79.4375 38.3792 0
      vertex 79.1519 38.3076 0
    endloop
  endfacet
  facet normal -0.146413 0.989224 0
    outer loop
      vertex 79.1519 38.3076 0
      vertex 78.8607 38.2645 4
      vertex 79.1519 38.3076 4
    endloop
  endfacet
  facet normal -0.146413 0.989224 0
    outer loop
      vertex 78.8607 38.2645 4
      vertex 79.1519 38.3076 0
      vertex 78.8607 38.2645 0
    endloop
  endfacet
  facet normal -0.0492599 0.998786 0
    outer loop
      vertex 78.8607 38.2645 0
      vertex 78.5667 38.25 4
      vertex 78.8607 38.2645 4
    endloop
  endfacet
  facet normal -0.0492599 0.998786 0
    outer loop
      vertex 78.5667 38.25 4
      vertex 78.8607 38.2645 0
      vertex 78.5667 38.25 0
    endloop
  endfacet
  facet normal 0 1 -0
    outer loop
      vertex 78.5667 38.25 0
      vertex 54.7833 38.25 4
      vertex 78.5667 38.25 4
    endloop
  endfacet
  facet normal 0 1 0
    outer loop
      vertex 54.7833 38.25 4
      vertex 78.5667 38.25 0
      vertex 54.7833 38.25 0
    endloop
  endfacet
  facet normal 0.0492431 0.998787 -0
    outer loop
      vertex 19 38.25 0
      vertex 18.7059 38.2645 4
      vertex 19 38.25 4
    endloop
  endfacet
  facet normal 0.0492431 0.998787 0
    outer loop
      vertex 18.7059 38.2645 4
      vertex 19 38.25 0
      vertex 18.7059 38.2645 0
    endloop
  endfacet
  facet normal 0.146413 0.989224 -0
    outer loop
      vertex 18.7059 38.2645 0
      vertex 18.4147 38.3076 4
      vertex 18.7059 38.2645 4
    endloop
  endfacet
  facet normal 0.146413 0.989224 0
    outer loop
      vertex 18.4147 38.3076 4
      vertex 18.7059 38.2645 0
      vertex 18.4147 38.3076 0
    endloop
  endfacet
  facet normal 0.243255 0.969962 -0
    outer loop
      vertex 18.4147 38.3076 0
      vertex 18.1292 38.3792 4
      vertex 18.4147 38.3076 4
    endloop
  endfacet
  facet normal 0.243255 0.969962 0
    outer loop
      vertex 18.1292 38.3792 4
      vertex 18.4147 38.3076 0
      vertex 18.1292 38.3792 0
    endloop
  endfacet
  facet normal 0.336831 0.941565 -0
    outer loop
      vertex 18.1292 38.3792 0
      vertex 17.8519 38.4784 4
      vertex 18.1292 38.3792 4
    endloop
  endfacet
  facet normal 0.336831 0.941565 0
    outer loop
      vertex 17.8519 38.4784 4
      vertex 18.1292 38.3792 0
      vertex 17.8519 38.4784 0
    endloop
  endfacet
  facet normal 0.4274 0.904063 -0
    outer loop
      vertex 17.8519 38.4784 0
      vertex 17.5858 38.6042 4
      vertex 17.8519 38.4784 4
    endloop
  endfacet
  facet normal 0.4274 0.904063 0
    outer loop
      vertex 17.5858 38.6042 4
      vertex 17.8519 38.4784 0
      vertex 17.5858 38.6042 0
    endloop
  endfacet
  facet normal 0.514246 0.857643 -0
    outer loop
      vertex 17.5858 38.6042 0
      vertex 17.3333 38.7556 4
      vertex 17.5858 38.6042 4
    endloop
  endfacet
  facet normal 0.514246 0.857643 0
    outer loop
      vertex 17.3333 38.7556 4
      vertex 17.5858 38.6042 0
      vertex 17.3333 38.7556 0
    endloop
  endfacet
  facet normal 0.595699 0.803208 -0
    outer loop
      vertex 17.3333 38.7556 0
      vertex 17.0968 38.931 4
      vertex 17.3333 38.7556 4
    endloop
  endfacet
  facet normal 0.595699 0.803208 0
    outer loop
      vertex 17.0968 38.931 4
      vertex 17.3333 38.7556 0
      vertex 17.0968 38.931 0
    endloop
  endfacet
  facet normal 0.671607 0.740908 -0
    outer loop
      vertex 17.0968 38.931 0
      vertex 16.8787 39.1287 4
      vertex 17.0968 38.931 4
    endloop
  endfacet
  facet normal 0.671607 0.740908 0
    outer loop
      vertex 16.8787 39.1287 4
      vertex 17.0968 38.931 0
      vertex 16.8787 39.1287 0
    endloop
  endfacet
  facet normal 0.740908 0.671607 0
    outer loop
      vertex 16.8787 39.1287 4
      vertex 16.681 39.3468 0
      vertex 16.681 39.3468 4
    endloop
  endfacet
  facet normal 0.740908 0.671607 0
    outer loop
      vertex 16.681 39.3468 0
      vertex 16.8787 39.1287 4
      vertex 16.8787 39.1287 0
    endloop
  endfacet
  facet normal 0.803208 0.595699 0
    outer loop
      vertex 16.681 39.3468 4
      vertex 16.5056 39.5833 0
      vertex 16.5056 39.5833 4
    endloop
  endfacet
  facet normal 0.803208 0.595699 0
    outer loop
      vertex 16.5056 39.5833 0
      vertex 16.681 39.3468 4
      vertex 16.681 39.3468 0
    endloop
  endfacet
  facet normal 0.857643 0.514246 0
    outer loop
      vertex 16.5056 39.5833 4
      vertex 16.3542 39.8358 0
      vertex 16.3542 39.8358 4
    endloop
  endfacet
  facet normal 0.857643 0.514246 0
    outer loop
      vertex 16.3542 39.8358 0
      vertex 16.5056 39.5833 4
      vertex 16.5056 39.5833 0
    endloop
  endfacet
  facet normal 0.904063 0.4274 0
    outer loop
      vertex 16.3542 39.8358 4
      vertex 16.2284 40.1019 0
      vertex 16.2284 40.1019 4
    endloop
  endfacet
  facet normal 0.904063 0.4274 0
    outer loop
      vertex 16.2284 40.1019 0
      vertex 16.3542 39.8358 4
      vertex 16.3542 39.8358 0
    endloop
  endfacet
  facet normal 0.941565 0.336831 0
    outer loop
      vertex 16.2284 40.1019 4
      vertex 16.1292 40.3792 0
      vertex 16.1292 40.3792 4
    endloop
  endfacet
  facet normal 0.941565 0.336831 0
    outer loop
      vertex 16.1292 40.3792 0
      vertex 16.2284 40.1019 4
      vertex 16.2284 40.1019 0
    endloop
  endfacet
  facet normal 0.969962 0.243255 0
    outer loop
      vertex 16.1292 40.3792 4
      vertex 16.0576 40.6647 0
      vertex 16.0576 40.6647 4
    endloop
  endfacet
  facet normal 0.969962 0.243255 0
    outer loop
      vertex 16.0576 40.6647 0
      vertex 16.1292 40.3792 4
      vertex 16.1292 40.3792 0
    endloop
  endfacet
  facet normal 0.989224 0.146413 0
    outer loop
      vertex 16.0576 40.6647 4
      vertex 16.0145 40.9559 0
      vertex 16.0145 40.9559 4
    endloop
  endfacet
  facet normal 0.989224 0.146413 0
    outer loop
      vertex 16.0145 40.9559 0
      vertex 16.0576 40.6647 4
      vertex 16.0576 40.6647 0
    endloop
  endfacet
  facet normal 0.998787 0.0492431 0
    outer loop
      vertex 16.0145 40.9559 4
      vertex 16 41.25 0
      vertex 16 41.25 4
    endloop
  endfacet
  facet normal 0.998787 0.0492431 0
    outer loop
      vertex 16 41.25 0
      vertex 16.0145 40.9559 4
      vertex 16.0145 40.9559 0
    endloop
  endfacet
  facet normal 1 -0 0
    outer loop
      vertex 16 41.25 4
      vertex 16 51.5 0
      vertex 16 51.5 4
    endloop
  endfacet
  facet normal 1 0 0
    outer loop
      vertex 16 51.5 0
      vertex 16 41.25 4
      vertex 16 41.25 0
    endloop
  endfacet
  facet normal 0.998787 -0.0492431 0
    outer loop
      vertex 16 51.5 4
      vertex 16.0145 51.7941 0
      vertex 16.0145 51.7941 4
    endloop
  endfacet
  facet normal 0.998787 -0.0492431 0
    outer loop
      vertex 16.0145 51.7941 0
      vertex 16 51.5 4
      vertex 16 51.5 0
    endloop
  endfacet
  facet normal 0.989224 -0.146413 0
    outer loop
      vertex 16.0145 51.7941 4
      vertex 16.0576 52.0853 0
      vertex 16.0576 52.0853 4
    endloop
  endfacet
  facet normal 0.989224 -0.146413 0
    outer loop
      vertex 16.0576 52.0853 0
      vertex 16.0145 51.7941 4
      vertex 16.0145 51.7941 0
    endloop
  endfacet
  facet normal 0.969962 -0.243255 0
    outer loop
      vertex 16.0576 52.0853 4
      vertex 16.1292 52.3708 0
      vertex 16.1292 52.3708 4
    endloop
  endfacet
  facet normal 0.969962 -0.243255 0
    outer loop
      vertex 16.1292 52.3708 0
      vertex 16.0576 52.0853 4
      vertex 16.0576 52.0853 0
    endloop
  endfacet
  facet normal 0.941565 -0.336831 0
    outer loop
      vertex 16.1292 52.3708 4
      vertex 16.2284 52.6481 0
      vertex 16.2284 52.6481 4
    endloop
  endfacet
  facet normal 0.941565 -0.336831 0
    outer loop
      vertex 16.2284 52.6481 0
      vertex 16.1292 52.3708 4
      vertex 16.1292 52.3708 0
    endloop
  endfacet
  facet normal 0.904063 -0.4274 0
    outer loop
      vertex 16.2284 52.6481 4
      vertex 16.3542 52.9142 0
      vertex 16.3542 52.9142 4
    endloop
  endfacet
  facet normal 0.904063 -0.4274 0
    outer loop
      vertex 16.3542 52.9142 0
      vertex 16.2284 52.6481 4
      vertex 16.2284 52.6481 0
    endloop
  endfacet
  facet normal 0.857643 -0.514246 0
    outer loop
      vertex 16.3542 52.9142 4
      vertex 16.5056 53.1667 0
      vertex 16.5056 53.1667 4
    endloop
  endfacet
  facet normal 0.857643 -0.514246 0
    outer loop
      vertex 16.5056 53.1667 0
      vertex 16.3542 52.9142 4
      vertex 16.3542 52.9142 0
    endloop
  endfacet
  facet normal 0.803208 -0.595699 0
    outer loop
      vertex 16.5056 53.1667 4
      vertex 16.681 53.4032 0
      vertex 16.681 53.4032 4
    endloop
  endfacet
  facet normal 0.803208 -0.595699 0
    outer loop
      vertex 16.681 53.4032 0
      vertex 16.5056 53.1667 4
      vertex 16.5056 53.1667 0
    endloop
  endfacet
  facet normal 0.740908 -0.671607 0
    outer loop
      vertex 16.681 53.4032 4
      vertex 16.8787 53.6213 0
      vertex 16.8787 53.6213 4
    endloop
  endfacet
  facet normal 0.740908 -0.671607 0
    outer loop
      vertex 16.8787 53.6213 0
      vertex 16.681 53.4032 4
      vertex 16.681 53.4032 0
    endloop
  endfacet
  facet normal 0.671607 -0.740908 0
    outer loop
      vertex 16.8787 53.6213 0
      vertex 17.0968 53.819 4
      vertex 16.8787 53.6213 4
    endloop
  endfacet
  facet normal 0.671607 -0.740908 0
    outer loop
      vertex 17.0968 53.819 4
      vertex 16.8787 53.6213 0
      vertex 17.0968 53.819 0
    endloop
  endfacet
  facet normal 0.595699 -0.803208 0
    outer loop
      vertex 17.0968 53.819 0
      vertex 17.3333 53.9944 4
      vertex 17.0968 53.819 4
    endloop
  endfacet
  facet normal 0.595699 -0.803208 0
    outer loop
      vertex 17.3333 53.9944 4
      vertex 17.0968 53.819 0
      vertex 17.3333 53.9944 0
    endloop
  endfacet
  facet normal 0.514246 -0.857643 0
    outer loop
      vertex 17.3333 53.9944 0
      vertex 17.5858 54.1458 4
      vertex 17.3333 53.9944 4
    endloop
  endfacet
  facet normal 0.514246 -0.857643 0
    outer loop
      vertex 17.5858 54.1458 4
      vertex 17.3333 53.9944 0
      vertex 17.5858 54.1458 0
    endloop
  endfacet
  facet normal 0.4274 -0.904063 0
    outer loop
      vertex 17.5858 54.1458 0
      vertex 17.8519 54.2716 4
      vertex 17.5858 54.1458 4
    endloop
  endfacet
  facet normal 0.4274 -0.904063 0
    outer loop
      vertex 17.8519 54.2716 4
      vertex 17.5858 54.1458 0
      vertex 17.8519 54.2716 0
    endloop
  endfacet
  facet normal 0.336831 -0.941565 0
    outer loop
      vertex 17.8519 54.2716 0
      vertex 18.1292 54.3708 4
      vertex 17.8519 54.2716 4
    endloop
  endfacet
  facet normal 0.336831 -0.941565 0
    outer loop
      vertex 18.1292 54.3708 4
      vertex 17.8519 54.2716 0
      vertex 18.1292 54.3708 0
    endloop
  endfacet
  facet normal 0.243255 -0.969962 0
    outer loop
      vertex 18.1292 54.3708 0
      vertex 18.4147 54.4424 4
      vertex 18.1292 54.3708 4
    endloop
  endfacet
  facet normal 0.243255 -0.969962 0
    outer loop
      vertex 18.4147 54.4424 4
      vertex 18.1292 54.3708 0
      vertex 18.4147 54.4424 0
    endloop
  endfacet
  facet normal 0.146413 -0.989224 0
    outer loop
      vertex 18.4147 54.4424 0
      vertex 18.7059 54.4855 4
      vertex 18.4147 54.4424 4
    endloop
  endfacet
  facet normal 0.146413 -0.989224 0
    outer loop
      vertex 18.7059 54.4855 4
      vertex 18.4147 54.4424 0
      vertex 18.7059 54.4855 0
    endloop
  endfacet
  facet normal 0.0492431 -0.998787 0
    outer loop
      vertex 18.7059 54.4855 0
      vertex 19 54.5 4
      vertex 18.7059 54.4855 4
    endloop
  endfacet
  facet normal 0.0492431 -0.998787 0
    outer loop
      vertex 19 54.5 4
      vertex 18.7059 54.4855 0
      vertex 19 54.5 0
    endloop
  endfacet
  facet normal 0 -1 0
    outer loop
      vertex 19 54.5 0
      vertex 42.7833 54.5 4
      vertex 19 54.5 4
    endloop
  endfacet
  facet normal 0 -1 -0
    outer loop
      vertex 42.7833 54.5 4
      vertex 19 54.5 0
      vertex 42.7833 54.5 0
    endloop
  endfacet
  facet normal -0.0492431 -0.998787 0
    outer loop
      vertex 42.7833 54.5 0
      vertex 43.0774 54.4855 4
      vertex 42.7833 54.5 4
    endloop
  endfacet
  facet normal -0.0492431 -0.998787 -0
    outer loop
      vertex 43.0774 54.4855 4
      vertex 42.7833 54.5 0
      vertex 43.0774 54.4855 0
    endloop
  endfacet
  facet normal -0.146413 -0.989224 0
    outer loop
      vertex 43.0774 54.4855 0
      vertex 43.3686 54.4424 4
      vertex 43.0774 54.4855 4
    endloop
  endfacet
  facet normal -0.146413 -0.989224 -0
    outer loop
      vertex 43.3686 54.4424 4
      vertex 43.0774 54.4855 0
      vertex 43.3686 54.4424 0
    endloop
  endfacet
  facet normal -0.243175 -0.969982 0
    outer loop
      vertex 43.3686 54.4424 0
      vertex 43.6542 54.3708 4
      vertex 43.3686 54.4424 4
    endloop
  endfacet
  facet normal -0.243175 -0.969982 -0
    outer loop
      vertex 43.6542 54.3708 4
      vertex 43.3686 54.4424 0
      vertex 43.6542 54.3708 0
    endloop
  endfacet
  facet normal -0.336939 -0.941527 0
    outer loop
      vertex 43.6542 54.3708 0
      vertex 43.9314 54.2716 4
      vertex 43.6542 54.3708 4
    endloop
  endfacet
  facet normal -0.336939 -0.941527 -0
    outer loop
      vertex 43.9314 54.2716 4
      vertex 43.6542 54.3708 0
      vertex 43.9314 54.2716 0
    endloop
  endfacet
  facet normal -0.4274 -0.904063 0
    outer loop
      vertex 43.9314 54.2716 0
      vertex 44.1975 54.1458 4
      vertex 43.9314 54.2716 4
    endloop
  endfacet
  facet normal -0.4274 -0.904063 -0
    outer loop
      vertex 44.1975 54.1458 4
      vertex 43.9314 54.2716 0
      vertex 44.1975 54.1458 0
    endloop
  endfacet
  facet normal -0.514246 -0.857643 0
    outer loop
      vertex 44.1975 54.1458 0
      vertex 44.45 53.9944 4
      vertex 44.1975 54.1458 4
    endloop
  endfacet
  facet normal -0.514246 -0.857643 -0
    outer loop
      vertex 44.45 53.9944 4
      vertex 44.1975 54.1458 0
      vertex 44.45 53.9944 0
    endloop
  endfacet
  facet normal -0.595699 -0.803208 0
    outer loop
      vertex 44.45 53.9944 0
      vertex 44.6865 53.819 4
      vertex 44.45 53.9944 4
    endloop
  endfacet
  facet normal -0.595699 -0.803208 -0
    outer loop
      vertex 44.6865 53.819 4
      vertex 44.45 53.9944 0
      vertex 44.6865 53.819 0
    endloop
  endfacet
  facet normal -0.671607 -0.740908 0
    outer loop
      vertex 44.6865 53.819 0
      vertex 44.9046 53.6213 4
      vertex 44.6865 53.819 4
    endloop
  endfacet
  facet normal -0.671607 -0.740908 -0
    outer loop
      vertex 44.9046 53.6213 4
      vertex 44.6865 53.819 0
      vertex 44.9046 53.6213 0
    endloop
  endfacet
  facet normal -0.740739 -0.671793 0
    outer loop
      vertex 45.1024 53.4032 0
      vertex 44.9046 53.6213 4
      vertex 44.9046 53.6213 0
    endloop
  endfacet
  facet normal -0.740739 -0.671793 0
    outer loop
      vertex 44.9046 53.6213 4
      vertex 45.1024 53.4032 0
      vertex 45.1024 53.4032 4
    endloop
  endfacet
  facet normal -0.803371 -0.595479 0
    outer loop
      vertex 45.2777 53.1667 0
      vertex 45.1024 53.4032 4
      vertex 45.1024 53.4032 0
    endloop
  endfacet
  facet normal -0.803371 -0.595479 0
    outer loop
      vertex 45.1024 53.4032 4
      vertex 45.2777 53.1667 0
      vertex 45.2777 53.1667 4
    endloop
  endfacet
  facet normal -0.857643 -0.514246 0
    outer loop
      vertex 45.4291 52.9142 0
      vertex 45.2777 53.1667 4
      vertex 45.2777 53.1667 0
    endloop
  endfacet
  facet normal -0.857643 -0.514246 0
    outer loop
      vertex 45.2777 53.1667 4
      vertex 45.4291 52.9142 0
      vertex 45.4291 52.9142 4
    endloop
  endfacet
  facet normal -0.903931 -0.427677 0
    outer loop
      vertex 45.555 52.6481 0
      vertex 45.4291 52.9142 4
      vertex 45.4291 52.9142 0
    endloop
  endfacet
  facet normal -0.903931 -0.427677 0
    outer loop
      vertex 45.4291 52.9142 4
      vertex 45.555 52.6481 0
      vertex 45.555 52.6481 4
    endloop
  endfacet
  facet normal -0.941673 -0.33653 0
    outer loop
      vertex 45.6541 52.3708 0
      vertex 45.555 52.6481 4
      vertex 45.555 52.6481 0
    endloop
  endfacet
  facet normal -0.941673 -0.33653 0
    outer loop
      vertex 45.555 52.6481 4
      vertex 45.6541 52.3708 0
      vertex 45.6541 52.3708 4
    endloop
  endfacet
  facet normal -0.969962 -0.243255 0
    outer loop
      vertex 45.7257 52.0853 0
      vertex 45.6541 52.3708 4
      vertex 45.6541 52.3708 0
    endloop
  endfacet
  facet normal -0.969962 -0.243255 0
    outer loop
      vertex 45.6541 52.3708 4
      vertex 45.7257 52.0853 0
      vertex 45.7257 52.0853 4
    endloop
  endfacet
  facet normal -0.989174 -0.146746 0
    outer loop
      vertex 45.7689 51.7941 0
      vertex 45.7257 52.0853 4
      vertex 45.7257 52.0853 0
    endloop
  endfacet
  facet normal -0.989174 -0.146746 0
    outer loop
      vertex 45.7257 52.0853 4
      vertex 45.7689 51.7941 0
      vertex 45.7689 51.7941 4
    endloop
  endfacet
  facet normal -0.998803 -0.0489044 0
    outer loop
      vertex 45.7833 51.5 0
      vertex 45.7689 51.7941 4
      vertex 45.7689 51.7941 0
    endloop
  endfacet
  facet normal -0.998803 -0.0489044 0
    outer loop
      vertex 45.7689 51.7941 4
      vertex 45.7833 51.5 0
      vertex 45.7833 51.5 4
    endloop
  endfacet
  facet normal -1 0 0
    outer loop
      vertex 45.7833 41.25 0
      vertex 45.7833 51.5 4
      vertex 45.7833 51.5 0
    endloop
  endfacet
  facet normal -1 -0 0
    outer loop
      vertex 45.7833 51.5 4
      vertex 45.7833 41.25 0
      vertex 45.7833 41.25 4
    endloop
  endfacet
  facet normal -0.998803 0.0489044 0
    outer loop
      vertex 45.7689 40.9559 0
      vertex 45.7833 41.25 4
      vertex 45.7833 41.25 0
    endloop
  endfacet
  facet normal -0.998803 0.0489044 0
    outer loop
      vertex 45.7833 41.25 4
      vertex 45.7689 40.9559 0
      vertex 45.7689 40.9559 4
    endloop
  endfacet
  facet normal -0.989174 0.146746 0
    outer loop
      vertex 45.7257 40.6647 0
      vertex 45.7689 40.9559 4
      vertex 45.7689 40.9559 0
    endloop
  endfacet
  facet normal -0.989174 0.146746 0
    outer loop
      vertex 45.7689 40.9559 4
      vertex 45.7257 40.6647 0
      vertex 45.7257 40.6647 4
    endloop
  endfacet
  facet normal -0.969962 0.243255 0
    outer loop
      vertex 45.6541 40.3792 0
      vertex 45.7257 40.6647 4
      vertex 45.7257 40.6647 0
    endloop
  endfacet
  facet normal -0.969962 0.243255 0
    outer loop
      vertex 45.7257 40.6647 4
      vertex 45.6541 40.3792 0
      vertex 45.6541 40.3792 4
    endloop
  endfacet
  facet normal -0.941673 0.33653 0
    outer loop
      vertex 45.555 40.1019 0
      vertex 45.6541 40.3792 4
      vertex 45.6541 40.3792 0
    endloop
  endfacet
  facet normal -0.941673 0.33653 0
    outer loop
      vertex 45.6541 40.3792 4
      vertex 45.555 40.1019 0
      vertex 45.555 40.1019 4
    endloop
  endfacet
  facet normal -0.903931 0.427677 0
    outer loop
      vertex 45.4291 39.8358 0
      vertex 45.555 40.1019 4
      vertex 45.555 40.1019 0
    endloop
  endfacet
  facet normal -0.903931 0.427677 0
    outer loop
      vertex 45.555 40.1019 4
      vertex 45.4291 39.8358 0
      vertex 45.4291 39.8358 4
    endloop
  endfacet
  facet normal -0.857643 0.514246 0
    outer loop
      vertex 45.2777 39.5833 0
      vertex 45.4291 39.8358 4
      vertex 45.4291 39.8358 0
    endloop
  endfacet
  facet normal -0.857643 0.514246 0
    outer loop
      vertex 45.4291 39.8358 4
      vertex 45.2777 39.5833 0
      vertex 45.2777 39.5833 4
    endloop
  endfacet
  facet normal -0.803371 0.595479 0
    outer loop
      vertex 45.1024 39.3468 0
      vertex 45.2777 39.5833 4
      vertex 45.2777 39.5833 0
    endloop
  endfacet
  facet normal -0.803371 0.595479 0
    outer loop
      vertex 45.2777 39.5833 4
      vertex 45.1024 39.3468 0
      vertex 45.1024 39.3468 4
    endloop
  endfacet
  facet normal -0.740739 0.671793 0
    outer loop
      vertex 44.9046 39.1287 0
      vertex 45.1024 39.3468 4
      vertex 45.1024 39.3468 0
    endloop
  endfacet
  facet normal -0.740739 0.671793 0
    outer loop
      vertex 45.1024 39.3468 4
      vertex 44.9046 39.1287 0
      vertex 44.9046 39.1287 4
    endloop
  endfacet
  facet normal -0.671607 0.740908 0
    outer loop
      vertex 44.9046 39.1287 0
      vertex 44.6865 38.931 4
      vertex 44.9046 39.1287 4
    endloop
  endfacet
  facet normal -0.671607 0.740908 0
    outer loop
      vertex 44.6865 38.931 4
      vertex 44.9046 39.1287 0
      vertex 44.6865 38.931 0
    endloop
  endfacet
  facet normal -0.595699 0.803208 0
    outer loop
      vertex 44.6865 38.931 0
      vertex 44.45 38.7556 4
      vertex 44.6865 38.931 4
    endloop
  endfacet
  facet normal -0.595699 0.803208 0
    outer loop
      vertex 44.45 38.7556 4
      vertex 44.6865 38.931 0
      vertex 44.45 38.7556 0
    endloop
  endfacet
  facet normal -0.514246 0.857643 0
    outer loop
      vertex 44.45 38.7556 0
      vertex 44.1975 38.6042 4
      vertex 44.45 38.7556 4
    endloop
  endfacet
  facet normal -0.514246 0.857643 0
    outer loop
      vertex 44.1975 38.6042 4
      vertex 44.45 38.7556 0
      vertex 44.1975 38.6042 0
    endloop
  endfacet
  facet normal -0.4274 0.904063 0
    outer loop
      vertex 44.1975 38.6042 0
      vertex 43.9314 38.4784 4
      vertex 44.1975 38.6042 4
    endloop
  endfacet
  facet normal -0.4274 0.904063 0
    outer loop
      vertex 43.9314 38.4784 4
      vertex 44.1975 38.6042 0
      vertex 43.9314 38.4784 0
    endloop
  endfacet
  facet normal -0.336939 0.941527 0
    outer loop
      vertex 43.9314 38.4784 0
      vertex 43.6542 38.3792 4
      vertex 43.9314 38.4784 4
    endloop
  endfacet
  facet normal -0.336939 0.941527 0
    outer loop
      vertex 43.6542 38.3792 4
      vertex 43.9314 38.4784 0
      vertex 43.6542 38.3792 0
    endloop
  endfacet
  facet normal -0.243175 0.969982 0
    outer loop
      vertex 43.6542 38.3792 0
      vertex 43.3686 38.3076 4
      vertex 43.6542 38.3792 4
    endloop
  endfacet
  facet normal -0.243175 0.969982 0
    outer loop
      vertex 43.3686 38.3076 4
      vertex 43.6542 38.3792 0
      vertex 43.3686 38.3076 0
    endloop
  endfacet
  facet normal -0.146413 0.989224 0
    outer loop
      vertex 43.3686 38.3076 0
      vertex 43.0774 38.2645 4
      vertex 43.3686 38.3076 4
    endloop
  endfacet
  facet normal -0.146413 0.989224 0
    outer loop
      vertex 43.0774 38.2645 4
      vertex 43.3686 38.3076 0
      vertex 43.0774 38.2645 0
    endloop
  endfacet
  facet normal -0.0492431 0.998787 0
    outer loop
      vertex 43.0774 38.2645 0
      vertex 42.7833 38.25 4
      vertex 43.0774 38.2645 4
    endloop
  endfacet
  facet normal -0.0492431 0.998787 0
    outer loop
      vertex 42.7833 38.25 4
      vertex 43.0774 38.2645 0
      vertex 42.7833 38.25 0
    endloop
  endfacet
  facet normal 0 1 -0
    outer loop
      vertex 42.7833 38.25 0
      vertex 19 38.25 4
      vertex 42.7833 38.25 4
    endloop
  endfacet
  facet normal 0 1 0
    outer loop
      vertex 19 38.25 4
      vertex 42.7833 38.25 0
      vertex 19 38.25 0
    endloop
  endfacet
  facet normal 0.0492431 0.998787 -0
    outer loop
      vertex 90.5667 38.25 0
      vertex 90.2726 38.2645 4
      vertex 90.5667 38.25 4
    endloop
  endfacet
  facet normal 0.0492431 0.998787 0
    outer loop
      vertex 90.2726 38.2645 4
      vertex 90.5667 38.25 0
      vertex 90.2726 38.2645 0
    endloop
  endfacet
  facet normal 0.146413 0.989224 -0
    outer loop
      vertex 90.2726 38.2645 0
      vertex 89.9814 38.3076 4
      vertex 90.2726 38.2645 4
    endloop
  endfacet
  facet normal 0.146413 0.989224 0
    outer loop
      vertex 89.9814 38.3076 4
      vertex 90.2726 38.2645 0
      vertex 89.9814 38.3076 0
    endloop
  endfacet
  facet normal 0.243175 0.969982 -0
    outer loop
      vertex 89.9814 38.3076 0
      vertex 89.6958 38.3792 4
      vertex 89.9814 38.3076 4
    endloop
  endfacet
  facet normal 0.243175 0.969982 0
    outer loop
      vertex 89.6958 38.3792 4
      vertex 89.9814 38.3076 0
      vertex 89.6958 38.3792 0
    endloop
  endfacet
  facet normal 0.336939 0.941527 -0
    outer loop
      vertex 89.6958 38.3792 0
      vertex 89.4186 38.4784 4
      vertex 89.6958 38.3792 4
    endloop
  endfacet
  facet normal 0.336939 0.941527 0
    outer loop
      vertex 89.4186 38.4784 4
      vertex 89.6958 38.3792 0
      vertex 89.4186 38.4784 0
    endloop
  endfacet
  facet normal 0.4274 0.904063 -0
    outer loop
      vertex 89.4186 38.4784 0
      vertex 89.1525 38.6042 4
      vertex 89.4186 38.4784 4
    endloop
  endfacet
  facet normal 0.4274 0.904063 0
    outer loop
      vertex 89.1525 38.6042 4
      vertex 89.4186 38.4784 0
      vertex 89.1525 38.6042 0
    endloop
  endfacet
  facet normal 0.514096 0.857733 -0
    outer loop
      vertex 89.1525 38.6042 0
      vertex 88.8999 38.7556 4
      vertex 89.1525 38.6042 4
    endloop
  endfacet
  facet normal 0.514096 0.857733 0
    outer loop
      vertex 88.8999 38.7556 4
      vertex 89.1525 38.6042 0
      vertex 88.8999 38.7556 0
    endloop
  endfacet
  facet normal 0.595861 0.803088 -0
    outer loop
      vertex 88.8999 38.7556 0
      vertex 88.6635 38.931 4
      vertex 88.8999 38.7556 4
    endloop
  endfacet
  facet normal 0.595861 0.803088 0
    outer loop
      vertex 88.6635 38.931 4
      vertex 88.8999 38.7556 0
      vertex 88.6635 38.931 0
    endloop
  endfacet
  facet normal 0.671438 0.741061 -0
    outer loop
      vertex 88.6635 38.931 0
      vertex 88.4453 39.1287 4
      vertex 88.6635 38.931 4
    endloop
  endfacet
  facet normal 0.671438 0.741061 0
    outer loop
      vertex 88.4453 39.1287 4
      vertex 88.6635 38.931 0
      vertex 88.4453 39.1287 0
    endloop
  endfacet
  facet normal 0.740908 0.671607 0
    outer loop
      vertex 88.4453 39.1287 4
      vertex 88.2476 39.3468 0
      vertex 88.2476 39.3468 4
    endloop
  endfacet
  facet normal 0.740908 0.671607 0
    outer loop
      vertex 88.2476 39.3468 0
      vertex 88.4453 39.1287 4
      vertex 88.4453 39.1287 0
    endloop
  endfacet
  facet normal 0.803371 0.595479 0
    outer loop
      vertex 88.2476 39.3468 4
      vertex 88.0723 39.5833 0
      vertex 88.0723 39.5833 4
    endloop
  endfacet
  facet normal 0.803371 0.595479 0
    outer loop
      vertex 88.0723 39.5833 0
      vertex 88.2476 39.3468 4
      vertex 88.2476 39.3468 0
    endloop
  endfacet
  facet normal 0.857643 0.514246 0
    outer loop
      vertex 88.0723 39.5833 4
      vertex 87.9209 39.8358 0
      vertex 87.9209 39.8358 4
    endloop
  endfacet
  facet normal 0.857643 0.514246 0
    outer loop
      vertex 87.9209 39.8358 0
      vertex 88.0723 39.5833 4
      vertex 88.0723 39.5833 0
    endloop
  endfacet
  facet normal 0.903931 0.427677 0
    outer loop
      vertex 87.9209 39.8358 4
      vertex 87.795 40.1019 0
      vertex 87.795 40.1019 4
    endloop
  endfacet
  facet normal 0.903931 0.427677 0
    outer loop
      vertex 87.795 40.1019 0
      vertex 87.9209 39.8358 4
      vertex 87.9209 39.8358 0
    endloop
  endfacet
  facet normal 0.941565 0.336831 0
    outer loop
      vertex 87.795 40.1019 4
      vertex 87.6958 40.3792 0
      vertex 87.6958 40.3792 4
    endloop
  endfacet
  facet normal 0.941565 0.336831 0
    outer loop
      vertex 87.6958 40.3792 0
      vertex 87.795 40.1019 4
      vertex 87.795 40.1019 0
    endloop
  endfacet
  facet normal 0.970042 0.242935 0
    outer loop
      vertex 87.6958 40.3792 4
      vertex 87.6243 40.6647 0
      vertex 87.6243 40.6647 4
    endloop
  endfacet
  facet normal 0.970042 0.242935 0
    outer loop
      vertex 87.6243 40.6647 0
      vertex 87.6958 40.3792 4
      vertex 87.6958 40.3792 0
    endloop
  endfacet
  facet normal 0.989174 0.146746 0
    outer loop
      vertex 87.6243 40.6647 4
      vertex 87.5811 40.9559 0
      vertex 87.5811 40.9559 4
    endloop
  endfacet
  facet normal 0.989174 0.146746 0
    outer loop
      vertex 87.5811 40.9559 0
      vertex 87.6243 40.6647 4
      vertex 87.6243 40.6647 0
    endloop
  endfacet
  facet normal 0.998803 0.0489044 0
    outer loop
      vertex 87.5811 40.9559 4
      vertex 87.5667 41.25 0
      vertex 87.5667 41.25 4
    endloop
  endfacet
  facet normal 0.998803 0.0489044 0
    outer loop
      vertex 87.5667 41.25 0
      vertex 87.5811 40.9559 4
      vertex 87.5811 40.9559 0
    endloop
  endfacet
  facet normal 1 -0 0
    outer loop
      vertex 87.5667 41.25 4
      vertex 87.5667 51.5 0
      vertex 87.5667 51.5 4
    endloop
  endfacet
  facet normal 1 0 0
    outer loop
      vertex 87.5667 51.5 0
      vertex 87.5667 41.25 4
      vertex 87.5667 41.25 0
    endloop
  endfacet
  facet normal 0.998803 -0.0489044 0
    outer loop
      vertex 87.5667 51.5 4
      vertex 87.5811 51.7941 0
      vertex 87.5811 51.7941 4
    endloop
  endfacet
  facet normal 0.998803 -0.0489044 0
    outer loop
      vertex 87.5811 51.7941 0
      vertex 87.5667 51.5 4
      vertex 87.5667 51.5 0
    endloop
  endfacet
  facet normal 0.989174 -0.146746 0
    outer loop
      vertex 87.5811 51.7941 4
      vertex 87.6243 52.0853 0
      vertex 87.6243 52.0853 4
    endloop
  endfacet
  facet normal 0.989174 -0.146746 0
    outer loop
      vertex 87.6243 52.0853 0
      vertex 87.5811 51.7941 4
      vertex 87.5811 51.7941 0
    endloop
  endfacet
  facet normal 0.970042 -0.242935 0
    outer loop
      vertex 87.6243 52.0853 4
      vertex 87.6958 52.3708 0
      vertex 87.6958 52.3708 4
    endloop
  endfacet
  facet normal 0.970042 -0.242935 0
    outer loop
      vertex 87.6958 52.3708 0
      vertex 87.6243 52.0853 4
      vertex 87.6243 52.0853 0
    endloop
  endfacet
  facet normal 0.941565 -0.336831 0
    outer loop
      vertex 87.6958 52.3708 4
      vertex 87.795 52.6481 0
      vertex 87.795 52.6481 4
    endloop
  endfacet
  facet normal 0.941565 -0.336831 0
    outer loop
      vertex 87.795 52.6481 0
      vertex 87.6958 52.3708 4
      vertex 87.6958 52.3708 0
    endloop
  endfacet
  facet normal 0.903931 -0.427677 0
    outer loop
      vertex 87.795 52.6481 4
      vertex 87.9209 52.9142 0
      vertex 87.9209 52.9142 4
    endloop
  endfacet
  facet normal 0.903931 -0.427677 0
    outer loop
      vertex 87.9209 52.9142 0
      vertex 87.795 52.6481 4
      vertex 87.795 52.6481 0
    endloop
  endfacet
  facet normal 0.857643 -0.514246 0
    outer loop
      vertex 87.9209 52.9142 4
      vertex 88.0723 53.1667 0
      vertex 88.0723 53.1667 4
    endloop
  endfacet
  facet normal 0.857643 -0.514246 0
    outer loop
      vertex 88.0723 53.1667 0
      vertex 87.9209 52.9142 4
      vertex 87.9209 52.9142 0
    endloop
  endfacet
  facet normal 0.803371 -0.595479 0
    outer loop
      vertex 88.0723 53.1667 4
      vertex 88.2476 53.4032 0
      vertex 88.2476 53.4032 4
    endloop
  endfacet
  facet normal 0.803371 -0.595479 0
    outer loop
      vertex 88.2476 53.4032 0
      vertex 88.0723 53.1667 4
      vertex 88.0723 53.1667 0
    endloop
  endfacet
  facet normal 0.740908 -0.671607 0
    outer loop
      vertex 88.2476 53.4032 4
      vertex 88.4453 53.6213 0
      vertex 88.4453 53.6213 4
    endloop
  endfacet
  facet normal 0.740908 -0.671607 0
    outer loop
      vertex 88.4453 53.6213 0
      vertex 88.2476 53.4032 4
      vertex 88.2476 53.4032 0
    endloop
  endfacet
  facet normal 0.671438 -0.741061 0
    outer loop
      vertex 88.4453 53.6213 0
      vertex 88.6635 53.819 4
      vertex 88.4453 53.6213 4
    endloop
  endfacet
  facet normal 0.671438 -0.741061 0
    outer loop
      vertex 88.6635 53.819 4
      vertex 88.4453 53.6213 0
      vertex 88.6635 53.819 0
    endloop
  endfacet
  facet normal 0.595861 -0.803088 0
    outer loop
      vertex 88.6635 53.819 0
      vertex 88.8999 53.9944 4
      vertex 88.6635 53.819 4
    endloop
  endfacet
  facet normal 0.595861 -0.803088 0
    outer loop
      vertex 88.8999 53.9944 4
      vertex 88.6635 53.819 0
      vertex 88.8999 53.9944 0
    endloop
  endfacet
  facet normal 0.514096 -0.857733 0
    outer loop
      vertex 88.8999 53.9944 0
      vertex 89.1525 54.1458 4
      vertex 88.8999 53.9944 4
    endloop
  endfacet
  facet normal 0.514096 -0.857733 0
    outer loop
      vertex 89.1525 54.1458 4
      vertex 88.8999 53.9944 0
      vertex 89.1525 54.1458 0
    endloop
  endfacet
  facet normal 0.4274 -0.904063 0
    outer loop
      vertex 89.1525 54.1458 0
      vertex 89.4186 54.2716 4
      vertex 89.1525 54.1458 4
    endloop
  endfacet
  facet normal 0.4274 -0.904063 0
    outer loop
      vertex 89.4186 54.2716 4
      vertex 89.1525 54.1458 0
      vertex 89.4186 54.2716 0
    endloop
  endfacet
  facet normal 0.336939 -0.941527 0
    outer loop
      vertex 89.4186 54.2716 0
      vertex 89.6958 54.3708 4
      vertex 89.4186 54.2716 4
    endloop
  endfacet
  facet normal 0.336939 -0.941527 0
    outer loop
      vertex 89.6958 54.3708 4
      vertex 89.4186 54.2716 0
      vertex 89.6958 54.3708 0
    endloop
  endfacet
  facet normal 0.243175 -0.969982 0
    outer loop
      vertex 89.6958 54.3708 0
      vertex 89.9814 54.4424 4
      vertex 89.6958 54.3708 4
    endloop
  endfacet
  facet normal 0.243175 -0.969982 0
    outer loop
      vertex 89.9814 54.4424 4
      vertex 89.6958 54.3708 0
      vertex 89.9814 54.4424 0
    endloop
  endfacet
  facet normal 0.146413 -0.989224 0
    outer loop
      vertex 89.9814 54.4424 0
      vertex 90.2726 54.4855 4
      vertex 89.9814 54.4424 4
    endloop
  endfacet
  facet normal 0.146413 -0.989224 0
    outer loop
      vertex 90.2726 54.4855 4
      vertex 89.9814 54.4424 0
      vertex 90.2726 54.4855 0
    endloop
  endfacet
  facet normal 0.0492431 -0.998787 0
    outer loop
      vertex 90.2726 54.4855 0
      vertex 90.5667 54.5 4
      vertex 90.2726 54.4855 4
    endloop
  endfacet
  facet normal 0.0492431 -0.998787 0
    outer loop
      vertex 90.5667 54.5 4
      vertex 90.2726 54.4855 0
      vertex 90.5667 54.5 0
    endloop
  endfacet
  facet normal 0 -1 0
    outer loop
      vertex 90.5667 54.5 0
      vertex 114.35 54.5 4
      vertex 90.5667 54.5 4
    endloop
  endfacet
  facet normal 0 -1 -0
    outer loop
      vertex 114.35 54.5 4
      vertex 90.5667 54.5 0
      vertex 114.35 54.5 0
    endloop
  endfacet
  facet normal -0.0492599 -0.998786 0
    outer loop
      vertex 114.35 54.5 0
      vertex 114.644 54.4855 4
      vertex 114.35 54.5 4
    endloop
  endfacet
  facet normal -0.0492599 -0.998786 -0
    outer loop
      vertex 114.644 54.4855 4
      vertex 114.35 54.5 0
      vertex 114.644 54.4855 0
    endloop
  endfacet
  facet normal -0.146512 -0.989209 0
    outer loop
      vertex 114.644 54.4855 0
      vertex 114.935 54.4424 4
      vertex 114.644 54.4855 4
    endloop
  endfacet
  facet normal -0.146512 -0.989209 -0
    outer loop
      vertex 114.935 54.4424 4
      vertex 114.644 54.4855 0
      vertex 114.935 54.4424 0
    endloop
  endfacet
  facet normal -0.242855 -0.970063 0
    outer loop
      vertex 114.935 54.4424 0
      vertex 115.221 54.3708 4
      vertex 114.935 54.4424 4
    endloop
  endfacet
  facet normal -0.242855 -0.970063 -0
    outer loop
      vertex 115.221 54.3708 4
      vertex 114.935 54.4424 0
      vertex 115.221 54.3708 0
    endloop
  endfacet
  facet normal -0.337154 -0.941449 0
    outer loop
      vertex 115.221 54.3708 0
      vertex 115.498 54.2716 4
      vertex 115.221 54.3708 4
    endloop
  endfacet
  facet normal -0.337154 -0.941449 -0
    outer loop
      vertex 115.498 54.2716 4
      vertex 115.221 54.3708 0
      vertex 115.498 54.2716 0
    endloop
  endfacet
  facet normal -0.427531 -0.904001 0
    outer loop
      vertex 115.498 54.2716 0
      vertex 115.764 54.1458 4
      vertex 115.498 54.2716 4
    endloop
  endfacet
  facet normal -0.427531 -0.904001 -0
    outer loop
      vertex 115.764 54.1458 4
      vertex 115.498 54.2716 0
      vertex 115.764 54.1458 0
    endloop
  endfacet
  facet normal -0.513498 -0.858091 0
    outer loop
      vertex 115.764 54.1458 0
      vertex 116.017 53.9944 4
      vertex 115.764 54.1458 4
    endloop
  endfacet
  facet normal -0.513498 -0.858091 -0
    outer loop
      vertex 116.017 53.9944 4
      vertex 115.764 54.1458 0
      vertex 116.017 53.9944 0
    endloop
  endfacet
  facet normal -0.596512 -0.802604 0
    outer loop
      vertex 116.017 53.9944 0
      vertex 116.253 53.819 4
      vertex 116.017 53.9944 4
    endloop
  endfacet
  facet normal -0.596512 -0.802604 -0
    outer loop
      vertex 116.253 53.819 4
      vertex 116.017 53.9944 0
      vertex 116.253 53.819 0
    endloop
  endfacet
  facet normal -0.671776 -0.740754 0
    outer loop
      vertex 116.253 53.819 0
      vertex 116.471 53.6213 4
      vertex 116.253 53.819 4
    endloop
  endfacet
  facet normal -0.671776 -0.740754 -0
    outer loop
      vertex 116.471 53.6213 4
      vertex 116.253 53.819 0
      vertex 116.471 53.6213 0
    endloop
  endfacet
  facet normal -0.740401 -0.672166 0
    outer loop
      vertex 116.669 53.4032 0
      vertex 116.471 53.6213 4
      vertex 116.471 53.6213 0
    endloop
  endfacet
  facet normal -0.740401 -0.672166 0
    outer loop
      vertex 116.471 53.6213 4
      vertex 116.669 53.4032 0
      vertex 116.669 53.4032 4
    endloop
  endfacet
  facet normal -0.803858 -0.594821 0
    outer loop
      vertex 116.844 53.1667 0
      vertex 116.669 53.4032 4
      vertex 116.669 53.4032 0
    endloop
  endfacet
  facet normal -0.803858 -0.594821 0
    outer loop
      vertex 116.669 53.4032 4
      vertex 116.844 53.1667 0
      vertex 116.844 53.1667 4
    endloop
  endfacet
  facet normal -0.856744 -0.515743 0
    outer loop
      vertex 116.996 52.9142 0
      vertex 116.844 53.1667 4
      vertex 116.844 53.1667 0
    endloop
  endfacet
  facet normal -0.856744 -0.515743 0
    outer loop
      vertex 116.844 53.1667 4
      vertex 116.996 52.9142 0
      vertex 116.996 52.9142 4
    endloop
  endfacet
  facet normal -0.9038 -0.427955 0
    outer loop
      vertex 117.122 52.6481 0
      vertex 116.996 52.9142 4
      vertex 116.996 52.9142 0
    endloop
  endfacet
  facet normal -0.9038 -0.427955 0
    outer loop
      vertex 116.996 52.9142 4
      vertex 117.122 52.6481 0
      vertex 117.122 52.6481 4
    endloop
  endfacet
  facet normal -0.94178 -0.336229 0
    outer loop
      vertex 117.221 52.3708 0
      vertex 117.122 52.6481 4
      vertex 117.122 52.6481 0
    endloop
  endfacet
  facet normal -0.94178 -0.336229 0
    outer loop
      vertex 117.122 52.6481 4
      vertex 117.221 52.3708 0
      vertex 117.221 52.3708 4
    endloop
  endfacet
  facet normal -0.970442 -0.241336 0
    outer loop
      vertex 117.292 52.0853 0
      vertex 117.221 52.3708 4
      vertex 117.221 52.3708 0
    endloop
  endfacet
  facet normal -0.970442 -0.241336 0
    outer loop
      vertex 117.221 52.3708 4
      vertex 117.292 52.0853 0
      vertex 117.292 52.0853 4
    endloop
  endfacet
  facet normal -0.988776 -0.149403 0
    outer loop
      vertex 117.336 51.7941 0
      vertex 117.292 52.0853 4
      vertex 117.292 52.0853 0
    endloop
  endfacet
  facet normal -0.988776 -0.149403 0
    outer loop
      vertex 117.292 52.0853 4
      vertex 117.336 51.7941 0
      vertex 117.336 51.7941 4
    endloop
  endfacet
  facet normal -0.998869 -0.047549 0
    outer loop
      vertex 117.35 51.5 0
      vertex 117.336 51.7941 4
      vertex 117.336 51.7941 0
    endloop
  endfacet
  facet normal -0.998869 -0.047549 0
    outer loop
      vertex 117.336 51.7941 4
      vertex 117.35 51.5 0
      vertex 117.35 51.5 4
    endloop
  endfacet
  facet normal -1 0 0
    outer loop
      vertex 117.35 41.25 0
      vertex 117.35 51.5 4
      vertex 117.35 51.5 0
    endloop
  endfacet
  facet normal -1 -0 0
    outer loop
      vertex 117.35 51.5 4
      vertex 117.35 41.25 0
      vertex 117.35 41.25 4
    endloop
  endfacet
  facet normal -0.998869 0.047549 0
    outer loop
      vertex 117.336 40.9559 0
      vertex 117.35 41.25 4
      vertex 117.35 41.25 0
    endloop
  endfacet
  facet normal -0.998869 0.047549 0
    outer loop
      vertex 117.35 41.25 4
      vertex 117.336 40.9559 0
      vertex 117.336 40.9559 4
    endloop
  endfacet
  facet normal -0.988776 0.149403 0
    outer loop
      vertex 117.292 40.6647 0
      vertex 117.336 40.9559 4
      vertex 117.336 40.9559 0
    endloop
  endfacet
  facet normal -0.988776 0.149403 0
    outer loop
      vertex 117.336 40.9559 4
      vertex 117.292 40.6647 0
      vertex 117.292 40.6647 4
    endloop
  endfacet
  facet normal -0.970442 0.241336 0
    outer loop
      vertex 117.221 40.3792 0
      vertex 117.292 40.6647 4
      vertex 117.292 40.6647 0
    endloop
  endfacet
  facet normal -0.970442 0.241336 0
    outer loop
      vertex 117.292 40.6647 4
      vertex 117.221 40.3792 0
      vertex 117.221 40.3792 4
    endloop
  endfacet
  facet normal -0.94178 0.336229 0
    outer loop
      vertex 117.122 40.1019 0
      vertex 117.221 40.3792 4
      vertex 117.221 40.3792 0
    endloop
  endfacet
  facet normal -0.94178 0.336229 0
    outer loop
      vertex 117.221 40.3792 4
      vertex 117.122 40.1019 0
      vertex 117.122 40.1019 4
    endloop
  endfacet
  facet normal -0.9038 0.427955 0
    outer loop
      vertex 116.996 39.8358 0
      vertex 117.122 40.1019 4
      vertex 117.122 40.1019 0
    endloop
  endfacet
  facet normal -0.9038 0.427955 0
    outer loop
      vertex 117.122 40.1019 4
      vertex 116.996 39.8358 0
      vertex 116.996 39.8358 4
    endloop
  endfacet
  facet normal -0.856744 0.515743 0
    outer loop
      vertex 116.844 39.5833 0
      vertex 116.996 39.8358 4
      vertex 116.996 39.8358 0
    endloop
  endfacet
  facet normal -0.856744 0.515743 0
    outer loop
      vertex 116.996 39.8358 4
      vertex 116.844 39.5833 0
      vertex 116.844 39.5833 4
    endloop
  endfacet
  facet normal -0.803858 0.594821 0
    outer loop
      vertex 116.669 39.3468 0
      vertex 116.844 39.5833 4
      vertex 116.844 39.5833 0
    endloop
  endfacet
  facet normal -0.803858 0.594821 0
    outer loop
      vertex 116.844 39.5833 4
      vertex 116.669 39.3468 0
      vertex 116.669 39.3468 4
    endloop
  endfacet
  facet normal -0.740401 0.672166 0
    outer loop
      vertex 116.471 39.1287 0
      vertex 116.669 39.3468 4
      vertex 116.669 39.3468 0
    endloop
  endfacet
  facet normal -0.740401 0.672166 0
    outer loop
      vertex 116.669 39.3468 4
      vertex 116.471 39.1287 0
      vertex 116.471 39.1287 4
    endloop
  endfacet
  facet normal -0.671776 0.740754 0
    outer loop
      vertex 116.471 39.1287 0
      vertex 116.253 38.931 4
      vertex 116.471 39.1287 4
    endloop
  endfacet
  facet normal -0.671776 0.740754 0
    outer loop
      vertex 116.253 38.931 4
      vertex 116.471 39.1287 0
      vertex 116.253 38.931 0
    endloop
  endfacet
  facet normal -0.596512 0.802604 0
    outer loop
      vertex 116.253 38.931 0
      vertex 116.017 38.7556 4
      vertex 116.253 38.931 4
    endloop
  endfacet
  facet normal -0.596512 0.802604 0
    outer loop
      vertex 116.017 38.7556 4
      vertex 116.253 38.931 0
      vertex 116.017 38.7556 0
    endloop
  endfacet
  facet normal -0.513498 0.858091 0
    outer loop
      vertex 116.017 38.7556 0
      vertex 115.764 38.6042 4
      vertex 116.017 38.7556 4
    endloop
  endfacet
  facet normal -0.513498 0.858091 0
    outer loop
      vertex 115.764 38.6042 4
      vertex 116.017 38.7556 0
      vertex 115.764 38.6042 0
    endloop
  endfacet
  facet normal -0.427531 0.904001 0
    outer loop
      vertex 115.764 38.6042 0
      vertex 115.498 38.4784 4
      vertex 115.764 38.6042 4
    endloop
  endfacet
  facet normal -0.427531 0.904001 0
    outer loop
      vertex 115.498 38.4784 4
      vertex 115.764 38.6042 0
      vertex 115.498 38.4784 0
    endloop
  endfacet
  facet normal -0.337154 0.941449 0
    outer loop
      vertex 115.498 38.4784 0
      vertex 115.221 38.3792 4
      vertex 115.498 38.4784 4
    endloop
  endfacet
  facet normal -0.337154 0.941449 0
    outer loop
      vertex 115.221 38.3792 4
      vertex 115.498 38.4784 0
      vertex 115.221 38.3792 0
    endloop
  endfacet
  facet normal -0.242855 0.970063 0
    outer loop
      vertex 115.221 38.3792 0
      vertex 114.935 38.3076 4
      vertex 115.221 38.3792 4
    endloop
  endfacet
  facet normal -0.242855 0.970063 0
    outer loop
      vertex 114.935 38.3076 4
      vertex 115.221 38.3792 0
      vertex 114.935 38.3076 0
    endloop
  endfacet
  facet normal -0.146512 0.989209 0
    outer loop
      vertex 114.935 38.3076 0
      vertex 114.644 38.2645 4
      vertex 114.935 38.3076 4
    endloop
  endfacet
  facet normal -0.146512 0.989209 0
    outer loop
      vertex 114.644 38.2645 4
      vertex 114.935 38.3076 0
      vertex 114.644 38.2645 0
    endloop
  endfacet
  facet normal -0.0492599 0.998786 0
    outer loop
      vertex 114.644 38.2645 0
      vertex 114.35 38.25 4
      vertex 114.644 38.2645 4
    endloop
  endfacet
  facet normal -0.0492599 0.998786 0
    outer loop
      vertex 114.35 38.25 4
      vertex 114.644 38.2645 0
      vertex 114.35 38.25 0
    endloop
  endfacet
  facet normal 0 1 -0
    outer loop
      vertex 114.35 38.25 0
      vertex 90.5667 38.25 4
      vertex 114.35 38.25 4
    endloop
  endfacet
  facet normal 0 1 0
    outer loop
      vertex 90.5667 38.25 4
      vertex 114.35 38.25 0
      vertex 90.5667 38.25 0
    endloop
  endfacet
  facet normal 0.0492599 0.998786 -0
    outer loop
      vertex 54.7833 16 0
      vertex 54.4893 16.0145 4
      vertex 54.7833 16 4
    endloop
  endfacet
  facet normal 0.0492599 0.998786 0
    outer loop
      vertex 54.4893 16.0145 4
      vertex 54.7833 16 0
      vertex 54.4893 16.0145 0
    endloop
  endfacet
  facet normal 0.146413 0.989224 -0
    outer loop
      vertex 54.4893 16.0145 0
      vertex 54.1981 16.0576 4
      vertex 54.4893 16.0145 4
    endloop
  endfacet
  facet normal 0.146413 0.989224 0
    outer loop
      vertex 54.1981 16.0576 4
      vertex 54.4893 16.0145 0
      vertex 54.1981 16.0576 0
    endloop
  endfacet
  facet normal 0.243175 0.969982 -0
    outer loop
      vertex 54.1981 16.0576 0
      vertex 53.9125 16.1292 4
      vertex 54.1981 16.0576 4
    endloop
  endfacet
  facet normal 0.243175 0.969982 0
    outer loop
      vertex 53.9125 16.1292 4
      vertex 54.1981 16.0576 0
      vertex 53.9125 16.1292 0
    endloop
  endfacet
  facet normal 0.336939 0.941527 -0
    outer loop
      vertex 53.9125 16.1292 0
      vertex 53.6353 16.2284 4
      vertex 53.9125 16.1292 4
    endloop
  endfacet
  facet normal 0.336939 0.941527 0
    outer loop
      vertex 53.6353 16.2284 4
      vertex 53.9125 16.1292 0
      vertex 53.6353 16.2284 0
    endloop
  endfacet
  facet normal 0.427269 0.904125 -0
    outer loop
      vertex 53.6353 16.2284 0
      vertex 53.3691 16.3542 4
      vertex 53.6353 16.2284 4
    endloop
  endfacet
  facet normal 0.427269 0.904125 0
    outer loop
      vertex 53.3691 16.3542 4
      vertex 53.6353 16.2284 0
      vertex 53.3691 16.3542 0
    endloop
  endfacet
  facet normal 0.514246 0.857643 -0
    outer loop
      vertex 53.3691 16.3542 0
      vertex 53.1166 16.5056 4
      vertex 53.3691 16.3542 4
    endloop
  endfacet
  facet normal 0.514246 0.857643 0
    outer loop
      vertex 53.1166 16.5056 4
      vertex 53.3691 16.3542 0
      vertex 53.1166 16.5056 0
    endloop
  endfacet
  facet normal 0.595699 0.803208 -0
    outer loop
      vertex 53.1166 16.5056 0
      vertex 52.8801 16.681 4
      vertex 53.1166 16.5056 4
    endloop
  endfacet
  facet normal 0.595699 0.803208 0
    outer loop
      vertex 52.8801 16.681 4
      vertex 53.1166 16.5056 0
      vertex 52.8801 16.681 0
    endloop
  endfacet
  facet normal 0.671607 0.740908 -0
    outer loop
      vertex 52.8801 16.681 0
      vertex 52.662 16.8787 4
      vertex 52.8801 16.681 4
    endloop
  endfacet
  facet normal 0.671607 0.740908 0
    outer loop
      vertex 52.662 16.8787 4
      vertex 52.8801 16.681 0
      vertex 52.662 16.8787 0
    endloop
  endfacet
  facet normal 0.740908 0.671607 0
    outer loop
      vertex 52.662 16.8787 4
      vertex 52.4643 17.0968 0
      vertex 52.4643 17.0968 4
    endloop
  endfacet
  facet normal 0.740908 0.671607 0
    outer loop
      vertex 52.4643 17.0968 0
      vertex 52.662 16.8787 4
      vertex 52.662 16.8787 0
    endloop
  endfacet
  facet normal 0.803208 0.595699 0
    outer loop
      vertex 52.4643 17.0968 4
      vertex 52.2889 17.3333 0
      vertex 52.2889 17.3333 4
    endloop
  endfacet
  facet normal 0.803208 0.595699 0
    outer loop
      vertex 52.2889 17.3333 0
      vertex 52.4643 17.0968 4
      vertex 52.4643 17.0968 0
    endloop
  endfacet
  facet normal 0.857793 0.513996 0
    outer loop
      vertex 52.2889 17.3333 4
      vertex 52.1376 17.5858 0
      vertex 52.1376 17.5858 4
    endloop
  endfacet
  facet normal 0.857793 0.513996 0
    outer loop
      vertex 52.1376 17.5858 0
      vertex 52.2889 17.3333 4
      vertex 52.2889 17.3333 0
    endloop
  endfacet
  facet normal 0.903931 0.427677 0
    outer loop
      vertex 52.1376 17.5858 4
      vertex 52.0117 17.8519 0
      vertex 52.0117 17.8519 4
    endloop
  endfacet
  facet normal 0.903931 0.427677 0
    outer loop
      vertex 52.0117 17.8519 0
      vertex 52.1376 17.5858 4
      vertex 52.1376 17.5858 0
    endloop
  endfacet
  facet normal 0.941565 0.336831 0
    outer loop
      vertex 52.0117 17.8519 4
      vertex 51.9125 18.1292 0
      vertex 51.9125 18.1292 4
    endloop
  endfacet
  facet normal 0.941565 0.336831 0
    outer loop
      vertex 51.9125 18.1292 0
      vertex 52.0117 17.8519 4
      vertex 52.0117 17.8519 0
    endloop
  endfacet
  facet normal 0.970042 0.242935 0
    outer loop
      vertex 51.9125 18.1292 4
      vertex 51.841 18.4147 0
      vertex 51.841 18.4147 4
    endloop
  endfacet
  facet normal 0.970042 0.242935 0
    outer loop
      vertex 51.841 18.4147 0
      vertex 51.9125 18.1292 4
      vertex 51.9125 18.1292 0
    endloop
  endfacet
  facet normal 0.989174 0.146746 0
    outer loop
      vertex 51.841 18.4147 4
      vertex 51.7978 18.7059 0
      vertex 51.7978 18.7059 4
    endloop
  endfacet
  facet normal 0.989174 0.146746 0
    outer loop
      vertex 51.7978 18.7059 0
      vertex 51.841 18.4147 4
      vertex 51.841 18.4147 0
    endloop
  endfacet
  facet normal 0.998787 0.0492431 0
    outer loop
      vertex 51.7978 18.7059 4
      vertex 51.7833 19 0
      vertex 51.7833 19 4
    endloop
  endfacet
  facet normal 0.998787 0.0492431 0
    outer loop
      vertex 51.7833 19 0
      vertex 51.7978 18.7059 4
      vertex 51.7978 18.7059 0
    endloop
  endfacet
  facet normal 1 -0 0
    outer loop
      vertex 51.7833 19 4
      vertex 51.7833 29.25 0
      vertex 51.7833 29.25 4
    endloop
  endfacet
  facet normal 1 0 0
    outer loop
      vertex 51.7833 29.25 0
      vertex 51.7833 19 4
      vertex 51.7833 19 0
    endloop
  endfacet
  facet normal 0.998787 -0.0492431 0
    outer loop
      vertex 51.7833 29.25 4
      vertex 51.7978 29.5441 0
      vertex 51.7978 29.5441 4
    endloop
  endfacet
  facet normal 0.998787 -0.0492431 0
    outer loop
      vertex 51.7978 29.5441 0
      vertex 51.7833 29.25 4
      vertex 51.7833 29.25 0
    endloop
  endfacet
  facet normal 0.989174 -0.146746 0
    outer loop
      vertex 51.7978 29.5441 4
      vertex 51.841 29.8353 0
      vertex 51.841 29.8353 4
    endloop
  endfacet
  facet normal 0.989174 -0.146746 0
    outer loop
      vertex 51.841 29.8353 0
      vertex 51.7978 29.5441 4
      vertex 51.7978 29.5441 0
    endloop
  endfacet
  facet normal 0.970042 -0.242935 0
    outer loop
      vertex 51.841 29.8353 4
      vertex 51.9125 30.1208 0
      vertex 51.9125 30.1208 4
    endloop
  endfacet
  facet normal 0.970042 -0.242935 0
    outer loop
      vertex 51.9125 30.1208 0
      vertex 51.841 29.8353 4
      vertex 51.841 29.8353 0
    endloop
  endfacet
  facet normal 0.941565 -0.336831 0
    outer loop
      vertex 51.9125 30.1208 4
      vertex 52.0117 30.3981 0
      vertex 52.0117 30.3981 4
    endloop
  endfacet
  facet normal 0.941565 -0.336831 0
    outer loop
      vertex 52.0117 30.3981 0
      vertex 51.9125 30.1208 4
      vertex 51.9125 30.1208 0
    endloop
  endfacet
  facet normal 0.903931 -0.427677 0
    outer loop
      vertex 52.0117 30.3981 4
      vertex 52.1376 30.6642 0
      vertex 52.1376 30.6642 4
    endloop
  endfacet
  facet normal 0.903931 -0.427677 0
    outer loop
      vertex 52.1376 30.6642 0
      vertex 52.0117 30.3981 4
      vertex 52.0117 30.3981 0
    endloop
  endfacet
  facet normal 0.857793 -0.513996 0
    outer loop
      vertex 52.1376 30.6642 4
      vertex 52.2889 30.9167 0
      vertex 52.2889 30.9167 4
    endloop
  endfacet
  facet normal 0.857793 -0.513996 0
    outer loop
      vertex 52.2889 30.9167 0
      vertex 52.1376 30.6642 4
      vertex 52.1376 30.6642 0
    endloop
  endfacet
  facet normal 0.803208 -0.595699 0
    outer loop
      vertex 52.2889 30.9167 4
      vertex 52.4643 31.1532 0
      vertex 52.4643 31.1532 4
    endloop
  endfacet
  facet normal 0.803208 -0.595699 0
    outer loop
      vertex 52.4643 31.1532 0
      vertex 52.2889 30.9167 4
      vertex 52.2889 30.9167 0
    endloop
  endfacet
  facet normal 0.740908 -0.671607 0
    outer loop
      vertex 52.4643 31.1532 4
      vertex 52.662 31.3713 0
      vertex 52.662 31.3713 4
    endloop
  endfacet
  facet normal 0.740908 -0.671607 0
    outer loop
      vertex 52.662 31.3713 0
      vertex 52.4643 31.1532 4
      vertex 52.4643 31.1532 0
    endloop
  endfacet
  facet normal 0.671607 -0.740908 0
    outer loop
      vertex 52.662 31.3713 0
      vertex 52.8801 31.569 4
      vertex 52.662 31.3713 4
    endloop
  endfacet
  facet normal 0.671607 -0.740908 0
    outer loop
      vertex 52.8801 31.569 4
      vertex 52.662 31.3713 0
      vertex 52.8801 31.569 0
    endloop
  endfacet
  facet normal 0.595699 -0.803208 0
    outer loop
      vertex 52.8801 31.569 0
      vertex 53.1166 31.7444 4
      vertex 52.8801 31.569 4
    endloop
  endfacet
  facet normal 0.595699 -0.803208 0
    outer loop
      vertex 53.1166 31.7444 4
      vertex 52.8801 31.569 0
      vertex 53.1166 31.7444 0
    endloop
  endfacet
  facet normal 0.514246 -0.857643 0
    outer loop
      vertex 53.1166 31.7444 0
      vertex 53.3691 31.8958 4
      vertex 53.1166 31.7444 4
    endloop
  endfacet
  facet normal 0.514246 -0.857643 0
    outer loop
      vertex 53.3691 31.8958 4
      vertex 53.1166 31.7444 0
      vertex 53.3691 31.8958 0
    endloop
  endfacet
  facet normal 0.427269 -0.904125 0
    outer loop
      vertex 53.3691 31.8958 0
      vertex 53.6353 32.0216 4
      vertex 53.3691 31.8958 4
    endloop
  endfacet
  facet normal 0.427269 -0.904125 0
    outer loop
      vertex 53.6353 32.0216 4
      vertex 53.3691 31.8958 0
      vertex 53.6353 32.0216 0
    endloop
  endfacet
  facet normal 0.336939 -0.941527 0
    outer loop
      vertex 53.6353 32.0216 0
      vertex 53.9125 32.1208 4
      vertex 53.6353 32.0216 4
    endloop
  endfacet
  facet normal 0.336939 -0.941527 0
    outer loop
      vertex 53.9125 32.1208 4
      vertex 53.6353 32.0216 0
      vertex 53.9125 32.1208 0
    endloop
  endfacet
  facet normal 0.243175 -0.969982 0
    outer loop
      vertex 53.9125 32.1208 0
      vertex 54.1981 32.1924 4
      vertex 53.9125 32.1208 4
    endloop
  endfacet
  facet normal 0.243175 -0.969982 0
    outer loop
      vertex 54.1981 32.1924 4
      vertex 53.9125 32.1208 0
      vertex 54.1981 32.1924 0
    endloop
  endfacet
  facet normal 0.146413 -0.989224 0
    outer loop
      vertex 54.1981 32.1924 0
      vertex 54.4893 32.2355 4
      vertex 54.1981 32.1924 4
    endloop
  endfacet
  facet normal 0.146413 -0.989224 0
    outer loop
      vertex 54.4893 32.2355 4
      vertex 54.1981 32.1924 0
      vertex 54.4893 32.2355 0
    endloop
  endfacet
  facet normal 0.0492599 -0.998786 0
    outer loop
      vertex 54.4893 32.2355 0
      vertex 54.7833 32.25 4
      vertex 54.4893 32.2355 4
    endloop
  endfacet
  facet normal 0.0492599 -0.998786 0
    outer loop
      vertex 54.7833 32.25 4
      vertex 54.4893 32.2355 0
      vertex 54.7833 32.25 0
    endloop
  endfacet
  facet normal 0 -1 0
    outer loop
      vertex 54.7833 32.25 0
      vertex 78.5667 32.25 4
      vertex 54.7833 32.25 4
    endloop
  endfacet
  facet normal 0 -1 -0
    outer loop
      vertex 78.5667 32.25 4
      vertex 54.7833 32.25 0
      vertex 78.5667 32.25 0
    endloop
  endfacet
  facet normal -0.0492599 -0.998786 0
    outer loop
      vertex 78.5667 32.25 0
      vertex 78.8607 32.2355 4
      vertex 78.5667 32.25 4
    endloop
  endfacet
  facet normal -0.0492599 -0.998786 -0
    outer loop
      vertex 78.8607 32.2355 4
      vertex 78.5667 32.25 0
      vertex 78.8607 32.2355 0
    endloop
  endfacet
  facet normal -0.146413 -0.989224 0
    outer loop
      vertex 78.8607 32.2355 0
      vertex 79.1519 32.1924 4
      vertex 78.8607 32.2355 4
    endloop
  endfacet
  facet normal -0.146413 -0.989224 -0
    outer loop
      vertex 79.1519 32.1924 4
      vertex 78.8607 32.2355 0
      vertex 79.1519 32.1924 0
    endloop
  endfacet
  facet normal -0.243175 -0.969982 0
    outer loop
      vertex 79.1519 32.1924 0
      vertex 79.4375 32.1208 4
      vertex 79.1519 32.1924 4
    endloop
  endfacet
  facet normal -0.243175 -0.969982 -0
    outer loop
      vertex 79.4375 32.1208 4
      vertex 79.1519 32.1924 0
      vertex 79.4375 32.1208 0
    endloop
  endfacet
  facet normal -0.336939 -0.941527 0
    outer loop
      vertex 79.4375 32.1208 0
      vertex 79.7147 32.0216 4
      vertex 79.4375 32.1208 4
    endloop
  endfacet
  facet normal -0.336939 -0.941527 -0
    outer loop
      vertex 79.7147 32.0216 4
      vertex 79.4375 32.1208 0
      vertex 79.7147 32.0216 0
    endloop
  endfacet
  facet normal -0.4274 -0.904063 0
    outer loop
      vertex 79.7147 32.0216 0
      vertex 79.9808 31.8958 4
      vertex 79.7147 32.0216 4
    endloop
  endfacet
  facet normal -0.4274 -0.904063 -0
    outer loop
      vertex 79.9808 31.8958 4
      vertex 79.7147 32.0216 0
      vertex 79.9808 31.8958 0
    endloop
  endfacet
  facet normal -0.514096 -0.857733 0
    outer loop
      vertex 79.9808 31.8958 0
      vertex 80.2334 31.7444 4
      vertex 79.9808 31.8958 4
    endloop
  endfacet
  facet normal -0.514096 -0.857733 -0
    outer loop
      vertex 80.2334 31.7444 4
      vertex 79.9808 31.8958 0
      vertex 80.2334 31.7444 0
    endloop
  endfacet
  facet normal -0.595861 -0.803088 0
    outer loop
      vertex 80.2334 31.7444 0
      vertex 80.4698 31.569 4
      vertex 80.2334 31.7444 4
    endloop
  endfacet
  facet normal -0.595861 -0.803088 -0
    outer loop
      vertex 80.4698 31.569 4
      vertex 80.2334 31.7444 0
      vertex 80.4698 31.569 0
    endloop
  endfacet
  facet normal -0.671438 -0.741061 0
    outer loop
      vertex 80.4698 31.569 0
      vertex 80.688 31.3713 4
      vertex 80.4698 31.569 4
    endloop
  endfacet
  facet normal -0.671438 -0.741061 -0
    outer loop
      vertex 80.688 31.3713 4
      vertex 80.4698 31.569 0
      vertex 80.688 31.3713 0
    endloop
  endfacet
  facet normal -0.740908 -0.671607 0
    outer loop
      vertex 80.8857 31.1532 0
      vertex 80.688 31.3713 4
      vertex 80.688 31.3713 0
    endloop
  endfacet
  facet normal -0.740908 -0.671607 0
    outer loop
      vertex 80.688 31.3713 4
      vertex 80.8857 31.1532 0
      vertex 80.8857 31.1532 4
    endloop
  endfacet
  facet normal -0.803208 -0.595699 0
    outer loop
      vertex 81.0611 30.9167 0
      vertex 80.8857 31.1532 4
      vertex 80.8857 31.1532 0
    endloop
  endfacet
  facet normal -0.803208 -0.595699 0
    outer loop
      vertex 80.8857 31.1532 4
      vertex 81.0611 30.9167 0
      vertex 81.0611 30.9167 4
    endloop
  endfacet
  facet normal -0.857793 -0.513996 0
    outer loop
      vertex 81.2124 30.6642 0
      vertex 81.0611 30.9167 4
      vertex 81.0611 30.9167 0
    endloop
  endfacet
  facet normal -0.857793 -0.513996 0
    outer loop
      vertex 81.0611 30.9167 4
      vertex 81.2124 30.6642 0
      vertex 81.2124 30.6642 4
    endloop
  endfacet
  facet normal -0.903931 -0.427677 0
    outer loop
      vertex 81.3383 30.3981 0
      vertex 81.2124 30.6642 4
      vertex 81.2124 30.6642 0
    endloop
  endfacet
  facet normal -0.903931 -0.427677 0
    outer loop
      vertex 81.2124 30.6642 4
      vertex 81.3383 30.3981 0
      vertex 81.3383 30.3981 4
    endloop
  endfacet
  facet normal -0.941565 -0.336831 0
    outer loop
      vertex 81.4375 30.1208 0
      vertex 81.3383 30.3981 4
      vertex 81.3383 30.3981 0
    endloop
  endfacet
  facet normal -0.941565 -0.336831 0
    outer loop
      vertex 81.3383 30.3981 4
      vertex 81.4375 30.1208 0
      vertex 81.4375 30.1208 4
    endloop
  endfacet
  facet normal -0.970042 -0.242935 0
    outer loop
      vertex 81.509 29.8353 0
      vertex 81.4375 30.1208 4
      vertex 81.4375 30.1208 0
    endloop
  endfacet
  facet normal -0.970042 -0.242935 0
    outer loop
      vertex 81.4375 30.1208 4
      vertex 81.509 29.8353 0
      vertex 81.509 29.8353 4
    endloop
  endfacet
  facet normal -0.989174 -0.146746 0
    outer loop
      vertex 81.5522 29.5441 0
      vertex 81.509 29.8353 4
      vertex 81.509 29.8353 0
    endloop
  endfacet
  facet normal -0.989174 -0.146746 0
    outer loop
      vertex 81.509 29.8353 4
      vertex 81.5522 29.5441 0
      vertex 81.5522 29.5441 4
    endloop
  endfacet
  facet normal -0.998787 -0.0492431 0
    outer loop
      vertex 81.5667 29.25 0
      vertex 81.5522 29.5441 4
      vertex 81.5522 29.5441 0
    endloop
  endfacet
  facet normal -0.998787 -0.0492431 0
    outer loop
      vertex 81.5522 29.5441 4
      vertex 81.5667 29.25 0
      vertex 81.5667 29.25 4
    endloop
  endfacet
  facet normal -1 0 0
    outer loop
      vertex 81.5667 19 0
      vertex 81.5667 29.25 4
      vertex 81.5667 29.25 0
    endloop
  endfacet
  facet normal -1 -0 0
    outer loop
      vertex 81.5667 29.25 4
      vertex 81.5667 19 0
      vertex 81.5667 19 4
    endloop
  endfacet
  facet normal -0.998787 0.0492431 0
    outer loop
      vertex 81.5522 18.7059 0
      vertex 81.5667 19 4
      vertex 81.5667 19 0
    endloop
  endfacet
  facet normal -0.998787 0.0492431 0
    outer loop
      vertex 81.5667 19 4
      vertex 81.5522 18.7059 0
      vertex 81.5522 18.7059 4
    endloop
  endfacet
  facet normal -0.989174 0.146746 0
    outer loop
      vertex 81.509 18.4147 0
      vertex 81.5522 18.7059 4
      vertex 81.5522 18.7059 0
    endloop
  endfacet
  facet normal -0.989174 0.146746 0
    outer loop
      vertex 81.5522 18.7059 4
      vertex 81.509 18.4147 0
      vertex 81.509 18.4147 4
    endloop
  endfacet
  facet normal -0.970042 0.242935 0
    outer loop
      vertex 81.4375 18.1292 0
      vertex 81.509 18.4147 4
      vertex 81.509 18.4147 0
    endloop
  endfacet
  facet normal -0.970042 0.242935 0
    outer loop
      vertex 81.509 18.4147 4
      vertex 81.4375 18.1292 0
      vertex 81.4375 18.1292 4
    endloop
  endfacet
  facet normal -0.941565 0.336831 0
    outer loop
      vertex 81.3383 17.8519 0
      vertex 81.4375 18.1292 4
      vertex 81.4375 18.1292 0
    endloop
  endfacet
  facet normal -0.941565 0.336831 0
    outer loop
      vertex 81.4375 18.1292 4
      vertex 81.3383 17.8519 0
      vertex 81.3383 17.8519 4
    endloop
  endfacet
  facet normal -0.903931 0.427677 0
    outer loop
      vertex 81.2124 17.5858 0
      vertex 81.3383 17.8519 4
      vertex 81.3383 17.8519 0
    endloop
  endfacet
  facet normal -0.903931 0.427677 0
    outer loop
      vertex 81.3383 17.8519 4
      vertex 81.2124 17.5858 0
      vertex 81.2124 17.5858 4
    endloop
  endfacet
  facet normal -0.857793 0.513996 0
    outer loop
      vertex 81.0611 17.3333 0
      vertex 81.2124 17.5858 4
      vertex 81.2124 17.5858 0
    endloop
  endfacet
  facet normal -0.857793 0.513996 0
    outer loop
      vertex 81.2124 17.5858 4
      vertex 81.0611 17.3333 0
      vertex 81.0611 17.3333 4
    endloop
  endfacet
  facet normal -0.803208 0.595699 0
    outer loop
      vertex 80.8857 17.0968 0
      vertex 81.0611 17.3333 4
      vertex 81.0611 17.3333 0
    endloop
  endfacet
  facet normal -0.803208 0.595699 0
    outer loop
      vertex 81.0611 17.3333 4
      vertex 80.8857 17.0968 0
      vertex 80.8857 17.0968 4
    endloop
  endfacet
  facet normal -0.740908 0.671607 0
    outer loop
      vertex 80.688 16.8787 0
      vertex 80.8857 17.0968 4
      vertex 80.8857 17.0968 0
    endloop
  endfacet
  facet normal -0.740908 0.671607 0
    outer loop
      vertex 80.8857 17.0968 4
      vertex 80.688 16.8787 0
      vertex 80.688 16.8787 4
    endloop
  endfacet
  facet normal -0.671438 0.741061 0
    outer loop
      vertex 80.688 16.8787 0
      vertex 80.4698 16.681 4
      vertex 80.688 16.8787 4
    endloop
  endfacet
  facet normal -0.671438 0.741061 0
    outer loop
      vertex 80.4698 16.681 4
      vertex 80.688 16.8787 0
      vertex 80.4698 16.681 0
    endloop
  endfacet
  facet normal -0.595861 0.803088 0
    outer loop
      vertex 80.4698 16.681 0
      vertex 80.2334 16.5056 4
      vertex 80.4698 16.681 4
    endloop
  endfacet
  facet normal -0.595861 0.803088 0
    outer loop
      vertex 80.2334 16.5056 4
      vertex 80.4698 16.681 0
      vertex 80.2334 16.5056 0
    endloop
  endfacet
  facet normal -0.514096 0.857733 0
    outer loop
      vertex 80.2334 16.5056 0
      vertex 79.9808 16.3542 4
      vertex 80.2334 16.5056 4
    endloop
  endfacet
  facet normal -0.514096 0.857733 0
    outer loop
      vertex 79.9808 16.3542 4
      vertex 80.2334 16.5056 0
      vertex 79.9808 16.3542 0
    endloop
  endfacet
  facet normal -0.4274 0.904063 0
    outer loop
      vertex 79.9808 16.3542 0
      vertex 79.7147 16.2284 4
      vertex 79.9808 16.3542 4
    endloop
  endfacet
  facet normal -0.4274 0.904063 0
    outer loop
      vertex 79.7147 16.2284 4
      vertex 79.9808 16.3542 0
      vertex 79.7147 16.2284 0
    endloop
  endfacet
  facet normal -0.336939 0.941527 0
    outer loop
      vertex 79.7147 16.2284 0
      vertex 79.4375 16.1292 4
      vertex 79.7147 16.2284 4
    endloop
  endfacet
  facet normal -0.336939 0.941527 0
    outer loop
      vertex 79.4375 16.1292 4
      vertex 79.7147 16.2284 0
      vertex 79.4375 16.1292 0
    endloop
  endfacet
  facet normal -0.243175 0.969982 0
    outer loop
      vertex 79.4375 16.1292 0
      vertex 79.1519 16.0576 4
      vertex 79.4375 16.1292 4
    endloop
  endfacet
  facet normal -0.243175 0.969982 0
    outer loop
      vertex 79.1519 16.0576 4
      vertex 79.4375 16.1292 0
      vertex 79.1519 16.0576 0
    endloop
  endfacet
  facet normal -0.146413 0.989224 0
    outer loop
      vertex 79.1519 16.0576 0
      vertex 78.8607 16.0145 4
      vertex 79.1519 16.0576 4
    endloop
  endfacet
  facet normal -0.146413 0.989224 0
    outer loop
      vertex 78.8607 16.0145 4
      vertex 79.1519 16.0576 0
      vertex 78.8607 16.0145 0
    endloop
  endfacet
  facet normal -0.0492599 0.998786 0
    outer loop
      vertex 78.8607 16.0145 0
      vertex 78.5667 16 4
      vertex 78.8607 16.0145 4
    endloop
  endfacet
  facet normal -0.0492599 0.998786 0
    outer loop
      vertex 78.5667 16 4
      vertex 78.8607 16.0145 0
      vertex 78.5667 16 0
    endloop
  endfacet
  facet normal 0 1 -0
    outer loop
      vertex 78.5667 16 0
      vertex 54.7833 16 4
      vertex 78.5667 16 4
    endloop
  endfacet
  facet normal 0 1 0
    outer loop
      vertex 54.7833 16 4
      vertex 78.5667 16 0
      vertex 54.7833 16 0
    endloop
  endfacet
  facet normal 0.0492431 0.998787 -0
    outer loop
      vertex 19 16 0
      vertex 18.7059 16.0145 4
      vertex 19 16 4
    endloop
  endfacet
  facet normal 0.0492431 0.998787 0
    outer loop
      vertex 18.7059 16.0145 4
      vertex 19 16 0
      vertex 18.7059 16.0145 0
    endloop
  endfacet
  facet normal 0.146413 0.989224 -0
    outer loop
      vertex 18.7059 16.0145 0
      vertex 18.4147 16.0576 4
      vertex 18.7059 16.0145 4
    endloop
  endfacet
  facet normal 0.146413 0.989224 0
    outer loop
      vertex 18.4147 16.0576 4
      vertex 18.7059 16.0145 0
      vertex 18.4147 16.0576 0
    endloop
  endfacet
  facet normal 0.243255 0.969962 -0
    outer loop
      vertex 18.4147 16.0576 0
      vertex 18.1292 16.1292 4
      vertex 18.4147 16.0576 4
    endloop
  endfacet
  facet normal 0.243255 0.969962 0
    outer loop
      vertex 18.1292 16.1292 4
      vertex 18.4147 16.0576 0
      vertex 18.1292 16.1292 0
    endloop
  endfacet
  facet normal 0.336831 0.941565 -0
    outer loop
      vertex 18.1292 16.1292 0
      vertex 17.8519 16.2284 4
      vertex 18.1292 16.1292 4
    endloop
  endfacet
  facet normal 0.336831 0.941565 0
    outer loop
      vertex 17.8519 16.2284 4
      vertex 18.1292 16.1292 0
      vertex 17.8519 16.2284 0
    endloop
  endfacet
  facet normal 0.4274 0.904063 -0
    outer loop
      vertex 17.8519 16.2284 0
      vertex 17.5858 16.3542 4
      vertex 17.8519 16.2284 4
    endloop
  endfacet
  facet normal 0.4274 0.904063 0
    outer loop
      vertex 17.5858 16.3542 4
      vertex 17.8519 16.2284 0
      vertex 17.5858 16.3542 0
    endloop
  endfacet
  facet normal 0.514246 0.857643 -0
    outer loop
      vertex 17.5858 16.3542 0
      vertex 17.3333 16.5056 4
      vertex 17.5858 16.3542 4
    endloop
  endfacet
  facet normal 0.514246 0.857643 0
    outer loop
      vertex 17.3333 16.5056 4
      vertex 17.5858 16.3542 0
      vertex 17.3333 16.5056 0
    endloop
  endfacet
  facet normal 0.595699 0.803208 -0
    outer loop
      vertex 17.3333 16.5056 0
      vertex 17.0968 16.681 4
      vertex 17.3333 16.5056 4
    endloop
  endfacet
  facet normal 0.595699 0.803208 0
    outer loop
      vertex 17.0968 16.681 4
      vertex 17.3333 16.5056 0
      vertex 17.0968 16.681 0
    endloop
  endfacet
  facet normal 0.671607 0.740908 -0
    outer loop
      vertex 17.0968 16.681 0
      vertex 16.8787 16.8787 4
      vertex 17.0968 16.681 4
    endloop
  endfacet
  facet normal 0.671607 0.740908 0
    outer loop
      vertex 16.8787 16.8787 4
      vertex 17.0968 16.681 0
      vertex 16.8787 16.8787 0
    endloop
  endfacet
  facet normal 0.740908 0.671607 0
    outer loop
      vertex 16.8787 16.8787 4
      vertex 16.681 17.0968 0
      vertex 16.681 17.0968 4
    endloop
  endfacet
  facet normal 0.740908 0.671607 0
    outer loop
      vertex 16.681 17.0968 0
      vertex 16.8787 16.8787 4
      vertex 16.8787 16.8787 0
    endloop
  endfacet
  facet normal 0.803208 0.595699 0
    outer loop
      vertex 16.681 17.0968 4
      vertex 16.5056 17.3333 0
      vertex 16.5056 17.3333 4
    endloop
  endfacet
  facet normal 0.803208 0.595699 0
    outer loop
      vertex 16.5056 17.3333 0
      vertex 16.681 17.0968 4
      vertex 16.681 17.0968 0
    endloop
  endfacet
  facet normal 0.857643 0.514246 0
    outer loop
      vertex 16.5056 17.3333 4
      vertex 16.3542 17.5858 0
      vertex 16.3542 17.5858 4
    endloop
  endfacet
  facet normal 0.857643 0.514246 0
    outer loop
      vertex 16.3542 17.5858 0
      vertex 16.5056 17.3333 4
      vertex 16.5056 17.3333 0
    endloop
  endfacet
  facet normal 0.904063 0.4274 0
    outer loop
      vertex 16.3542 17.5858 4
      vertex 16.2284 17.8519 0
      vertex 16.2284 17.8519 4
    endloop
  endfacet
  facet normal 0.904063 0.4274 0
    outer loop
      vertex 16.2284 17.8519 0
      vertex 16.3542 17.5858 4
      vertex 16.3542 17.5858 0
    endloop
  endfacet
  facet normal 0.941565 0.336831 0
    outer loop
      vertex 16.2284 17.8519 4
      vertex 16.1292 18.1292 0
      vertex 16.1292 18.1292 4
    endloop
  endfacet
  facet normal 0.941565 0.336831 0
    outer loop
      vertex 16.1292 18.1292 0
      vertex 16.2284 17.8519 4
      vertex 16.2284 17.8519 0
    endloop
  endfacet
  facet normal 0.969962 0.243255 0
    outer loop
      vertex 16.1292 18.1292 4
      vertex 16.0576 18.4147 0
      vertex 16.0576 18.4147 4
    endloop
  endfacet
  facet normal 0.969962 0.243255 0
    outer loop
      vertex 16.0576 18.4147 0
      vertex 16.1292 18.1292 4
      vertex 16.1292 18.1292 0
    endloop
  endfacet
  facet normal 0.989224 0.146413 0
    outer loop
      vertex 16.0576 18.4147 4
      vertex 16.0145 18.7059 0
      vertex 16.0145 18.7059 4
    endloop
  endfacet
  facet normal 0.989224 0.146413 0
    outer loop
      vertex 16.0145 18.7059 0
      vertex 16.0576 18.4147 4
      vertex 16.0576 18.4147 0
    endloop
  endfacet
  facet normal 0.998787 0.0492431 0
    outer loop
      vertex 16.0145 18.7059 4
      vertex 16 19 0
      vertex 16 19 4
    endloop
  endfacet
  facet normal 0.998787 0.0492431 0
    outer loop
      vertex 16 19 0
      vertex 16.0145 18.7059 4
      vertex 16.0145 18.7059 0
    endloop
  endfacet
  facet normal 1 -0 0
    outer loop
      vertex 16 19 4
      vertex 16 29.25 0
      vertex 16 29.25 4
    endloop
  endfacet
  facet normal 1 0 0
    outer loop
      vertex 16 29.25 0
      vertex 16 19 4
      vertex 16 19 0
    endloop
  endfacet
  facet normal 0.998787 -0.0492431 0
    outer loop
      vertex 16 29.25 4
      vertex 16.0145 29.5441 0
      vertex 16.0145 29.5441 4
    endloop
  endfacet
  facet normal 0.998787 -0.0492431 0
    outer loop
      vertex 16.0145 29.5441 0
      vertex 16 29.25 4
      vertex 16 29.25 0
    endloop
  endfacet
  facet normal 0.989224 -0.146413 0
    outer loop
      vertex 16.0145 29.5441 4
      vertex 16.0576 29.8353 0
      vertex 16.0576 29.8353 4
    endloop
  endfacet
  facet normal 0.989224 -0.146413 0
    outer loop
      vertex 16.0576 29.8353 0
      vertex 16.0145 29.5441 4
      vertex 16.0145 29.5441 0
    endloop
  endfacet
  facet normal 0.969962 -0.243255 0
    outer loop
      vertex 16.0576 29.8353 4
      vertex 16.1292 30.1208 0
      vertex 16.1292 30.1208 4
    endloop
  endfacet
  facet normal 0.969962 -0.243255 0
    outer loop
      vertex 16.1292 30.1208 0
      vertex 16.0576 29.8353 4
      vertex 16.0576 29.8353 0
    endloop
  endfacet
  facet normal 0.941565 -0.336831 0
    outer loop
      vertex 16.1292 30.1208 4
      vertex 16.2284 30.3981 0
      vertex 16.2284 30.3981 4
    endloop
  endfacet
  facet normal 0.941565 -0.336831 0
    outer loop
      vertex 16.2284 30.3981 0
      vertex 16.1292 30.1208 4
      vertex 16.1292 30.1208 0
    endloop
  endfacet
  facet normal 0.904063 -0.4274 0
    outer loop
      vertex 16.2284 30.3981 4
      vertex 16.3542 30.6642 0
      vertex 16.3542 30.6642 4
    endloop
  endfacet
  facet normal 0.904063 -0.4274 0
    outer loop
      vertex 16.3542 30.6642 0
      vertex 16.2284 30.3981 4
      vertex 16.2284 30.3981 0
    endloop
  endfacet
  facet normal 0.857643 -0.514246 0
    outer loop
      vertex 16.3542 30.6642 4
      vertex 16.5056 30.9167 0
      vertex 16.5056 30.9167 4
    endloop
  endfacet
  facet normal 0.857643 -0.514246 0
    outer loop
      vertex 16.5056 30.9167 0
      vertex 16.3542 30.6642 4
      vertex 16.3542 30.6642 0
    endloop
  endfacet
  facet normal 0.803208 -0.595699 0
    outer loop
      vertex 16.5056 30.9167 4
      vertex 16.681 31.1532 0
      vertex 16.681 31.1532 4
    endloop
  endfacet
  facet normal 0.803208 -0.595699 0
    outer loop
      vertex 16.681 31.1532 0
      vertex 16.5056 30.9167 4
      vertex 16.5056 30.9167 0
    endloop
  endfacet
  facet normal 0.740908 -0.671607 0
    outer loop
      vertex 16.681 31.1532 4
      vertex 16.8787 31.3713 0
      vertex 16.8787 31.3713 4
    endloop
  endfacet
  facet normal 0.740908 -0.671607 0
    outer loop
      vertex 16.8787 31.3713 0
      vertex 16.681 31.1532 4
      vertex 16.681 31.1532 0
    endloop
  endfacet
  facet normal 0.671607 -0.740908 0
    outer loop
      vertex 16.8787 31.3713 0
      vertex 17.0968 31.569 4
      vertex 16.8787 31.3713 4
    endloop
  endfacet
  facet normal 0.671607 -0.740908 0
    outer loop
      vertex 17.0968 31.569 4
      vertex 16.8787 31.3713 0
      vertex 17.0968 31.569 0
    endloop
  endfacet
  facet normal 0.595699 -0.803208 0
    outer loop
      vertex 17.0968 31.569 0
      vertex 17.3333 31.7444 4
      vertex 17.0968 31.569 4
    endloop
  endfacet
  facet normal 0.595699 -0.803208 0
    outer loop
      vertex 17.3333 31.7444 4
      vertex 17.0968 31.569 0
      vertex 17.3333 31.7444 0
    endloop
  endfacet
  facet normal 0.514246 -0.857643 0
    outer loop
      vertex 17.3333 31.7444 0
      vertex 17.5858 31.8958 4
      vertex 17.3333 31.7444 4
    endloop
  endfacet
  facet normal 0.514246 -0.857643 0
    outer loop
      vertex 17.5858 31.8958 4
      vertex 17.3333 31.7444 0
      vertex 17.5858 31.8958 0
    endloop
  endfacet
  facet normal 0.4274 -0.904063 0
    outer loop
      vertex 17.5858 31.8958 0
      vertex 17.8519 32.0216 4
      vertex 17.5858 31.8958 4
    endloop
  endfacet
  facet normal 0.4274 -0.904063 0
    outer loop
      vertex 17.8519 32.0216 4
      vertex 17.5858 31.8958 0
      vertex 17.8519 32.0216 0
    endloop
  endfacet
  facet normal 0.336831 -0.941565 0
    outer loop
      vertex 17.8519 32.0216 0
      vertex 18.1292 32.1208 4
      vertex 17.8519 32.0216 4
    endloop
  endfacet
  facet normal 0.336831 -0.941565 0
    outer loop
      vertex 18.1292 32.1208 4
      vertex 17.8519 32.0216 0
      vertex 18.1292 32.1208 0
    endloop
  endfacet
  facet normal 0.243255 -0.969962 0
    outer loop
      vertex 18.1292 32.1208 0
      vertex 18.4147 32.1924 4
      vertex 18.1292 32.1208 4
    endloop
  endfacet
  facet normal 0.243255 -0.969962 0
    outer loop
      vertex 18.4147 32.1924 4
      vertex 18.1292 32.1208 0
      vertex 18.4147 32.1924 0
    endloop
  endfacet
  facet normal 0.146413 -0.989224 0
    outer loop
      vertex 18.4147 32.1924 0
      vertex 18.7059 32.2355 4
      vertex 18.4147 32.1924 4
    endloop
  endfacet
  facet normal 0.146413 -0.989224 0
    outer loop
      vertex 18.7059 32.2355 4
      vertex 18.4147 32.1924 0
      vertex 18.7059 32.2355 0
    endloop
  endfacet
  facet normal 0.0492431 -0.998787 0
    outer loop
      vertex 18.7059 32.2355 0
      vertex 19 32.25 4
      vertex 18.7059 32.2355 4
    endloop
  endfacet
  facet normal 0.0492431 -0.998787 0
    outer loop
      vertex 19 32.25 4
      vertex 18.7059 32.2355 0
      vertex 19 32.25 0
    endloop
  endfacet
  facet normal 0 -1 0
    outer loop
      vertex 19 32.25 0
      vertex 42.7833 32.25 4
      vertex 19 32.25 4
    endloop
  endfacet
  facet normal 0 -1 -0
    outer loop
      vertex 42.7833 32.25 4
      vertex 19 32.25 0
      vertex 42.7833 32.25 0
    endloop
  endfacet
  facet normal -0.0492431 -0.998787 0
    outer loop
      vertex 42.7833 32.25 0
      vertex 43.0774 32.2355 4
      vertex 42.7833 32.25 4
    endloop
  endfacet
  facet normal -0.0492431 -0.998787 -0
    outer loop
      vertex 43.0774 32.2355 4
      vertex 42.7833 32.25 0
      vertex 43.0774 32.2355 0
    endloop
  endfacet
  facet normal -0.146413 -0.989224 0
    outer loop
      vertex 43.0774 32.2355 0
      vertex 43.3686 32.1924 4
      vertex 43.0774 32.2355 4
    endloop
  endfacet
  facet normal -0.146413 -0.989224 -0
    outer loop
      vertex 43.3686 32.1924 4
      vertex 43.0774 32.2355 0
      vertex 43.3686 32.1924 0
    endloop
  endfacet
  facet normal -0.243175 -0.969982 0
    outer loop
      vertex 43.3686 32.1924 0
      vertex 43.6542 32.1208 4
      vertex 43.3686 32.1924 4
    endloop
  endfacet
  facet normal -0.243175 -0.969982 -0
    outer loop
      vertex 43.6542 32.1208 4
      vertex 43.3686 32.1924 0
      vertex 43.6542 32.1208 0
    endloop
  endfacet
  facet normal -0.336939 -0.941527 0
    outer loop
      vertex 43.6542 32.1208 0
      vertex 43.9314 32.0216 4
      vertex 43.6542 32.1208 4
    endloop
  endfacet
  facet normal -0.336939 -0.941527 -0
    outer loop
      vertex 43.9314 32.0216 4
      vertex 43.6542 32.1208 0
      vertex 43.9314 32.0216 0
    endloop
  endfacet
  facet normal -0.4274 -0.904063 0
    outer loop
      vertex 43.9314 32.0216 0
      vertex 44.1975 31.8958 4
      vertex 43.9314 32.0216 4
    endloop
  endfacet
  facet normal -0.4274 -0.904063 -0
    outer loop
      vertex 44.1975 31.8958 4
      vertex 43.9314 32.0216 0
      vertex 44.1975 31.8958 0
    endloop
  endfacet
  facet normal -0.514246 -0.857643 0
    outer loop
      vertex 44.1975 31.8958 0
      vertex 44.45 31.7444 4
      vertex 44.1975 31.8958 4
    endloop
  endfacet
  facet normal -0.514246 -0.857643 -0
    outer loop
      vertex 44.45 31.7444 4
      vertex 44.1975 31.8958 0
      vertex 44.45 31.7444 0
    endloop
  endfacet
  facet normal -0.595699 -0.803208 0
    outer loop
      vertex 44.45 31.7444 0
      vertex 44.6865 31.569 4
      vertex 44.45 31.7444 4
    endloop
  endfacet
  facet normal -0.595699 -0.803208 -0
    outer loop
      vertex 44.6865 31.569 4
      vertex 44.45 31.7444 0
      vertex 44.6865 31.569 0
    endloop
  endfacet
  facet normal -0.671607 -0.740908 0
    outer loop
      vertex 44.6865 31.569 0
      vertex 44.9046 31.3713 4
      vertex 44.6865 31.569 4
    endloop
  endfacet
  facet normal -0.671607 -0.740908 -0
    outer loop
      vertex 44.9046 31.3713 4
      vertex 44.6865 31.569 0
      vertex 44.9046 31.3713 0
    endloop
  endfacet
  facet normal -0.740739 -0.671793 0
    outer loop
      vertex 45.1024 31.1532 0
      vertex 44.9046 31.3713 4
      vertex 44.9046 31.3713 0
    endloop
  endfacet
  facet normal -0.740739 -0.671793 0
    outer loop
      vertex 44.9046 31.3713 4
      vertex 45.1024 31.1532 0
      vertex 45.1024 31.1532 4
    endloop
  endfacet
  facet normal -0.803371 -0.595479 0
    outer loop
      vertex 45.2777 30.9167 0
      vertex 45.1024 31.1532 4
      vertex 45.1024 31.1532 0
    endloop
  endfacet
  facet normal -0.803371 -0.595479 0
    outer loop
      vertex 45.1024 31.1532 4
      vertex 45.2777 30.9167 0
      vertex 45.2777 30.9167 4
    endloop
  endfacet
  facet normal -0.857643 -0.514246 0
    outer loop
      vertex 45.4291 30.6642 0
      vertex 45.2777 30.9167 4
      vertex 45.2777 30.9167 0
    endloop
  endfacet
  facet normal -0.857643 -0.514246 0
    outer loop
      vertex 45.2777 30.9167 4
      vertex 45.4291 30.6642 0
      vertex 45.4291 30.6642 4
    endloop
  endfacet
  facet normal -0.903931 -0.427677 0
    outer loop
      vertex 45.555 30.3981 0
      vertex 45.4291 30.6642 4
      vertex 45.4291 30.6642 0
    endloop
  endfacet
  facet normal -0.903931 -0.427677 0
    outer loop
      vertex 45.4291 30.6642 4
      vertex 45.555 30.3981 0
      vertex 45.555 30.3981 4
    endloop
  endfacet
  facet normal -0.941673 -0.33653 0
    outer loop
      vertex 45.6541 30.1208 0
      vertex 45.555 30.3981 4
      vertex 45.555 30.3981 0
    endloop
  endfacet
  facet normal -0.941673 -0.33653 0
    outer loop
      vertex 45.555 30.3981 4
      vertex 45.6541 30.1208 0
      vertex 45.6541 30.1208 4
    endloop
  endfacet
  facet normal -0.969962 -0.243255 0
    outer loop
      vertex 45.7257 29.8353 0
      vertex 45.6541 30.1208 4
      vertex 45.6541 30.1208 0
    endloop
  endfacet
  facet normal -0.969962 -0.243255 0
    outer loop
      vertex 45.6541 30.1208 4
      vertex 45.7257 29.8353 0
      vertex 45.7257 29.8353 4
    endloop
  endfacet
  facet normal -0.989174 -0.146746 0
    outer loop
      vertex 45.7689 29.5441 0
      vertex 45.7257 29.8353 4
      vertex 45.7257 29.8353 0
    endloop
  endfacet
  facet normal -0.989174 -0.146746 0
    outer loop
      vertex 45.7257 29.8353 4
      vertex 45.7689 29.5441 0
      vertex 45.7689 29.5441 4
    endloop
  endfacet
  facet normal -0.998803 -0.0489044 0
    outer loop
      vertex 45.7833 29.25 0
      vertex 45.7689 29.5441 4
      vertex 45.7689 29.5441 0
    endloop
  endfacet
  facet normal -0.998803 -0.0489044 0
    outer loop
      vertex 45.7689 29.5441 4
      vertex 45.7833 29.25 0
      vertex 45.7833 29.25 4
    endloop
  endfacet
  facet normal -1 0 0
    outer loop
      vertex 45.7833 19 0
      vertex 45.7833 29.25 4
      vertex 45.7833 29.25 0
    endloop
  endfacet
  facet normal -1 -0 0
    outer loop
      vertex 45.7833 29.25 4
      vertex 45.7833 19 0
      vertex 45.7833 19 4
    endloop
  endfacet
  facet normal -0.998803 0.0489044 0
    outer loop
      vertex 45.7689 18.7059 0
      vertex 45.7833 19 4
      vertex 45.7833 19 0
    endloop
  endfacet
  facet normal -0.998803 0.0489044 0
    outer loop
      vertex 45.7833 19 4
      vertex 45.7689 18.7059 0
      vertex 45.7689 18.7059 4
    endloop
  endfacet
  facet normal -0.989174 0.146746 0
    outer loop
      vertex 45.7257 18.4147 0
      vertex 45.7689 18.7059 4
      vertex 45.7689 18.7059 0
    endloop
  endfacet
  facet normal -0.989174 0.146746 0
    outer loop
      vertex 45.7689 18.7059 4
      vertex 45.7257 18.4147 0
      vertex 45.7257 18.4147 4
    endloop
  endfacet
  facet normal -0.969962 0.243255 0
    outer loop
      vertex 45.6541 18.1292 0
      vertex 45.7257 18.4147 4
      vertex 45.7257 18.4147 0
    endloop
  endfacet
  facet normal -0.969962 0.243255 0
    outer loop
      vertex 45.7257 18.4147 4
      vertex 45.6541 18.1292 0
      vertex 45.6541 18.1292 4
    endloop
  endfacet
  facet normal -0.941673 0.33653 0
    outer loop
      vertex 45.555 17.8519 0
      vertex 45.6541 18.1292 4
      vertex 45.6541 18.1292 0
    endloop
  endfacet
  facet normal -0.941673 0.33653 0
    outer loop
      vertex 45.6541 18.1292 4
      vertex 45.555 17.8519 0
      vertex 45.555 17.8519 4
    endloop
  endfacet
  facet normal -0.903931 0.427677 0
    outer loop
      vertex 45.4291 17.5858 0
      vertex 45.555 17.8519 4
      vertex 45.555 17.8519 0
    endloop
  endfacet
  facet normal -0.903931 0.427677 0
    outer loop
      vertex 45.555 17.8519 4
      vertex 45.4291 17.5858 0
      vertex 45.4291 17.5858 4
    endloop
  endfacet
  facet normal -0.857643 0.514246 0
    outer loop
      vertex 45.2777 17.3333 0
      vertex 45.4291 17.5858 4
      vertex 45.4291 17.5858 0
    endloop
  endfacet
  facet normal -0.857643 0.514246 0
    outer loop
      vertex 45.4291 17.5858 4
      vertex 45.2777 17.3333 0
      vertex 45.2777 17.3333 4
    endloop
  endfacet
  facet normal -0.803371 0.595479 0
    outer loop
      vertex 45.1024 17.0968 0
      vertex 45.2777 17.3333 4
      vertex 45.2777 17.3333 0
    endloop
  endfacet
  facet normal -0.803371 0.595479 0
    outer loop
      vertex 45.2777 17.3333 4
      vertex 45.1024 17.0968 0
      vertex 45.1024 17.0968 4
    endloop
  endfacet
  facet normal -0.740739 0.671793 0
    outer loop
      vertex 44.9046 16.8787 0
      vertex 45.1024 17.0968 4
      vertex 45.1024 17.0968 0
    endloop
  endfacet
  facet normal -0.740739 0.671793 0
    outer loop
      vertex 45.1024 17.0968 4
      vertex 44.9046 16.8787 0
      vertex 44.9046 16.8787 4
    endloop
  endfacet
  facet normal -0.671607 0.740908 0
    outer loop
      vertex 44.9046 16.8787 0
      vertex 44.6865 16.681 4
      vertex 44.9046 16.8787 4
    endloop
  endfacet
  facet normal -0.671607 0.740908 0
    outer loop
      vertex 44.6865 16.681 4
      vertex 44.9046 16.8787 0
      vertex 44.6865 16.681 0
    endloop
  endfacet
  facet normal -0.595699 0.803208 0
    outer loop
      vertex 44.6865 16.681 0
      vertex 44.45 16.5056 4
      vertex 44.6865 16.681 4
    endloop
  endfacet
  facet normal -0.595699 0.803208 0
    outer loop
      vertex 44.45 16.5056 4
      vertex 44.6865 16.681 0
      vertex 44.45 16.5056 0
    endloop
  endfacet
  facet normal -0.514246 0.857643 0
    outer loop
      vertex 44.45 16.5056 0
      vertex 44.1975 16.3542 4
      vertex 44.45 16.5056 4
    endloop
  endfacet
  facet normal -0.514246 0.857643 0
    outer loop
      vertex 44.1975 16.3542 4
      vertex 44.45 16.5056 0
      vertex 44.1975 16.3542 0
    endloop
  endfacet
  facet normal -0.4274 0.904063 0
    outer loop
      vertex 44.1975 16.3542 0
      vertex 43.9314 16.2284 4
      vertex 44.1975 16.3542 4
    endloop
  endfacet
  facet normal -0.4274 0.904063 0
    outer loop
      vertex 43.9314 16.2284 4
      vertex 44.1975 16.3542 0
      vertex 43.9314 16.2284 0
    endloop
  endfacet
  facet normal -0.336939 0.941527 0
    outer loop
      vertex 43.9314 16.2284 0
      vertex 43.6542 16.1292 4
      vertex 43.9314 16.2284 4
    endloop
  endfacet
  facet normal -0.336939 0.941527 0
    outer loop
      vertex 43.6542 16.1292 4
      vertex 43.9314 16.2284 0
      vertex 43.6542 16.1292 0
    endloop
  endfacet
  facet normal -0.243175 0.969982 0
    outer loop
      vertex 43.6542 16.1292 0
      vertex 43.3686 16.0576 4
      vertex 43.6542 16.1292 4
    endloop
  endfacet
  facet normal -0.243175 0.969982 0
    outer loop
      vertex 43.3686 16.0576 4
      vertex 43.6542 16.1292 0
      vertex 43.3686 16.0576 0
    endloop
  endfacet
  facet normal -0.146413 0.989224 0
    outer loop
      vertex 43.3686 16.0576 0
      vertex 43.0774 16.0145 4
      vertex 43.3686 16.0576 4
    endloop
  endfacet
  facet normal -0.146413 0.989224 0
    outer loop
      vertex 43.0774 16.0145 4
      vertex 43.3686 16.0576 0
      vertex 43.0774 16.0145 0
    endloop
  endfacet
  facet normal -0.0492431 0.998787 0
    outer loop
      vertex 43.0774 16.0145 0
      vertex 42.7833 16 4
      vertex 43.0774 16.0145 4
    endloop
  endfacet
  facet normal -0.0492431 0.998787 0
    outer loop
      vertex 42.7833 16 4
      vertex 43.0774 16.0145 0
      vertex 42.7833 16 0
    endloop
  endfacet
  facet normal 0 1 -0
    outer loop
      vertex 42.7833 16 0
      vertex 19 16 4
      vertex 42.7833 16 4
    endloop
  endfacet
  facet normal 0 1 0
    outer loop
      vertex 19 16 4
      vertex 42.7833 16 0
      vertex 19 16 0
    endloop
  endfacet
  facet normal 0.0492431 0.998787 -0
    outer loop
      vertex 90.5667 16 0
      vertex 90.2726 16.0145 4
      vertex 90.5667 16 4
    endloop
  endfacet
  facet normal 0.0492431 0.998787 0
    outer loop
      vertex 90.2726 16.0145 4
      vertex 90.5667 16 0
      vertex 90.2726 16.0145 0
    endloop
  endfacet
  facet normal 0.146413 0.989224 -0
    outer loop
      vertex 90.2726 16.0145 0
      vertex 89.9814 16.0576 4
      vertex 90.2726 16.0145 4
    endloop
  endfacet
  facet normal 0.146413 0.989224 0
    outer loop
      vertex 89.9814 16.0576 4
      vertex 90.2726 16.0145 0
      vertex 89.9814 16.0576 0
    endloop
  endfacet
  facet normal 0.243175 0.969982 -0
    outer loop
      vertex 89.9814 16.0576 0
      vertex 89.6958 16.1292 4
      vertex 89.9814 16.0576 4
    endloop
  endfacet
  facet normal 0.243175 0.969982 0
    outer loop
      vertex 89.6958 16.1292 4
      vertex 89.9814 16.0576 0
      vertex 89.6958 16.1292 0
    endloop
  endfacet
  facet normal 0.336939 0.941527 -0
    outer loop
      vertex 89.6958 16.1292 0
      vertex 89.4186 16.2284 4
      vertex 89.6958 16.1292 4
    endloop
  endfacet
  facet normal 0.336939 0.941527 0
    outer loop
      vertex 89.4186 16.2284 4
      vertex 89.6958 16.1292 0
      vertex 89.4186 16.2284 0
    endloop
  endfacet
  facet normal 0.4274 0.904063 -0
    outer loop
      vertex 89.4186 16.2284 0
      vertex 89.1525 16.3542 4
      vertex 89.4186 16.2284 4
    endloop
  endfacet
  facet normal 0.4274 0.904063 0
    outer loop
      vertex 89.1525 16.3542 4
      vertex 89.4186 16.2284 0
      vertex 89.1525 16.3542 0
    endloop
  endfacet
  facet normal 0.514096 0.857733 -0
    outer loop
      vertex 89.1525 16.3542 0
      vertex 88.8999 16.5056 4
      vertex 89.1525 16.3542 4
    endloop
  endfacet
  facet normal 0.514096 0.857733 0
    outer loop
      vertex 88.8999 16.5056 4
      vertex 89.1525 16.3542 0
      vertex 88.8999 16.5056 0
    endloop
  endfacet
  facet normal 0.595861 0.803088 -0
    outer loop
      vertex 88.8999 16.5056 0
      vertex 88.6635 16.681 4
      vertex 88.8999 16.5056 4
    endloop
  endfacet
  facet normal 0.595861 0.803088 0
    outer loop
      vertex 88.6635 16.681 4
      vertex 88.8999 16.5056 0
      vertex 88.6635 16.681 0
    endloop
  endfacet
  facet normal 0.671438 0.741061 -0
    outer loop
      vertex 88.6635 16.681 0
      vertex 88.4453 16.8787 4
      vertex 88.6635 16.681 4
    endloop
  endfacet
  facet normal 0.671438 0.741061 0
    outer loop
      vertex 88.4453 16.8787 4
      vertex 88.6635 16.681 0
      vertex 88.4453 16.8787 0
    endloop
  endfacet
  facet normal 0.740908 0.671607 0
    outer loop
      vertex 88.4453 16.8787 4
      vertex 88.2476 17.0968 0
      vertex 88.2476 17.0968 4
    endloop
  endfacet
  facet normal 0.740908 0.671607 0
    outer loop
      vertex 88.2476 17.0968 0
      vertex 88.4453 16.8787 4
      vertex 88.4453 16.8787 0
    endloop
  endfacet
  facet normal 0.803371 0.595479 0
    outer loop
      vertex 88.2476 17.0968 4
      vertex 88.0723 17.3333 0
      vertex 88.0723 17.3333 4
    endloop
  endfacet
  facet normal 0.803371 0.595479 0
    outer loop
      vertex 88.0723 17.3333 0
      vertex 88.2476 17.0968 4
      vertex 88.2476 17.0968 0
    endloop
  endfacet
  facet normal 0.857643 0.514246 0
    outer loop
      vertex 88.0723 17.3333 4
      vertex 87.9209 17.5858 0
      vertex 87.9209 17.5858 4
    endloop
  endfacet
  facet normal 0.857643 0.514246 0
    outer loop
      vertex 87.9209 17.5858 0
      vertex 88.0723 17.3333 4
      vertex 88.0723 17.3333 0
    endloop
  endfacet
  facet normal 0.903931 0.427677 0
    outer loop
      vertex 87.9209 17.5858 4
      vertex 87.795 17.8519 0
      vertex 87.795 17.8519 4
    endloop
  endfacet
  facet normal 0.903931 0.427677 0
    outer loop
      vertex 87.795 17.8519 0
      vertex 87.9209 17.5858 4
      vertex 87.9209 17.5858 0
    endloop
  endfacet
  facet normal 0.941565 0.336831 0
    outer loop
      vertex 87.795 17.8519 4
      vertex 87.6958 18.1292 0
      vertex 87.6958 18.1292 4
    endloop
  endfacet
  facet normal 0.941565 0.336831 0
    outer loop
      vertex 87.6958 18.1292 0
      vertex 87.795 17.8519 4
      vertex 87.795 17.8519 0
    endloop
  endfacet
  facet normal 0.970042 0.242935 0
    outer loop
      vertex 87.6958 18.1292 4
      vertex 87.6243 18.4147 0
      vertex 87.6243 18.4147 4
    endloop
  endfacet
  facet normal 0.970042 0.242935 0
    outer loop
      vertex 87.6243 18.4147 0
      vertex 87.6958 18.1292 4
      vertex 87.6958 18.1292 0
    endloop
  endfacet
  facet normal 0.989174 0.146746 0
    outer loop
      vertex 87.6243 18.4147 4
      vertex 87.5811 18.7059 0
      vertex 87.5811 18.7059 4
    endloop
  endfacet
  facet normal 0.989174 0.146746 0
    outer loop
      vertex 87.5811 18.7059 0
      vertex 87.6243 18.4147 4
      vertex 87.6243 18.4147 0
    endloop
  endfacet
  facet normal 0.998803 0.0489044 0
    outer loop
      vertex 87.5811 18.7059 4
      vertex 87.5667 19 0
      vertex 87.5667 19 4
    endloop
  endfacet
  facet normal 0.998803 0.0489044 0
    outer loop
      vertex 87.5667 19 0
      vertex 87.5811 18.7059 4
      vertex 87.5811 18.7059 0
    endloop
  endfacet
  facet normal 1 -0 0
    outer loop
      vertex 87.5667 19 4
      vertex 87.5667 29.25 0
      vertex 87.5667 29.25 4
    endloop
  endfacet
  facet normal 1 0 0
    outer loop
      vertex 87.5667 29.25 0
      vertex 87.5667 19 4
      vertex 87.5667 19 0
    endloop
  endfacet
  facet normal 0.998803 -0.0489044 0
    outer loop
      vertex 87.5667 29.25 4
      vertex 87.5811 29.5441 0
      vertex 87.5811 29.5441 4
    endloop
  endfacet
  facet normal 0.998803 -0.0489044 0
    outer loop
      vertex 87.5811 29.5441 0
      vertex 87.5667 29.25 4
      vertex 87.5667 29.25 0
    endloop
  endfacet
  facet normal 0.989174 -0.146746 0
    outer loop
      vertex 87.5811 29.5441 4
      vertex 87.6243 29.8353 0
      vertex 87.6243 29.8353 4
    endloop
  endfacet
  facet normal 0.989174 -0.146746 0
    outer loop
      vertex 87.6243 29.8353 0
      vertex 87.5811 29.5441 4
      vertex 87.5811 29.5441 0
    endloop
  endfacet
  facet normal 0.970042 -0.242935 0
    outer loop
      vertex 87.6243 29.8353 4
      vertex 87.6958 30.1208 0
      vertex 87.6958 30.1208 4
    endloop
  endfacet
  facet normal 0.970042 -0.242935 0
    outer loop
      vertex 87.6958 30.1208 0
      vertex 87.6243 29.8353 4
      vertex 87.6243 29.8353 0
    endloop
  endfacet
  facet normal 0.941565 -0.336831 0
    outer loop
      vertex 87.6958 30.1208 4
      vertex 87.795 30.3981 0
      vertex 87.795 30.3981 4
    endloop
  endfacet
  facet normal 0.941565 -0.336831 0
    outer loop
      vertex 87.795 30.3981 0
      vertex 87.6958 30.1208 4
      vertex 87.6958 30.1208 0
    endloop
  endfacet
  facet normal 0.903931 -0.427677 0
    outer loop
      vertex 87.795 30.3981 4
      vertex 87.9209 30.6642 0
      vertex 87.9209 30.6642 4
    endloop
  endfacet
  facet normal 0.903931 -0.427677 0
    outer loop
      vertex 87.9209 30.6642 0
      vertex 87.795 30.3981 4
      vertex 87.795 30.3981 0
    endloop
  endfacet
  facet normal 0.857643 -0.514246 0
    outer loop
      vertex 87.9209 30.6642 4
      vertex 88.0723 30.9167 0
      vertex 88.0723 30.9167 4
    endloop
  endfacet
  facet normal 0.857643 -0.514246 0
    outer loop
      vertex 88.0723 30.9167 0
      vertex 87.9209 30.6642 4
      vertex 87.9209 30.6642 0
    endloop
  endfacet
  facet normal 0.803371 -0.595479 0
    outer loop
      vertex 88.0723 30.9167 4
      vertex 88.2476 31.1532 0
      vertex 88.2476 31.1532 4
    endloop
  endfacet
  facet normal 0.803371 -0.595479 0
    outer loop
      vertex 88.2476 31.1532 0
      vertex 88.0723 30.9167 4
      vertex 88.0723 30.9167 0
    endloop
  endfacet
  facet normal 0.740908 -0.671607 0
    outer loop
      vertex 88.2476 31.1532 4
      vertex 88.4453 31.3713 0
      vertex 88.4453 31.3713 4
    endloop
  endfacet
  facet normal 0.740908 -0.671607 0
    outer loop
      vertex 88.4453 31.3713 0
      vertex 88.2476 31.1532 4
      vertex 88.2476 31.1532 0
    endloop
  endfacet
  facet normal 0.671438 -0.741061 0
    outer loop
      vertex 88.4453 31.3713 0
      vertex 88.6635 31.569 4
      vertex 88.4453 31.3713 4
    endloop
  endfacet
  facet normal 0.671438 -0.741061 0
    outer loop
      vertex 88.6635 31.569 4
      vertex 88.4453 31.3713 0
      vertex 88.6635 31.569 0
    endloop
  endfacet
  facet normal 0.595861 -0.803088 0
    outer loop
      vertex 88.6635 31.569 0
      vertex 88.8999 31.7444 4
      vertex 88.6635 31.569 4
    endloop
  endfacet
  facet normal 0.595861 -0.803088 0
    outer loop
      vertex 88.8999 31.7444 4
      vertex 88.6635 31.569 0
      vertex 88.8999 31.7444 0
    endloop
  endfacet
  facet normal 0.514096 -0.857733 0
    outer loop
      vertex 88.8999 31.7444 0
      vertex 89.1525 31.8958 4
      vertex 88.8999 31.7444 4
    endloop
  endfacet
  facet normal 0.514096 -0.857733 0
    outer loop
      vertex 89.1525 31.8958 4
      vertex 88.8999 31.7444 0
      vertex 89.1525 31.8958 0
    endloop
  endfacet
  facet normal 0.4274 -0.904063 0
    outer loop
      vertex 89.1525 31.8958 0
      vertex 89.4186 32.0216 4
      vertex 89.1525 31.8958 4
    endloop
  endfacet
  facet normal 0.4274 -0.904063 0
    outer loop
      vertex 89.4186 32.0216 4
      vertex 89.1525 31.8958 0
      vertex 89.4186 32.0216 0
    endloop
  endfacet
  facet normal 0.336939 -0.941527 0
    outer loop
      vertex 89.4186 32.0216 0
      vertex 89.6958 32.1208 4
      vertex 89.4186 32.0216 4
    endloop
  endfacet
  facet normal 0.336939 -0.941527 0
    outer loop
      vertex 89.6958 32.1208 4
      vertex 89.4186 32.0216 0
      vertex 89.6958 32.1208 0
    endloop
  endfacet
  facet normal 0.243175 -0.969982 0
    outer loop
      vertex 89.6958 32.1208 0
      vertex 89.9814 32.1924 4
      vertex 89.6958 32.1208 4
    endloop
  endfacet
  facet normal 0.243175 -0.969982 0
    outer loop
      vertex 89.9814 32.1924 4
      vertex 89.6958 32.1208 0
      vertex 89.9814 32.1924 0
    endloop
  endfacet
  facet normal 0.146413 -0.989224 0
    outer loop
      vertex 89.9814 32.1924 0
      vertex 90.2726 32.2355 4
      vertex 89.9814 32.1924 4
    endloop
  endfacet
  facet normal 0.146413 -0.989224 0
    outer loop
      vertex 90.2726 32.2355 4
      vertex 89.9814 32.1924 0
      vertex 90.2726 32.2355 0
    endloop
  endfacet
  facet normal 0.0492431 -0.998787 0
    outer loop
      vertex 90.2726 32.2355 0
      vertex 90.5667 32.25 4
      vertex 90.2726 32.2355 4
    endloop
  endfacet
  facet normal 0.0492431 -0.998787 0
    outer loop
      vertex 90.5667 32.25 4
      vertex 90.2726 32.2355 0
      vertex 90.5667 32.25 0
    endloop
  endfacet
  facet normal 0 -1 0
    outer loop
      vertex 90.5667 32.25 0
      vertex 114.35 32.25 4
      vertex 90.5667 32.25 4
    endloop
  endfacet
  facet normal 0 -1 -0
    outer loop
      vertex 114.35 32.25 4
      vertex 90.5667 32.25 0
      vertex 114.35 32.25 0
    endloop
  endfacet
  facet normal -0.0492599 -0.998786 0
    outer loop
      vertex 114.35 32.25 0
      vertex 114.644 32.2355 4
      vertex 114.35 32.25 4
    endloop
  endfacet
  facet normal -0.0492599 -0.998786 -0
    outer loop
      vertex 114.644 32.2355 4
      vertex 114.35 32.25 0
      vertex 114.644 32.2355 0
    endloop
  endfacet
  facet normal -0.146512 -0.989209 0
    outer loop
      vertex 114.644 32.2355 0
      vertex 114.935 32.1924 4
      vertex 114.644 32.2355 4
    endloop
  endfacet
  facet normal -0.146512 -0.989209 -0
    outer loop
      vertex 114.935 32.1924 4
      vertex 114.644 32.2355 0
      vertex 114.935 32.1924 0
    endloop
  endfacet
  facet normal -0.242855 -0.970063 0
    outer loop
      vertex 114.935 32.1924 0
      vertex 115.221 32.1208 4
      vertex 114.935 32.1924 4
    endloop
  endfacet
  facet normal -0.242855 -0.970063 -0
    outer loop
      vertex 115.221 32.1208 4
      vertex 114.935 32.1924 0
      vertex 115.221 32.1208 0
    endloop
  endfacet
  facet normal -0.337154 -0.941449 0
    outer loop
      vertex 115.221 32.1208 0
      vertex 115.498 32.0216 4
      vertex 115.221 32.1208 4
    endloop
  endfacet
  facet normal -0.337154 -0.941449 -0
    outer loop
      vertex 115.498 32.0216 4
      vertex 115.221 32.1208 0
      vertex 115.498 32.0216 0
    endloop
  endfacet
  facet normal -0.427531 -0.904001 0
    outer loop
      vertex 115.498 32.0216 0
      vertex 115.764 31.8958 4
      vertex 115.498 32.0216 4
    endloop
  endfacet
  facet normal -0.427531 -0.904001 -0
    outer loop
      vertex 115.764 31.8958 4
      vertex 115.498 32.0216 0
      vertex 115.764 31.8958 0
    endloop
  endfacet
  facet normal -0.513498 -0.858091 0
    outer loop
      vertex 115.764 31.8958 0
      vertex 116.017 31.7444 4
      vertex 115.764 31.8958 4
    endloop
  endfacet
  facet normal -0.513498 -0.858091 -0
    outer loop
      vertex 116.017 31.7444 4
      vertex 115.764 31.8958 0
      vertex 116.017 31.7444 0
    endloop
  endfacet
  facet normal -0.596512 -0.802604 0
    outer loop
      vertex 116.017 31.7444 0
      vertex 116.253 31.569 4
      vertex 116.017 31.7444 4
    endloop
  endfacet
  facet normal -0.596512 -0.802604 -0
    outer loop
      vertex 116.253 31.569 4
      vertex 116.017 31.7444 0
      vertex 116.253 31.569 0
    endloop
  endfacet
  facet normal -0.671776 -0.740754 0
    outer loop
      vertex 116.253 31.569 0
      vertex 116.471 31.3713 4
      vertex 116.253 31.569 4
    endloop
  endfacet
  facet normal -0.671776 -0.740754 -0
    outer loop
      vertex 116.471 31.3713 4
      vertex 116.253 31.569 0
      vertex 116.471 31.3713 0
    endloop
  endfacet
  facet normal -0.740401 -0.672166 0
    outer loop
      vertex 116.669 31.1532 0
      vertex 116.471 31.3713 4
      vertex 116.471 31.3713 0
    endloop
  endfacet
  facet normal -0.740401 -0.672166 0
    outer loop
      vertex 116.471 31.3713 4
      vertex 116.669 31.1532 0
      vertex 116.669 31.1532 4
    endloop
  endfacet
  facet normal -0.803858 -0.594821 0
    outer loop
      vertex 116.844 30.9167 0
      vertex 116.669 31.1532 4
      vertex 116.669 31.1532 0
    endloop
  endfacet
  facet normal -0.803858 -0.594821 0
    outer loop
      vertex 116.669 31.1532 4
      vertex 116.844 30.9167 0
      vertex 116.844 30.9167 4
    endloop
  endfacet
  facet normal -0.856744 -0.515743 0
    outer loop
      vertex 116.996 30.6642 0
      vertex 116.844 30.9167 4
      vertex 116.844 30.9167 0
    endloop
  endfacet
  facet normal -0.856744 -0.515743 0
    outer loop
      vertex 116.844 30.9167 4
      vertex 116.996 30.6642 0
      vertex 116.996 30.6642 4
    endloop
  endfacet
  facet normal -0.9038 -0.427955 0
    outer loop
      vertex 117.122 30.3981 0
      vertex 116.996 30.6642 4
      vertex 116.996 30.6642 0
    endloop
  endfacet
  facet normal -0.9038 -0.427955 0
    outer loop
      vertex 116.996 30.6642 4
      vertex 117.122 30.3981 0
      vertex 117.122 30.3981 4
    endloop
  endfacet
  facet normal -0.94178 -0.336229 0
    outer loop
      vertex 117.221 30.1208 0
      vertex 117.122 30.3981 4
      vertex 117.122 30.3981 0
    endloop
  endfacet
  facet normal -0.94178 -0.336229 0
    outer loop
      vertex 117.122 30.3981 4
      vertex 117.221 30.1208 0
      vertex 117.221 30.1208 4
    endloop
  endfacet
  facet normal -0.970442 -0.241336 0
    outer loop
      vertex 117.292 29.8353 0
      vertex 117.221 30.1208 4
      vertex 117.221 30.1208 0
    endloop
  endfacet
  facet normal -0.970442 -0.241336 0
    outer loop
      vertex 117.221 30.1208 4
      vertex 117.292 29.8353 0
      vertex 117.292 29.8353 4
    endloop
  endfacet
  facet normal -0.988776 -0.149403 0
    outer loop
      vertex 117.336 29.5441 0
      vertex 117.292 29.8353 4
      vertex 117.292 29.8353 0
    endloop
  endfacet
  facet normal -0.988776 -0.149403 0
    outer loop
      vertex 117.292 29.8353 4
      vertex 117.336 29.5441 0
      vertex 117.336 29.5441 4
    endloop
  endfacet
  facet normal -0.998869 -0.047549 0
    outer loop
      vertex 117.35 29.25 0
      vertex 117.336 29.5441 4
      vertex 117.336 29.5441 0
    endloop
  endfacet
  facet normal -0.998869 -0.047549 0
    outer loop
      vertex 117.336 29.5441 4
      vertex 117.35 29.25 0
      vertex 117.35 29.25 4
    endloop
  endfacet
  facet normal -1 0 0
    outer loop
      vertex 117.35 19 0
      vertex 117.35 29.25 4
      vertex 117.35 29.25 0
    endloop
  endfacet
  facet normal -1 -0 0
    outer loop
      vertex 117.35 29.25 4
      vertex 117.35 19 0
      vertex 117.35 19 4
    endloop
  endfacet
  facet normal -0.998869 0.047549 0
    outer loop
      vertex 117.336 18.7059 0
      vertex 117.35 19 4
      vertex 117.35 19 0
    endloop
  endfacet
  facet normal -0.998869 0.047549 0
    outer loop
      vertex 117.35 19 4
      vertex 117.336 18.7059 0
      vertex 117.336 18.7059 4
    endloop
  endfacet
  facet normal -0.988776 0.149403 0
    outer loop
      vertex 117.292 18.4147 0
      vertex 117.336 18.7059 4
      vertex 117.336 18.7059 0
    endloop
  endfacet
  facet normal -0.988776 0.149403 0
    outer loop
      vertex 117.336 18.7059 4
      vertex 117.292 18.4147 0
      vertex 117.292 18.4147 4
    endloop
  endfacet
  facet normal -0.970442 0.241336 0
    outer loop
      vertex 117.221 18.1292 0
      vertex 117.292 18.4147 4
      vertex 117.292 18.4147 0
    endloop
  endfacet
  facet normal -0.970442 0.241336 0
    outer loop
      vertex 117.292 18.4147 4
      vertex 117.221 18.1292 0
      vertex 117.221 18.1292 4
    endloop
  endfacet
  facet normal -0.94178 0.336229 0
    outer loop
      vertex 117.122 17.8519 0
      vertex 117.221 18.1292 4
      vertex 117.221 18.1292 0
    endloop
  endfacet
  facet normal -0.94178 0.336229 0
    outer loop
      vertex 117.221 18.1292 4
      vertex 117.122 17.8519 0
      vertex 117.122 17.8519 4
    endloop
  endfacet
  facet normal -0.9038 0.427955 0
    outer loop
      vertex 116.996 17.5858 0
      vertex 117.122 17.8519 4
      vertex 117.122 17.8519 0
    endloop
  endfacet
  facet normal -0.9038 0.427955 0
    outer loop
      vertex 117.122 17.8519 4
      vertex 116.996 17.5858 0
      vertex 116.996 17.5858 4
    endloop
  endfacet
  facet normal -0.856744 0.515743 0
    outer loop
      vertex 116.844 17.3333 0
      vertex 116.996 17.5858 4
      vertex 116.996 17.5858 0
    endloop
  endfacet
  facet normal -0.856744 0.515743 0
    outer loop
      vertex 116.996 17.5858 4
      vertex 116.844 17.3333 0
      vertex 116.844 17.3333 4
    endloop
  endfacet
  facet normal -0.803858 0.594821 0
    outer loop
      vertex 116.669 17.0968 0
      vertex 116.844 17.3333 4
      vertex 116.844 17.3333 0
    endloop
  endfacet
  facet normal -0.803858 0.594821 0
    outer loop
      vertex 116.844 17.3333 4
      vertex 116.669 17.0968 0
      vertex 116.669 17.0968 4
    endloop
  endfacet
  facet normal -0.740401 0.672166 0
    outer loop
      vertex 116.471 16.8787 0
      vertex 116.669 17.0968 4
      vertex 116.669 17.0968 0
    endloop
  endfacet
  facet normal -0.740401 0.672166 0
    outer loop
      vertex 116.669 17.0968 4
      vertex 116.471 16.8787 0
      vertex 116.471 16.8787 4
    endloop
  endfacet
  facet normal -0.671776 0.740754 0
    outer loop
      vertex 116.471 16.8787 0
      vertex 116.253 16.681 4
      vertex 116.471 16.8787 4
    endloop
  endfacet
  facet normal -0.671776 0.740754 0
    outer loop
      vertex 116.253 16.681 4
      vertex 116.471 16.8787 0
      vertex 116.253 16.681 0
    endloop
  endfacet
  facet normal -0.596512 0.802604 0
    outer loop
      vertex 116.253 16.681 0
      vertex 116.017 16.5056 4
      vertex 116.253 16.681 4
    endloop
  endfacet
  facet normal -0.596512 0.802604 0
    outer loop
      vertex 116.017 16.5056 4
      vertex 116.253 16.681 0
      vertex 116.017 16.5056 0
    endloop
  endfacet
  facet normal -0.513498 0.858091 0
    outer loop
      vertex 116.017 16.5056 0
      vertex 115.764 16.3542 4
      vertex 116.017 16.5056 4
    endloop
  endfacet
  facet normal -0.513498 0.858091 0
    outer loop
      vertex 115.764 16.3542 4
      vertex 116.017 16.5056 0
      vertex 115.764 16.3542 0
    endloop
  endfacet
  facet normal -0.427531 0.904001 0
    outer loop
      vertex 115.764 16.3542 0
      vertex 115.498 16.2284 4
      vertex 115.764 16.3542 4
    endloop
  endfacet
  facet normal -0.427531 0.904001 0
    outer loop
      vertex 115.498 16.2284 4
      vertex 115.764 16.3542 0
      vertex 115.498 16.2284 0
    endloop
  endfacet
  facet normal -0.337154 0.941449 0
    outer loop
      vertex 115.498 16.2284 0
      vertex 115.221 16.1292 4
      vertex 115.498 16.2284 4
    endloop
  endfacet
  facet normal -0.337154 0.941449 0
    outer loop
      vertex 115.221 16.1292 4
      vertex 115.498 16.2284 0
      vertex 115.221 16.1292 0
    endloop
  endfacet
  facet normal -0.242855 0.970063 0
    outer loop
      vertex 115.221 16.1292 0
      vertex 114.935 16.0576 4
      vertex 115.221 16.1292 4
    endloop
  endfacet
  facet normal -0.242855 0.970063 0
    outer loop
      vertex 114.935 16.0576 4
      vertex 115.221 16.1292 0
      vertex 114.935 16.0576 0
    endloop
  endfacet
  facet normal -0.146512 0.989209 0
    outer loop
      vertex 114.935 16.0576 0
      vertex 114.644 16.0145 4
      vertex 114.935 16.0576 4
    endloop
  endfacet
  facet normal -0.146512 0.989209 0
    outer loop
      vertex 114.644 16.0145 4
      vertex 114.935 16.0576 0
      vertex 114.644 16.0145 0
    endloop
  endfacet
  facet normal -0.0492599 0.998786 0
    outer loop
      vertex 114.644 16.0145 0
      vertex 114.35 16 4
      vertex 114.644 16.0145 4
    endloop
  endfacet
  facet normal -0.0492599 0.998786 0
    outer loop
      vertex 114.35 16 4
      vertex 114.644 16.0145 0
      vertex 114.35 16 0
    endloop
  endfacet
  facet normal 0 1 -0
    outer loop
      vertex 114.35 16 0
      vertex 90.5667 16 4
      vertex 114.35 16 4
    endloop
  endfacet
  facet normal 0 1 0
    outer loop
      vertex 90.5667 16 4
      vertex 114.35 16 0
      vertex 90.5667 16 0
    endloop
  endfacet
endsolid OpenSCAD_Model
